[debug] [2025-10-01T21:09:46.858Z] ----------------------------------------------------------------------
[debug] [2025-10-01T21:09:46.861Z] Command:       C:\Program Files\nodejs\node.exe C:\Users\fanel\AppData\Roaming\npm\node_modules\firebase-tools\lib\bin\firebase.js deploy --only firestore:rules,hosting,functions
[debug] [2025-10-01T21:09:46.862Z] CLI Version:   14.12.0
[debug] [2025-10-01T21:09:46.862Z] Platform:      win32
[debug] [2025-10-01T21:09:46.862Z] Node Version:  v24.5.0
[debug] [2025-10-01T21:09:46.862Z] Time:          Wed Oct 01 2025 23:09:46 GMT+0200 (South Africa Standard Time)
[debug] [2025-10-01T21:09:46.862Z] ----------------------------------------------------------------------
[debug] 
[debug] [2025-10-01T21:09:47.086Z] > command requires scopes: ["email","openid","https://www.googleapis.com/auth/cloudplatformprojects.readonly","https://www.googleapis.com/auth/firebase","https://www.googleapis.com/auth/cloud-platform"]
[debug] [2025-10-01T21:09:47.087Z] > authorizing via signed-in user (fanelesibonge50@gmail.com)
[debug] [2025-10-01T21:09:47.087Z] [iam] checking project end-of-time-94cd3 for permissions ["cloudfunctions.functions.create","cloudfunctions.functions.delete","cloudfunctions.functions.get","cloudfunctions.functions.list","cloudfunctions.functions.update","cloudfunctions.operations.get","datastore.indexes.create","datastore.indexes.delete","datastore.indexes.list","datastore.indexes.update","firebase.projects.get","firebasehosting.sites.update"]
[debug] [2025-10-01T21:09:47.088Z] Checked if tokens are valid: false, expires at: 1759338762897
[debug] [2025-10-01T21:09:47.088Z] Checked if tokens are valid: false, expires at: 1759338762897
[debug] [2025-10-01T21:09:47.088Z] > refreshing access token with scopes: []
[debug] [2025-10-01T21:09:47.090Z] >>> [apiv2][query] POST https://www.googleapis.com/oauth2/v3/token [none]
[debug] [2025-10-01T21:09:47.090Z] >>> [apiv2][body] POST https://www.googleapis.com/oauth2/v3/token [omitted]
[debug] [2025-10-01T21:09:47.532Z] <<< [apiv2][status] POST https://www.googleapis.com/oauth2/v3/token 200
[debug] [2025-10-01T21:09:47.532Z] <<< [apiv2][body] POST https://www.googleapis.com/oauth2/v3/token [omitted]
[debug] [2025-10-01T21:09:47.539Z] >>> [apiv2][query] POST https://cloudresourcemanager.googleapis.com/v1/projects/end-of-time-94cd3:testIamPermissions [none]
[debug] [2025-10-01T21:09:47.539Z] >>> [apiv2][(partial)header] POST https://cloudresourcemanager.googleapis.com/v1/projects/end-of-time-94cd3:testIamPermissions x-goog-quota-user=projects/end-of-time-94cd3
[debug] [2025-10-01T21:09:47.540Z] >>> [apiv2][body] POST https://cloudresourcemanager.googleapis.com/v1/projects/end-of-time-94cd3:testIamPermissions {"permissions":["cloudfunctions.functions.create","cloudfunctions.functions.delete","cloudfunctions.functions.get","cloudfunctions.functions.list","cloudfunctions.functions.update","cloudfunctions.operations.get","datastore.indexes.create","datastore.indexes.delete","datastore.indexes.list","datastore.indexes.update","firebase.projects.get","firebasehosting.sites.update"]}
[debug] [2025-10-01T21:09:49.331Z] <<< [apiv2][status] POST https://cloudresourcemanager.googleapis.com/v1/projects/end-of-time-94cd3:testIamPermissions 200
[debug] [2025-10-01T21:09:49.331Z] <<< [apiv2][body] POST https://cloudresourcemanager.googleapis.com/v1/projects/end-of-time-94cd3:testIamPermissions {"permissions":["cloudfunctions.functions.create","cloudfunctions.functions.delete","cloudfunctions.functions.get","cloudfunctions.functions.list","cloudfunctions.functions.update","cloudfunctions.operations.get","datastore.indexes.create","datastore.indexes.delete","datastore.indexes.list","datastore.indexes.update","firebase.projects.get","firebasehosting.sites.update"]}
[debug] [2025-10-01T21:09:49.331Z] Checked if tokens are valid: true, expires at: 1759356586532
[debug] [2025-10-01T21:09:49.332Z] Checked if tokens are valid: true, expires at: 1759356586532
[debug] [2025-10-01T21:09:49.332Z] >>> [apiv2][query] POST https://iam.googleapis.com/v1/projects/end-of-time-94cd3/serviceAccounts/end-of-time-94cd3@appspot.gserviceaccount.com:testIamPermissions [none]
[debug] [2025-10-01T21:09:49.332Z] >>> [apiv2][body] POST https://iam.googleapis.com/v1/projects/end-of-time-94cd3/serviceAccounts/end-of-time-94cd3@appspot.gserviceaccount.com:testIamPermissions {"permissions":["iam.serviceAccounts.actAs"]}
[debug] [2025-10-01T21:09:51.129Z] <<< [apiv2][status] POST https://iam.googleapis.com/v1/projects/end-of-time-94cd3/serviceAccounts/end-of-time-94cd3@appspot.gserviceaccount.com:testIamPermissions 200
[debug] [2025-10-01T21:09:51.129Z] <<< [apiv2][body] POST https://iam.googleapis.com/v1/projects/end-of-time-94cd3/serviceAccounts/end-of-time-94cd3@appspot.gserviceaccount.com:testIamPermissions {"permissions":["iam.serviceAccounts.actAs"]}
[debug] [2025-10-01T21:09:51.130Z] Checked if tokens are valid: true, expires at: 1759356586532
[debug] [2025-10-01T21:09:51.131Z] Checked if tokens are valid: true, expires at: 1759356586532
[debug] [2025-10-01T21:09:51.131Z] >>> [apiv2][query] GET https://firebase.googleapis.com/v1beta1/projects/end-of-time-94cd3 [none]
[debug] [2025-10-01T21:09:51.700Z] <<< [apiv2][status] GET https://firebase.googleapis.com/v1beta1/projects/end-of-time-94cd3 200
[debug] [2025-10-01T21:09:51.700Z] <<< [apiv2][body] GET https://firebase.googleapis.com/v1beta1/projects/end-of-time-94cd3 {"projectId":"end-of-time-94cd3","projectNumber":"628602476853","displayName":"End of Time","name":"projects/end-of-time-94cd3","resources":{"hostingSite":"end-of-time-94cd3"},"state":"ACTIVE","etag":"1_89cdfba8-2370-4ea1-b19c-81562d064c47"}
[info] 
[info] === Deploying to 'end-of-time-94cd3'...
[info] 
[info] i  deploying firestore, functions, hosting 
[info] i  firestore: reading indexes from firestore.indexes.json... 
[info] i  cloud.firestore: checking firestore-rules.txt for compilation errors... 
[debug] [2025-10-01T21:09:51.704Z] Checked if tokens are valid: true, expires at: 1759356586532
[debug] [2025-10-01T21:09:51.705Z] Checked if tokens are valid: true, expires at: 1759356586532
[debug] [2025-10-01T21:09:51.705Z] >>> [apiv2][query] POST https://firebaserules.googleapis.com/v1/projects/end-of-time-94cd3:test [none]
[debug] [2025-10-01T21:09:51.705Z] >>> [apiv2][body] POST https://firebaserules.googleapis.com/v1/projects/end-of-time-94cd3:test [omitted]
[debug] [2025-10-01T21:09:52.883Z] <<< [apiv2][status] POST https://firebaserules.googleapis.com/v1/projects/end-of-time-94cd3:test 200
[debug] [2025-10-01T21:09:52.883Z] <<< [apiv2][body] POST https://firebaserules.googleapis.com/v1/projects/end-of-time-94cd3:test {}
[info] +  cloud.firestore: rules file firestore-rules.txt compiled successfully 
[debug] [2025-10-01T21:09:52.884Z] Checked if tokens are valid: true, expires at: 1759356586532
[debug] [2025-10-01T21:09:52.885Z] Checked if tokens are valid: true, expires at: 1759356586532
[debug] [2025-10-01T21:09:52.885Z] >>> [apiv2][query] GET https://cloudresourcemanager.googleapis.com/v1/projects/end-of-time-94cd3 [none]
[debug] [2025-10-01T21:09:53.385Z] <<< [apiv2][status] GET https://cloudresourcemanager.googleapis.com/v1/projects/end-of-time-94cd3 200
[debug] [2025-10-01T21:09:53.385Z] <<< [apiv2][body] GET https://cloudresourcemanager.googleapis.com/v1/projects/end-of-time-94cd3 {"projectNumber":"628602476853","projectId":"end-of-time-94cd3","lifecycleState":"ACTIVE","name":"End of Time","labels":{"firebase":"enabled","firebase-core":"disabled"},"createTime":"2025-08-07T11:37:20.813282Z"}
[info] i  functions: preparing codebase default for deployment 
[info] i  functions: ensuring required API cloudfunctions.googleapis.com is enabled... 
[info] i  functions: ensuring required API cloudbuild.googleapis.com is enabled... 
[info] i  artifactregistry: ensuring required API artifactregistry.googleapis.com is enabled... 
[debug] [2025-10-01T21:09:53.387Z] Checked if tokens are valid: true, expires at: 1759356586532
[debug] [2025-10-01T21:09:53.387Z] Checked if tokens are valid: true, expires at: 1759356586532
[debug] [2025-10-01T21:09:53.387Z] >>> [apiv2][query] GET https://firebase.googleapis.com/v1beta1/projects/end-of-time-94cd3/adminSdkConfig [none]
[debug] [2025-10-01T21:09:53.737Z] <<< [apiv2][status] GET https://firebase.googleapis.com/v1beta1/projects/end-of-time-94cd3/adminSdkConfig 200
[debug] [2025-10-01T21:09:53.737Z] <<< [apiv2][body] GET https://firebase.googleapis.com/v1beta1/projects/end-of-time-94cd3/adminSdkConfig {"projectId":"end-of-time-94cd3","storageBucket":"end-of-time-94cd3.firebasestorage.app"}
[debug] [2025-10-01T21:09:53.737Z] Checked if tokens are valid: true, expires at: 1759356586532
[debug] [2025-10-01T21:09:53.738Z] Checked if tokens are valid: true, expires at: 1759356586532
[debug] [2025-10-01T21:09:53.738Z] >>> [apiv2][query] GET https://runtimeconfig.googleapis.com/v1beta1/projects/end-of-time-94cd3/configs [none]
[debug] [2025-10-01T21:09:54.584Z] <<< [apiv2][status] GET https://runtimeconfig.googleapis.com/v1beta1/projects/end-of-time-94cd3/configs 200
[debug] [2025-10-01T21:09:54.584Z] <<< [apiv2][body] GET https://runtimeconfig.googleapis.com/v1beta1/projects/end-of-time-94cd3/configs {"configs":[{"name":"projects/end-of-time-94cd3/configs/email"}]}
[debug] [2025-10-01T21:09:54.585Z] Checked if tokens are valid: true, expires at: 1759356586532
[debug] [2025-10-01T21:09:54.585Z] Checked if tokens are valid: true, expires at: 1759356586532
[debug] [2025-10-01T21:09:54.585Z] >>> [apiv2][query] GET https://runtimeconfig.googleapis.com/v1beta1/projects/end-of-time-94cd3/configs/email/variables [none]
[debug] [2025-10-01T21:09:54.926Z] <<< [apiv2][status] GET https://runtimeconfig.googleapis.com/v1beta1/projects/end-of-time-94cd3/configs/email/variables 200
[debug] [2025-10-01T21:09:54.927Z] <<< [apiv2][body] GET https://runtimeconfig.googleapis.com/v1beta1/projects/end-of-time-94cd3/configs/email/variables {"variables":[{"name":"projects/end-of-time-94cd3/configs/email/variables/pass","updateTime":"2025-08-15T10:58:03.038240785Z"},{"name":"projects/end-of-time-94cd3/configs/email/variables/user","updateTime":"2025-08-15T10:57:09.375568404Z"}]}
[debug] [2025-10-01T21:09:54.927Z] Checked if tokens are valid: true, expires at: 1759356586532
[debug] [2025-10-01T21:09:54.927Z] Checked if tokens are valid: true, expires at: 1759356586532
[debug] [2025-10-01T21:09:54.927Z] Checked if tokens are valid: true, expires at: 1759356586532
[debug] [2025-10-01T21:09:54.927Z] Checked if tokens are valid: true, expires at: 1759356586532
[debug] [2025-10-01T21:09:54.927Z] >>> [apiv2][query] GET https://runtimeconfig.googleapis.com/v1beta1/projects/end-of-time-94cd3/configs/email/variables/pass [none]
[debug] [2025-10-01T21:09:54.928Z] >>> [apiv2][query] GET https://runtimeconfig.googleapis.com/v1beta1/projects/end-of-time-94cd3/configs/email/variables/user [none]
[debug] [2025-10-01T21:09:55.293Z] <<< [apiv2][status] GET https://runtimeconfig.googleapis.com/v1beta1/projects/end-of-time-94cd3/configs/email/variables/pass 200
[debug] [2025-10-01T21:09:55.293Z] <<< [apiv2][body] GET https://runtimeconfig.googleapis.com/v1beta1/projects/end-of-time-94cd3/configs/email/variables/pass {"name":"projects/end-of-time-94cd3/configs/email/variables/pass","updateTime":"2025-08-15T10:58:03.038240785Z","text":"znpv nfbd lerz mhbi"}
[debug] [2025-10-01T21:09:55.465Z] <<< [apiv2][status] GET https://runtimeconfig.googleapis.com/v1beta1/projects/end-of-time-94cd3/configs/email/variables/user 200
[debug] [2025-10-01T21:09:55.465Z] <<< [apiv2][body] GET https://runtimeconfig.googleapis.com/v1beta1/projects/end-of-time-94cd3/configs/email/variables/user {"name":"projects/end-of-time-94cd3/configs/email/variables/user","updateTime":"2025-08-15T10:57:09.375568404Z","text":"fanelesibonge50@gmail.com"}
[debug] [2025-10-01T21:09:55.467Z] Validating nodejs source
[warn] !  functions: Runtime Node.js 18 was deprecated on 2025-04-30 and will be decommissioned on 2025-10-30, after which you will not be able to deploy without upgrading. Consider upgrading now to avoid disruption. See https://cloud.google.com/functions/docs/runtime-support for full details on the lifecycle policy 
[warn] !  functions: package.json indicates an outdated version of firebase-functions. Please upgrade using npm install --save firebase-functions@latest in your functions directory. 
[warn] !  functions: Please note that there will be breaking changes when you upgrade. 
[debug] [2025-10-01T21:09:56.822Z] > [functions] package.json contents: {
  "name": "end-of-time-functions",
  "engines": {
    "node": "18"
  },
  "main": "index.js",
  "scripts": {
    "build": "tsc -p .",
    "deploy": "npm run build && firebase deploy --only functions"
  },
  "dependencies": {
    "firebase-admin": "^11.11.0",
    "firebase-functions": "^4.4.0",
    "node-fetch": "^3.3.2",
    "nodemailer": "^7.0.5"
  },
  "devDependencies": {
    "typescript": "^5.4.0"
  }
}
[debug] [2025-10-01T21:09:56.822Z] Building nodejs source
[info] i  functions: Loading and analyzing source code for codebase default to determine what to deploy 
[info] i  functions: You are using a version of firebase-functions SDK (4.9.0) that does not have support for the newest Firebase Extensions features. Please update firebase-functions SDK to >=5.1.0 to use them correctly 
[debug] [2025-10-01T21:09:56.824Z] Could not find functions.yaml. Must use http discovery
[debug] [2025-10-01T21:09:56.834Z] Found firebase-functions binary at 'c:\Users\fanel\Videos\Web App (End of Time)\VideoProc Converter - Copy - Copy - Copy (2) - Copy - Copy\functions\node_modules\.bin\firebase-functions'
[info] Serving at port 8668

[debug] [2025-10-01T21:09:57.602Z] Got response from /__/functions.yaml {"endpoints":{"onInteractionCreate":{"platform":"gcfv1","availableMemoryMb":null,"timeoutSeconds":null,"minInstances":null,"maxInstances":null,"ingressSettings":null,"serviceAccountEmail":null,"vpc":null,"eventTrigger":{"eventType":"providers/cloud.firestore/eventTypes/document.create","eventFilters":{"resource":"projects/end-of-time-94cd3/databases/(default)/documents/prayers/{prayerId}/interactions/{interactionId}"},"retry":false},"labels":{},"entryPoint":"onInteractionCreate"},"sendEmailNotification":{"platform":"gcfv1","availableMemoryMb":null,"timeoutSeconds":null,"minInstances":null,"maxInstances":null,"ingressSettings":null,"serviceAccountEmail":null,"vpc":null,"eventTrigger":{"eventType":"providers/cloud.firestore/eventTypes/document.create","eventFilters":{"resource":"projects/end-of-time-94cd3/databases/(default)/documents/emailQueue/{docId}"},"retry":false},"labels":{},"entryPoint":"sendEmailNotification"}},"specVersion":"v1alpha1","requiredAPIs":[]}
[info] i  functions: preparing functions directory for uploading... 
[info] i  functions: packaged c:\Users\fanel\Videos\Web App (End of Time)\VideoProc Converter - Copy - Copy - Copy (2) - Copy - Copy\functions (43.41 KB) for uploading 
[debug] [2025-10-01T21:10:01.676Z] Checked if tokens are valid: true, expires at: 1759356586532
[debug] [2025-10-01T21:10:01.676Z] Checked if tokens are valid: true, expires at: 1759356586532
[debug] [2025-10-01T21:10:01.676Z] >>> [apiv2][query] GET https://cloudfunctions.googleapis.com/v1/projects/end-of-time-94cd3/locations/-/functions [none]
[debug] [2025-10-01T21:10:03.815Z] <<< [apiv2][status] GET https://cloudfunctions.googleapis.com/v1/projects/end-of-time-94cd3/locations/-/functions 200
[debug] [2025-10-01T21:10:03.815Z] <<< [apiv2][body] GET https://cloudfunctions.googleapis.com/v1/projects/end-of-time-94cd3/locations/-/functions {}
[debug] [2025-10-01T21:10:03.815Z] Checked if tokens are valid: true, expires at: 1759356586532
[debug] [2025-10-01T21:10:03.816Z] Checked if tokens are valid: true, expires at: 1759356586532
[debug] [2025-10-01T21:10:03.816Z] >>> [apiv2][query] GET https://cloudfunctions.googleapis.com/v2/projects/end-of-time-94cd3/locations/-/functions filter=environment%3D%22GEN_2%22
[debug] [2025-10-01T21:10:06.064Z] <<< [apiv2][status] GET https://cloudfunctions.googleapis.com/v2/projects/end-of-time-94cd3/locations/-/functions 200
[debug] [2025-10-01T21:10:06.064Z] <<< [apiv2][body] GET https://cloudfunctions.googleapis.com/v2/projects/end-of-time-94cd3/locations/-/functions {"functions":[{"name":"projects/end-of-time-94cd3/locations/us-central1/functions/onInteractionCreate","buildConfig":{"build":"projects/628602476853/locations/us-central1/builds/d28fec1e-2a5f-4d34-b565-6748b63e8bc7","runtime":"nodejs20","entryPoint":"onInteractionCreate","source":{"storageSource":{"bucket":"gcf-v2-sources-628602476853-us-central1","object":"onInteractionCreate/function-source.zip","generation":"1759323737984811"}},"environmentVariables":{"GOOGLE_NODE_RUN_SCRIPTS":""},"dockerRepository":"projects/end-of-time-94cd3/locations/us-central1/repositories/gcf-artifacts","sourceProvenance":{"resolvedStorageSource":{"bucket":"gcf-v2-sources-628602476853-us-central1","object":"onInteractionCreate/function-source.zip","generation":"1759323737984811"}},"dockerRegistry":"ARTIFACT_REGISTRY","serviceAccount":"projects/end-of-time-94cd3/serviceAccounts/628602476853-compute@developer.gserviceaccount.com","automaticUpdatePolicy":{}},"serviceConfig":{"service":"projects/end-of-time-94cd3/locations/us-central1/services/oninteractioncreate","timeoutSeconds":60,"environmentVariables":{"FIREBASE_CONFIG":"{\"projectId\":\"end-of-time-94cd3\",\"storageBucket\":\"end-of-time-94cd3.firebasestorage.app\"}","GCLOUD_PROJECT":"end-of-time-94cd3","EVENTARC_CLOUD_EVENT_SOURCE":"projects/end-of-time-94cd3/locations/us-central1/services/onInteractionCreate","FUNCTION_SIGNATURE_TYPE":"cloudevent","FUNCTION_TARGET":"onInteractionCreate","LOG_EXECUTION_ID":"true"},"maxInstanceCount":20,"ingressSettings":"ALLOW_ALL","uri":"https://oninteractioncreate-rvcuhoocya-uc.a.run.app","serviceAccountEmail":"628602476853-compute@developer.gserviceaccount.com","availableMemory":"256Mi","allTrafficOnLatestRevision":true,"revision":"oninteractioncreate-00002-gaz","maxInstanceRequestConcurrency":80,"availableCpu":"1"},"eventTrigger":{"trigger":"projects/end-of-time-94cd3/locations/africa-south1/triggers/oninteractioncreate-479781","triggerRegion":"africa-south1","eventType":"google.cloud.firestore.document.v1.created","eventFilters":[{"attribute":"namespace","value":"(default)"},{"attribute":"document","value":"prayers/{prayerId}/interactions/{interactionId}","operator":"match-path-pattern"},{"attribute":"database","value":"(default)"}],"pubsubTopic":"projects/end-of-time-94cd3/topics/eventarc-africa-south1-oninteractioncreate-479781-469","serviceAccountEmail":"628602476853-compute@developer.gserviceaccount.com","retryPolicy":"RETRY_POLICY_DO_NOT_RETRY"},"state":"ACTIVE","updateTime":"2025-10-01T13:03:37.611673870Z","labels":{"deployment-tool":"cli-firebase","firebase-functions-hash":"7ef968b6a2483ffda63cd83d643fe28277e2c125"},"environment":"GEN_2","url":"https://us-central1-end-of-time-94cd3.cloudfunctions.net/onInteractionCreate","createTime":"2025-10-01T09:13:44.568352042Z","satisfiesPzi":true},{"name":"projects/end-of-time-94cd3/locations/us-central1/functions/submitScore","buildConfig":{"build":"projects/628602476853/locations/us-central1/builds/d28fec1e-2a5f-4d34-b565-6748b63e8bc7","runtime":"nodejs20","entryPoint":"submitScore","source":{"storageSource":{"bucket":"gcf-v2-sources-628602476853-us-central1","object":"submitScore/function-source.zip","generation":"1759323813352212"}},"environmentVariables":{"GOOGLE_NODE_RUN_SCRIPTS":""},"dockerRepository":"projects/end-of-time-94cd3/locations/us-central1/repositories/gcf-artifacts","sourceProvenance":{"resolvedStorageSource":{"bucket":"gcf-v2-sources-628602476853-us-central1","object":"submitScore/function-source.zip","generation":"1759323813352212"}},"dockerRegistry":"ARTIFACT_REGISTRY","serviceAccount":"projects/end-of-time-94cd3/serviceAccounts/628602476853-compute@developer.gserviceaccount.com","automaticUpdatePolicy":{}},"serviceConfig":{"service":"projects/end-of-time-94cd3/locations/us-central1/services/submitscore","timeoutSeconds":60,"environmentVariables":{"FIREBASE_CONFIG":"{\"projectId\":\"end-of-time-94cd3\",\"storageBucket\":\"end-of-time-94cd3.firebasestorage.app\"}","GCLOUD_PROJECT":"end-of-time-94cd3","EVENTARC_CLOUD_EVENT_SOURCE":"projects/end-of-time-94cd3/locations/us-central1/services/submitScore","FUNCTION_TARGET":"submitScore","LOG_EXECUTION_ID":"true","FUNCTION_SIGNATURE_TYPE":"http"},"maxInstanceCount":20,"ingressSettings":"ALLOW_ALL","uri":"https://submitscore-rvcuhoocya-uc.a.run.app","serviceAccountEmail":"628602476853-compute@developer.gserviceaccount.com","availableMemory":"256Mi","allTrafficOnLatestRevision":true,"revision":"submitscore-00002-bap","maxInstanceRequestConcurrency":80,"availableCpu":"1"},"state":"ACTIVE","updateTime":"2025-10-01T13:03:40.805580892Z","labels":{"deployment-tool":"cli-firebase","deployment-callable":"true","firebase-functions-hash":"7ef968b6a2483ffda63cd83d643fe28277e2c125"},"environment":"GEN_2","url":"https://us-central1-end-of-time-94cd3.cloudfunctions.net/submitScore","createTime":"2025-10-01T09:14:38.869077614Z","satisfiesPzi":true}]}
[error] 
[error] Error: Cannot set CPU on the functions onInteractionCreate because they are GCF gen 1
[debug] [2025-10-01T21:16:52.212Z] ----------------------------------------------------------------------
[debug] [2025-10-01T21:16:52.214Z] Command:       C:\Program Files\nodejs\node.exe C:\Users\fanel\AppData\Roaming\npm\node_modules\firebase-tools\lib\bin\firebase.js deploy --only firestore:rules,hosting,functions
[debug] [2025-10-01T21:16:52.214Z] CLI Version:   14.12.0
[debug] [2025-10-01T21:16:52.214Z] Platform:      win32
[debug] [2025-10-01T21:16:52.215Z] Node Version:  v24.5.0
[debug] [2025-10-01T21:16:52.215Z] Time:          Wed Oct 01 2025 23:16:52 GMT+0200 (South Africa Standard Time)
[debug] [2025-10-01T21:16:52.215Z] ----------------------------------------------------------------------
[debug] 
[debug] [2025-10-01T21:16:52.376Z] > command requires scopes: ["email","openid","https://www.googleapis.com/auth/cloudplatformprojects.readonly","https://www.googleapis.com/auth/firebase","https://www.googleapis.com/auth/cloud-platform"]
[debug] [2025-10-01T21:16:52.377Z] > authorizing via signed-in user (fanelesibonge50@gmail.com)
[debug] [2025-10-01T21:16:52.377Z] [iam] checking project end-of-time-94cd3 for permissions ["cloudfunctions.functions.create","cloudfunctions.functions.delete","cloudfunctions.functions.get","cloudfunctions.functions.list","cloudfunctions.functions.update","cloudfunctions.operations.get","datastore.indexes.create","datastore.indexes.delete","datastore.indexes.list","datastore.indexes.update","firebase.projects.get","firebasehosting.sites.update"]
[debug] [2025-10-01T21:16:52.378Z] Checked if tokens are valid: true, expires at: 1759356586532
[debug] [2025-10-01T21:16:52.378Z] Checked if tokens are valid: true, expires at: 1759356586532
[debug] [2025-10-01T21:16:52.379Z] >>> [apiv2][query] POST https://cloudresourcemanager.googleapis.com/v1/projects/end-of-time-94cd3:testIamPermissions [none]
[debug] [2025-10-01T21:16:52.379Z] >>> [apiv2][(partial)header] POST https://cloudresourcemanager.googleapis.com/v1/projects/end-of-time-94cd3:testIamPermissions x-goog-quota-user=projects/end-of-time-94cd3
[debug] [2025-10-01T21:16:52.379Z] >>> [apiv2][body] POST https://cloudresourcemanager.googleapis.com/v1/projects/end-of-time-94cd3:testIamPermissions {"permissions":["cloudfunctions.functions.create","cloudfunctions.functions.delete","cloudfunctions.functions.get","cloudfunctions.functions.list","cloudfunctions.functions.update","cloudfunctions.operations.get","datastore.indexes.create","datastore.indexes.delete","datastore.indexes.list","datastore.indexes.update","firebase.projects.get","firebasehosting.sites.update"]}
[debug] [2025-10-01T21:16:54.196Z] <<< [apiv2][status] POST https://cloudresourcemanager.googleapis.com/v1/projects/end-of-time-94cd3:testIamPermissions 200
[debug] [2025-10-01T21:16:54.196Z] <<< [apiv2][body] POST https://cloudresourcemanager.googleapis.com/v1/projects/end-of-time-94cd3:testIamPermissions {"permissions":["cloudfunctions.functions.create","cloudfunctions.functions.delete","cloudfunctions.functions.get","cloudfunctions.functions.list","cloudfunctions.functions.update","cloudfunctions.operations.get","datastore.indexes.create","datastore.indexes.delete","datastore.indexes.list","datastore.indexes.update","firebase.projects.get","firebasehosting.sites.update"]}
[debug] [2025-10-01T21:16:54.196Z] Checked if tokens are valid: true, expires at: 1759356586532
[debug] [2025-10-01T21:16:54.196Z] Checked if tokens are valid: true, expires at: 1759356586532
[debug] [2025-10-01T21:16:54.197Z] >>> [apiv2][query] POST https://iam.googleapis.com/v1/projects/end-of-time-94cd3/serviceAccounts/end-of-time-94cd3@appspot.gserviceaccount.com:testIamPermissions [none]
[debug] [2025-10-01T21:16:54.197Z] >>> [apiv2][body] POST https://iam.googleapis.com/v1/projects/end-of-time-94cd3/serviceAccounts/end-of-time-94cd3@appspot.gserviceaccount.com:testIamPermissions {"permissions":["iam.serviceAccounts.actAs"]}
[debug] [2025-10-01T21:16:54.870Z] <<< [apiv2][status] POST https://iam.googleapis.com/v1/projects/end-of-time-94cd3/serviceAccounts/end-of-time-94cd3@appspot.gserviceaccount.com:testIamPermissions 200
[debug] [2025-10-01T21:16:54.871Z] <<< [apiv2][body] POST https://iam.googleapis.com/v1/projects/end-of-time-94cd3/serviceAccounts/end-of-time-94cd3@appspot.gserviceaccount.com:testIamPermissions {"permissions":["iam.serviceAccounts.actAs"]}
[debug] [2025-10-01T21:16:54.871Z] Checked if tokens are valid: true, expires at: 1759356586532
[debug] [2025-10-01T21:16:54.871Z] Checked if tokens are valid: true, expires at: 1759356586532
[debug] [2025-10-01T21:16:54.872Z] >>> [apiv2][query] GET https://firebase.googleapis.com/v1beta1/projects/end-of-time-94cd3 [none]
[debug] [2025-10-01T21:16:55.432Z] <<< [apiv2][status] GET https://firebase.googleapis.com/v1beta1/projects/end-of-time-94cd3 200
[debug] [2025-10-01T21:16:55.433Z] <<< [apiv2][body] GET https://firebase.googleapis.com/v1beta1/projects/end-of-time-94cd3 {"projectId":"end-of-time-94cd3","projectNumber":"628602476853","displayName":"End of Time","name":"projects/end-of-time-94cd3","resources":{"hostingSite":"end-of-time-94cd3"},"state":"ACTIVE","etag":"1_89cdfba8-2370-4ea1-b19c-81562d064c47"}
[info] 
[info] === Deploying to 'end-of-time-94cd3'...
[info] 
[info] i  deploying firestore, functions, hosting 
[info] i  firestore: reading indexes from firestore.indexes.json... 
[info] i  cloud.firestore: checking firestore-rules.txt for compilation errors... 
[debug] [2025-10-01T21:16:55.436Z] Checked if tokens are valid: true, expires at: 1759356586532
[debug] [2025-10-01T21:16:55.437Z] Checked if tokens are valid: true, expires at: 1759356586532
[debug] [2025-10-01T21:16:55.437Z] >>> [apiv2][query] POST https://firebaserules.googleapis.com/v1/projects/end-of-time-94cd3:test [none]
[debug] [2025-10-01T21:16:55.437Z] >>> [apiv2][body] POST https://firebaserules.googleapis.com/v1/projects/end-of-time-94cd3:test [omitted]
[debug] [2025-10-01T21:16:56.624Z] <<< [apiv2][status] POST https://firebaserules.googleapis.com/v1/projects/end-of-time-94cd3:test 200
[debug] [2025-10-01T21:16:56.624Z] <<< [apiv2][body] POST https://firebaserules.googleapis.com/v1/projects/end-of-time-94cd3:test {}
[info] +  cloud.firestore: rules file firestore-rules.txt compiled successfully 
[debug] [2025-10-01T21:16:56.626Z] Checked if tokens are valid: true, expires at: 1759356586532
[debug] [2025-10-01T21:16:56.626Z] Checked if tokens are valid: true, expires at: 1759356586532
[debug] [2025-10-01T21:16:56.626Z] >>> [apiv2][query] GET https://cloudresourcemanager.googleapis.com/v1/projects/end-of-time-94cd3 [none]
[debug] [2025-10-01T21:16:56.958Z] <<< [apiv2][status] GET https://cloudresourcemanager.googleapis.com/v1/projects/end-of-time-94cd3 200
[debug] [2025-10-01T21:16:56.958Z] <<< [apiv2][body] GET https://cloudresourcemanager.googleapis.com/v1/projects/end-of-time-94cd3 {"projectNumber":"628602476853","projectId":"end-of-time-94cd3","lifecycleState":"ACTIVE","name":"End of Time","labels":{"firebase":"enabled","firebase-core":"disabled"},"createTime":"2025-08-07T11:37:20.813282Z"}
[info] i  functions: preparing codebase default for deployment 
[info] i  functions: ensuring required API cloudfunctions.googleapis.com is enabled... 
[info] i  functions: ensuring required API cloudbuild.googleapis.com is enabled... 
[info] i  artifactregistry: ensuring required API artifactregistry.googleapis.com is enabled... 
[debug] [2025-10-01T21:16:56.960Z] Checked if tokens are valid: true, expires at: 1759356586532
[debug] [2025-10-01T21:16:56.960Z] Checked if tokens are valid: true, expires at: 1759356586532
[debug] [2025-10-01T21:16:56.960Z] >>> [apiv2][query] GET https://firebase.googleapis.com/v1beta1/projects/end-of-time-94cd3/adminSdkConfig [none]
[debug] [2025-10-01T21:16:57.299Z] <<< [apiv2][status] GET https://firebase.googleapis.com/v1beta1/projects/end-of-time-94cd3/adminSdkConfig 200
[debug] [2025-10-01T21:16:57.299Z] <<< [apiv2][body] GET https://firebase.googleapis.com/v1beta1/projects/end-of-time-94cd3/adminSdkConfig {"projectId":"end-of-time-94cd3","storageBucket":"end-of-time-94cd3.firebasestorage.app"}
[debug] [2025-10-01T21:16:57.300Z] Checked if tokens are valid: true, expires at: 1759356586532
[debug] [2025-10-01T21:16:57.300Z] Checked if tokens are valid: true, expires at: 1759356586532
[debug] [2025-10-01T21:16:57.300Z] >>> [apiv2][query] GET https://runtimeconfig.googleapis.com/v1beta1/projects/end-of-time-94cd3/configs [none]
[debug] [2025-10-01T21:16:58.015Z] <<< [apiv2][status] GET https://runtimeconfig.googleapis.com/v1beta1/projects/end-of-time-94cd3/configs 200
[debug] [2025-10-01T21:16:58.016Z] <<< [apiv2][body] GET https://runtimeconfig.googleapis.com/v1beta1/projects/end-of-time-94cd3/configs {"configs":[{"name":"projects/end-of-time-94cd3/configs/email"}]}
[debug] [2025-10-01T21:16:58.016Z] Checked if tokens are valid: true, expires at: 1759356586532
[debug] [2025-10-01T21:16:58.016Z] Checked if tokens are valid: true, expires at: 1759356586532
[debug] [2025-10-01T21:16:58.016Z] >>> [apiv2][query] GET https://runtimeconfig.googleapis.com/v1beta1/projects/end-of-time-94cd3/configs/email/variables [none]
[debug] [2025-10-01T21:16:58.360Z] <<< [apiv2][status] GET https://runtimeconfig.googleapis.com/v1beta1/projects/end-of-time-94cd3/configs/email/variables 200
[debug] [2025-10-01T21:16:58.361Z] <<< [apiv2][body] GET https://runtimeconfig.googleapis.com/v1beta1/projects/end-of-time-94cd3/configs/email/variables {"variables":[{"name":"projects/end-of-time-94cd3/configs/email/variables/user","updateTime":"2025-08-15T10:57:09.375568404Z"},{"name":"projects/end-of-time-94cd3/configs/email/variables/pass","updateTime":"2025-08-15T10:58:03.038240785Z"}]}
[debug] [2025-10-01T21:16:58.361Z] Checked if tokens are valid: true, expires at: 1759356586532
[debug] [2025-10-01T21:16:58.361Z] Checked if tokens are valid: true, expires at: 1759356586532
[debug] [2025-10-01T21:16:58.361Z] Checked if tokens are valid: true, expires at: 1759356586532
[debug] [2025-10-01T21:16:58.361Z] Checked if tokens are valid: true, expires at: 1759356586532
[debug] [2025-10-01T21:16:58.361Z] >>> [apiv2][query] GET https://runtimeconfig.googleapis.com/v1beta1/projects/end-of-time-94cd3/configs/email/variables/user [none]
[debug] [2025-10-01T21:16:58.362Z] >>> [apiv2][query] GET https://runtimeconfig.googleapis.com/v1beta1/projects/end-of-time-94cd3/configs/email/variables/pass [none]
[debug] [2025-10-01T21:16:58.715Z] <<< [apiv2][status] GET https://runtimeconfig.googleapis.com/v1beta1/projects/end-of-time-94cd3/configs/email/variables/user 200
[debug] [2025-10-01T21:16:58.715Z] <<< [apiv2][body] GET https://runtimeconfig.googleapis.com/v1beta1/projects/end-of-time-94cd3/configs/email/variables/user {"name":"projects/end-of-time-94cd3/configs/email/variables/user","updateTime":"2025-08-15T10:57:09.375568404Z","text":"fanelesibonge50@gmail.com"}
[debug] [2025-10-01T21:16:58.898Z] <<< [apiv2][status] GET https://runtimeconfig.googleapis.com/v1beta1/projects/end-of-time-94cd3/configs/email/variables/pass 200
[debug] [2025-10-01T21:16:58.898Z] <<< [apiv2][body] GET https://runtimeconfig.googleapis.com/v1beta1/projects/end-of-time-94cd3/configs/email/variables/pass {"name":"projects/end-of-time-94cd3/configs/email/variables/pass","updateTime":"2025-08-15T10:58:03.038240785Z","text":"znpv nfbd lerz mhbi"}
[debug] [2025-10-01T21:16:58.900Z] Validating nodejs source
[warn] !  functions: Runtime Node.js 18 was deprecated on 2025-04-30 and will be decommissioned on 2025-10-30, after which you will not be able to deploy without upgrading. Consider upgrading now to avoid disruption. See https://cloud.google.com/functions/docs/runtime-support for full details on the lifecycle policy 
[warn] !  functions: package.json indicates an outdated version of firebase-functions. Please upgrade using npm install --save firebase-functions@latest in your functions directory. 
[warn] !  functions: Please note that there will be breaking changes when you upgrade. 
[debug] [2025-10-01T21:17:00.364Z] > [functions] package.json contents: {
  "name": "end-of-time-functions",
  "engines": {
    "node": "18"
  },
  "main": "index.js",
  "scripts": {
    "build": "tsc -p .",
    "deploy": "npm run build && firebase deploy --only functions"
  },
  "dependencies": {
    "firebase-admin": "^11.11.0",
    "firebase-functions": "^4.4.0",
    "node-fetch": "^3.3.2",
    "nodemailer": "^7.0.5"
  },
  "devDependencies": {
    "typescript": "^5.4.0"
  }
}
[debug] [2025-10-01T21:17:00.364Z] Building nodejs source
[info] i  functions: Loading and analyzing source code for codebase default to determine what to deploy 
[info] i  functions: You are using a version of firebase-functions SDK (4.9.0) that does not have support for the newest Firebase Extensions features. Please update firebase-functions SDK to >=5.1.0 to use them correctly 
[debug] [2025-10-01T21:17:00.365Z] Could not find functions.yaml. Must use http discovery
[debug] [2025-10-01T21:17:00.371Z] Found firebase-functions binary at 'c:\Users\fanel\Videos\Web App (End of Time)\VideoProc Converter - Copy - Copy - Copy (2) - Copy - Copy\functions\node_modules\.bin\firebase-functions'
[info] Serving at port 8046

[debug] [2025-10-01T21:17:00.923Z] Got response from /__/functions.yaml {"endpoints":{"onInteractionCreate":{"availableMemoryMb":null,"timeoutSeconds":null,"minInstances":null,"maxInstances":null,"ingressSettings":null,"concurrency":null,"serviceAccountEmail":null,"vpc":null,"platform":"gcfv2","labels":{},"eventTrigger":{"eventType":"google.cloud.firestore.document.v1.created","eventFilters":{"database":"(default)","namespace":"(default)"},"eventFilterPathPatterns":{"document":"prayers/{prayerId}/interactions/{interactionId}"},"retry":false},"entryPoint":"onInteractionCreate"},"sendEmailNotification":{"platform":"gcfv1","availableMemoryMb":null,"timeoutSeconds":null,"minInstances":null,"maxInstances":null,"ingressSettings":null,"serviceAccountEmail":null,"vpc":null,"eventTrigger":{"eventType":"providers/cloud.firestore/eventTypes/document.create","eventFilters":{"resource":"projects/end-of-time-94cd3/databases/(default)/documents/emailQueue/{docId}"},"retry":false},"labels":{},"entryPoint":"sendEmailNotification"}},"specVersion":"v1alpha1","requiredAPIs":[]}
[info] i  functions: preparing functions directory for uploading... 
[info] i  functions: packaged c:\Users\fanel\Videos\Web App (End of Time)\VideoProc Converter - Copy - Copy - Copy (2) - Copy - Copy\functions (43.14 KB) for uploading 
[info] i  functions: packaged c:\Users\fanel\Videos\Web App (End of Time)\VideoProc Converter - Copy - Copy - Copy (2) - Copy - Copy\functions (43.4 KB) for uploading 
[debug] [2025-10-01T21:17:04.992Z] Checked if tokens are valid: true, expires at: 1759356586532
[debug] [2025-10-01T21:17:04.992Z] Checked if tokens are valid: true, expires at: 1759356586532
[debug] [2025-10-01T21:17:04.992Z] >>> [apiv2][query] GET https://cloudfunctions.googleapis.com/v1/projects/end-of-time-94cd3/locations/-/functions [none]
[debug] [2025-10-01T21:17:07.273Z] <<< [apiv2][status] GET https://cloudfunctions.googleapis.com/v1/projects/end-of-time-94cd3/locations/-/functions 200
[debug] [2025-10-01T21:17:07.273Z] <<< [apiv2][body] GET https://cloudfunctions.googleapis.com/v1/projects/end-of-time-94cd3/locations/-/functions {}
[debug] [2025-10-01T21:17:07.274Z] Checked if tokens are valid: true, expires at: 1759356586532
[debug] [2025-10-01T21:17:07.274Z] Checked if tokens are valid: true, expires at: 1759356586532
[debug] [2025-10-01T21:17:07.274Z] >>> [apiv2][query] GET https://cloudfunctions.googleapis.com/v2/projects/end-of-time-94cd3/locations/-/functions filter=environment%3D%22GEN_2%22
[debug] [2025-10-01T21:17:09.456Z] <<< [apiv2][status] GET https://cloudfunctions.googleapis.com/v2/projects/end-of-time-94cd3/locations/-/functions 200
[debug] [2025-10-01T21:17:09.456Z] <<< [apiv2][body] GET https://cloudfunctions.googleapis.com/v2/projects/end-of-time-94cd3/locations/-/functions {"functions":[{"name":"projects/end-of-time-94cd3/locations/us-central1/functions/onInteractionCreate","buildConfig":{"build":"projects/628602476853/locations/us-central1/builds/d28fec1e-2a5f-4d34-b565-6748b63e8bc7","runtime":"nodejs20","entryPoint":"onInteractionCreate","source":{"storageSource":{"bucket":"gcf-v2-sources-628602476853-us-central1","object":"onInteractionCreate/function-source.zip","generation":"1759323737984811"}},"environmentVariables":{"GOOGLE_NODE_RUN_SCRIPTS":""},"dockerRepository":"projects/end-of-time-94cd3/locations/us-central1/repositories/gcf-artifacts","sourceProvenance":{"resolvedStorageSource":{"bucket":"gcf-v2-sources-628602476853-us-central1","object":"onInteractionCreate/function-source.zip","generation":"1759323737984811"}},"dockerRegistry":"ARTIFACT_REGISTRY","serviceAccount":"projects/end-of-time-94cd3/serviceAccounts/628602476853-compute@developer.gserviceaccount.com","automaticUpdatePolicy":{}},"serviceConfig":{"service":"projects/end-of-time-94cd3/locations/us-central1/services/oninteractioncreate","timeoutSeconds":60,"environmentVariables":{"FIREBASE_CONFIG":"{\"projectId\":\"end-of-time-94cd3\",\"storageBucket\":\"end-of-time-94cd3.firebasestorage.app\"}","GCLOUD_PROJECT":"end-of-time-94cd3","EVENTARC_CLOUD_EVENT_SOURCE":"projects/end-of-time-94cd3/locations/us-central1/services/onInteractionCreate","FUNCTION_SIGNATURE_TYPE":"cloudevent","FUNCTION_TARGET":"onInteractionCreate","LOG_EXECUTION_ID":"true"},"maxInstanceCount":20,"ingressSettings":"ALLOW_ALL","uri":"https://oninteractioncreate-rvcuhoocya-uc.a.run.app","serviceAccountEmail":"628602476853-compute@developer.gserviceaccount.com","availableMemory":"256Mi","allTrafficOnLatestRevision":true,"revision":"oninteractioncreate-00002-gaz","maxInstanceRequestConcurrency":80,"availableCpu":"1"},"eventTrigger":{"trigger":"projects/end-of-time-94cd3/locations/africa-south1/triggers/oninteractioncreate-479781","triggerRegion":"africa-south1","eventType":"google.cloud.firestore.document.v1.created","eventFilters":[{"attribute":"database","value":"(default)"},{"attribute":"namespace","value":"(default)"},{"attribute":"document","value":"prayers/{prayerId}/interactions/{interactionId}","operator":"match-path-pattern"}],"pubsubTopic":"projects/end-of-time-94cd3/topics/eventarc-africa-south1-oninteractioncreate-479781-469","serviceAccountEmail":"628602476853-compute@developer.gserviceaccount.com","retryPolicy":"RETRY_POLICY_DO_NOT_RETRY"},"state":"ACTIVE","updateTime":"2025-10-01T13:03:37.611673870Z","labels":{"deployment-tool":"cli-firebase","firebase-functions-hash":"7ef968b6a2483ffda63cd83d643fe28277e2c125"},"environment":"GEN_2","url":"https://us-central1-end-of-time-94cd3.cloudfunctions.net/onInteractionCreate","createTime":"2025-10-01T09:13:44.568352042Z","satisfiesPzi":true},{"name":"projects/end-of-time-94cd3/locations/us-central1/functions/submitScore","buildConfig":{"build":"projects/628602476853/locations/us-central1/builds/d28fec1e-2a5f-4d34-b565-6748b63e8bc7","runtime":"nodejs20","entryPoint":"submitScore","source":{"storageSource":{"bucket":"gcf-v2-sources-628602476853-us-central1","object":"submitScore/function-source.zip","generation":"1759323813352212"}},"environmentVariables":{"GOOGLE_NODE_RUN_SCRIPTS":""},"dockerRepository":"projects/end-of-time-94cd3/locations/us-central1/repositories/gcf-artifacts","sourceProvenance":{"resolvedStorageSource":{"bucket":"gcf-v2-sources-628602476853-us-central1","object":"submitScore/function-source.zip","generation":"1759323813352212"}},"dockerRegistry":"ARTIFACT_REGISTRY","serviceAccount":"projects/end-of-time-94cd3/serviceAccounts/628602476853-compute@developer.gserviceaccount.com","automaticUpdatePolicy":{}},"serviceConfig":{"service":"projects/end-of-time-94cd3/locations/us-central1/services/submitscore","timeoutSeconds":60,"environmentVariables":{"FIREBASE_CONFIG":"{\"projectId\":\"end-of-time-94cd3\",\"storageBucket\":\"end-of-time-94cd3.firebasestorage.app\"}","GCLOUD_PROJECT":"end-of-time-94cd3","EVENTARC_CLOUD_EVENT_SOURCE":"projects/end-of-time-94cd3/locations/us-central1/services/submitScore","FUNCTION_TARGET":"submitScore","LOG_EXECUTION_ID":"true","FUNCTION_SIGNATURE_TYPE":"http"},"maxInstanceCount":20,"ingressSettings":"ALLOW_ALL","uri":"https://submitscore-rvcuhoocya-uc.a.run.app","serviceAccountEmail":"628602476853-compute@developer.gserviceaccount.com","availableMemory":"256Mi","allTrafficOnLatestRevision":true,"revision":"submitscore-00002-bap","maxInstanceRequestConcurrency":80,"availableCpu":"1"},"state":"ACTIVE","updateTime":"2025-10-01T13:03:40.805580892Z","labels":{"deployment-tool":"cli-firebase","deployment-callable":"true","firebase-functions-hash":"7ef968b6a2483ffda63cd83d643fe28277e2c125"},"environment":"GEN_2","url":"https://us-central1-end-of-time-94cd3.cloudfunctions.net/submitScore","createTime":"2025-10-01T09:14:38.869077614Z","satisfiesPzi":true}]}
[debug] [2025-10-01T21:17:09.457Z] Checked if tokens are valid: true, expires at: 1759356586532
[debug] [2025-10-01T21:17:09.458Z] Checked if tokens are valid: true, expires at: 1759356586532
[debug] [2025-10-01T21:17:09.458Z] >>> [apiv2][query] GET https://firestore.googleapis.com/v1/projects/end-of-time-94cd3/databases/(default) [none]
[debug] [2025-10-01T21:17:10.058Z] <<< [apiv2][status] GET https://firestore.googleapis.com/v1/projects/end-of-time-94cd3/databases/(default) 200
[debug] [2025-10-01T21:17:10.058Z] <<< [apiv2][body] GET https://firestore.googleapis.com/v1/projects/end-of-time-94cd3/databases/(default) {"name":"projects/end-of-time-94cd3/databases/(default)","uid":"6b62c153-99ce-4b69-9b58-9389d65a2b79","createTime":"2025-08-07T13:15:58.421611Z","updateTime":"2025-08-07T13:15:58.421611Z","locationId":"africa-south1","type":"FIRESTORE_NATIVE","concurrencyMode":"PESSIMISTIC","versionRetentionPeriod":"3600s","earliestVersionTime":"2025-10-01T20:17:07.693265Z","appEngineIntegrationMode":"DISABLED","pointInTimeRecoveryEnablement":"POINT_IN_TIME_RECOVERY_DISABLED","deleteProtectionState":"DELETE_PROTECTION_DISABLED","databaseEdition":"STANDARD","freeTier":true,"etag":"IKGa3qD2g5ADMJSOg43NgZAD"}
[info] i  functions: ensuring required API run.googleapis.com is enabled... 
[info] i  functions: ensuring required API eventarc.googleapis.com is enabled... 
[info] i  functions: ensuring required API pubsub.googleapis.com is enabled... 
[info] i  functions: ensuring required API storage.googleapis.com is enabled... 
[info] i  functions: generating the service identity for pubsub.googleapis.com... 
[debug] [2025-10-01T21:17:10.060Z] Checked if tokens are valid: true, expires at: 1759356586532
[debug] [2025-10-01T21:17:10.060Z] Checked if tokens are valid: true, expires at: 1759356586532
[info] i  functions: generating the service identity for eventarc.googleapis.com... 
[debug] [2025-10-01T21:17:10.060Z] Checked if tokens are valid: true, expires at: 1759356586532
[debug] [2025-10-01T21:17:10.060Z] Checked if tokens are valid: true, expires at: 1759356586532
[debug] [2025-10-01T21:17:10.061Z] >>> [apiv2][query] POST https://serviceusage.googleapis.com/v1beta1/projects/628602476853/services/pubsub.googleapis.com:generateServiceIdentity [none]
[debug] [2025-10-01T21:17:10.061Z] >>> [apiv2][(partial)header] POST https://serviceusage.googleapis.com/v1beta1/projects/628602476853/services/pubsub.googleapis.com:generateServiceIdentity x-goog-quota-user=projects/628602476853
[debug] [2025-10-01T21:17:10.061Z] >>> [apiv2][body] POST https://serviceusage.googleapis.com/v1beta1/projects/628602476853/services/pubsub.googleapis.com:generateServiceIdentity {}
[debug] [2025-10-01T21:17:10.062Z] >>> [apiv2][query] POST https://serviceusage.googleapis.com/v1beta1/projects/628602476853/services/eventarc.googleapis.com:generateServiceIdentity [none]
[debug] [2025-10-01T21:17:10.062Z] >>> [apiv2][(partial)header] POST https://serviceusage.googleapis.com/v1beta1/projects/628602476853/services/eventarc.googleapis.com:generateServiceIdentity x-goog-quota-user=projects/628602476853
[debug] [2025-10-01T21:17:10.062Z] >>> [apiv2][body] POST https://serviceusage.googleapis.com/v1beta1/projects/628602476853/services/eventarc.googleapis.com:generateServiceIdentity {}
[debug] [2025-10-01T21:17:12.090Z] <<< [apiv2][status] POST https://serviceusage.googleapis.com/v1beta1/projects/628602476853/services/pubsub.googleapis.com:generateServiceIdentity 200
[debug] [2025-10-01T21:17:12.090Z] <<< [apiv2][body] POST https://serviceusage.googleapis.com/v1beta1/projects/628602476853/services/pubsub.googleapis.com:generateServiceIdentity {"name":"operations/finished.DONE_OPERATION","done":true,"response":{"@type":"type.googleapis.com/google.api.serviceusage.v1beta1.ServiceIdentity","email":"service-628602476853@gcp-sa-pubsub.iam.gserviceaccount.com","uniqueId":"116684213799607221479"}}
[debug] [2025-10-01T21:17:12.102Z] <<< [apiv2][status] POST https://serviceusage.googleapis.com/v1beta1/projects/628602476853/services/eventarc.googleapis.com:generateServiceIdentity 200
[debug] [2025-10-01T21:17:12.102Z] <<< [apiv2][body] POST https://serviceusage.googleapis.com/v1beta1/projects/628602476853/services/eventarc.googleapis.com:generateServiceIdentity {"name":"operations/finished.DONE_OPERATION","done":true,"response":{"@type":"type.googleapis.com/google.api.serviceusage.v1beta1.ServiceIdentity","email":"service-628602476853@gcp-sa-eventarc.iam.gserviceaccount.com","uniqueId":"101530374826516756217"}}
[debug] [2025-10-01T21:17:12.103Z] Checked if tokens are valid: true, expires at: 1759356586532
[debug] [2025-10-01T21:17:12.104Z] Checked if tokens are valid: true, expires at: 1759356586532
[debug] [2025-10-01T21:17:12.104Z] >>> [apiv2][query] GET https://cloudresourcemanager.googleapis.com/v1/projects/end-of-time-94cd3 [none]
[debug] [2025-10-01T21:17:13.750Z] <<< [apiv2][status] GET https://cloudresourcemanager.googleapis.com/v1/projects/end-of-time-94cd3 200
[debug] [2025-10-01T21:17:13.750Z] <<< [apiv2][body] GET https://cloudresourcemanager.googleapis.com/v1/projects/end-of-time-94cd3 {"projectNumber":"628602476853","projectId":"end-of-time-94cd3","lifecycleState":"ACTIVE","name":"End of Time","labels":{"firebase":"enabled","firebase-core":"disabled"},"createTime":"2025-08-07T11:37:20.813282Z"}
[debug] [2025-10-01T21:17:13.750Z] Checked if tokens are valid: true, expires at: 1759356586532
[debug] [2025-10-01T21:17:13.751Z] Checked if tokens are valid: true, expires at: 1759356586532
[debug] [2025-10-01T21:17:13.751Z] >>> [apiv2][query] GET https://compute.googleapis.com/compute/v1/projects/628602476853 [none]
[debug] [2025-10-01T21:17:14.418Z] <<< [apiv2][status] GET https://compute.googleapis.com/compute/v1/projects/628602476853 403
[debug] [2025-10-01T21:17:14.419Z] <<< [apiv2][body] GET https://compute.googleapis.com/compute/v1/projects/628602476853 {"error":{"code":403,"message":"Compute Engine API has not been used in project 628602476853 before or it is disabled. Enable it by visiting https://console.developers.google.com/apis/api/compute.googleapis.com/overview?project=628602476853 then retry. If you enabled this API recently, wait a few minutes for the action to propagate to our systems and retry.","errors":[{"message":"Compute Engine API has not been used in project 628602476853 before or it is disabled. Enable it by visiting https://console.developers.google.com/apis/api/compute.googleapis.com/overview?project=628602476853 then retry. If you enabled this API recently, wait a few minutes for the action to propagate to our systems and retry.","domain":"usageLimits","reason":"accessNotConfigured","extendedHelp":"https://console.developers.google.com"}],"status":"PERMISSION_DENIED","details":[{"@type":"type.googleapis.com/google.rpc.ErrorInfo","reason":"SERVICE_DISABLED","domain":"googleapis.com","metadata":{"activationUrl":"https://console.developers.google.com/apis/api/compute.googleapis.com/overview?project=628602476853","consumer":"projects/628602476853","service":"compute.googleapis.com","serviceTitle":"Compute Engine API","containerInfo":"628602476853"}},{"@type":"type.googleapis.com/google.rpc.LocalizedMessage","locale":"en-US","message":"Compute Engine API has not been used in project 628602476853 before or it is disabled. Enable it by visiting https://console.developers.google.com/apis/api/compute.googleapis.com/overview?project=628602476853 then retry. If you enabled this API recently, wait a few minutes for the action to propagate to our systems and retry."},{"@type":"type.googleapis.com/google.rpc.Help","links":[{"description":"Google developers console API activation","url":"https://console.developers.google.com/apis/api/compute.googleapis.com/overview?project=628602476853"}]}]}}
[debug] [2025-10-01T21:17:14.419Z] unable to look up default compute service account. Falling back to 628602476853-compute@developer.gserviceaccount.com. Error: {"name":"FirebaseError","children":[],"context":{"body":{"error":{"code":403,"message":"Compute Engine API has not been used in project 628602476853 before or it is disabled. Enable it by visiting https://console.developers.google.com/apis/api/compute.googleapis.com/overview?project=628602476853 then retry. If you enabled this API recently, wait a few minutes for the action to propagate to our systems and retry.","errors":[{"message":"Compute Engine API has not been used in project 628602476853 before or it is disabled. Enable it by visiting https://console.developers.google.com/apis/api/compute.googleapis.com/overview?project=628602476853 then retry. If you enabled this API recently, wait a few minutes for the action to propagate to our systems and retry.","domain":"usageLimits","reason":"accessNotConfigured","extendedHelp":"https://console.developers.google.com"}],"status":"PERMISSION_DENIED","details":[{"@type":"type.googleapis.com/google.rpc.ErrorInfo","reason":"SERVICE_DISABLED","domain":"googleapis.com","metadata":{"activationUrl":"https://console.developers.google.com/apis/api/compute.googleapis.com/overview?project=628602476853","consumer":"projects/628602476853","service":"compute.googleapis.com","serviceTitle":"Compute Engine API","containerInfo":"628602476853"}},{"@type":"type.googleapis.com/google.rpc.LocalizedMessage","locale":"en-US","message":"Compute Engine API has not been used in project 628602476853 before or it is disabled. Enable it by visiting https://console.developers.google.com/apis/api/compute.googleapis.com/overview?project=628602476853 then retry. If you enabled this API recently, wait a few minutes for the action to propagate to our systems and retry."},{"@type":"type.googleapis.com/google.rpc.Help","links":[{"description":"Google developers console API activation","url":"https://console.developers.google.com/apis/api/compute.googleapis.com/overview?project=628602476853"}]}]}},"response":{"statusCode":403}},"exit":1,"message":"Request to https://compute.googleapis.com/compute/v1/projects/628602476853 had HTTP Error: 403, Compute Engine API has not been used in project 628602476853 before or it is disabled. Enable it by visiting https://console.developers.google.com/apis/api/compute.googleapis.com/overview?project=628602476853 then retry. If you enabled this API recently, wait a few minutes for the action to propagate to our systems and retry.","status":403}
[debug] [2025-10-01T21:17:14.421Z] Checked if tokens are valid: true, expires at: 1759356586532
[debug] [2025-10-01T21:17:14.421Z] Checked if tokens are valid: true, expires at: 1759356586532
[debug] [2025-10-01T21:17:14.421Z] >>> [apiv2][query] POST https://firebasehosting.googleapis.com/v1beta1/projects/-/sites/end-of-time-94cd3/versions [none]
[debug] [2025-10-01T21:17:14.422Z] >>> [apiv2][body] POST https://firebasehosting.googleapis.com/v1beta1/projects/-/sites/end-of-time-94cd3/versions {"status":"CREATED","labels":{"deployment-tool":"cli-firebase"}}
[debug] [2025-10-01T21:17:16.552Z] <<< [apiv2][status] POST https://firebasehosting.googleapis.com/v1beta1/projects/-/sites/end-of-time-94cd3/versions 200
[debug] [2025-10-01T21:17:16.553Z] <<< [apiv2][body] POST https://firebasehosting.googleapis.com/v1beta1/projects/-/sites/end-of-time-94cd3/versions {"name":"projects/628602476853/sites/end-of-time-94cd3/versions/304b9a4431283ff5","status":"CREATED","config":{},"labels":{"deployment-tool":"cli-firebase"}}
[debug] [2025-10-01T21:17:16.553Z] Checked if tokens are valid: true, expires at: 1759356586532
[debug] [2025-10-01T21:17:16.553Z] Checked if tokens are valid: true, expires at: 1759356586532
[debug] [2025-10-01T21:17:16.553Z] >>> [apiv2][query] GET https://firestore.googleapis.com/v1/projects/end-of-time-94cd3/databases/(default) [none]
[debug] [2025-10-01T21:17:16.793Z] <<< [apiv2][status] GET https://firestore.googleapis.com/v1/projects/end-of-time-94cd3/databases/(default) 200
[debug] [2025-10-01T21:17:16.793Z] <<< [apiv2][body] GET https://firestore.googleapis.com/v1/projects/end-of-time-94cd3/databases/(default) {"name":"projects/end-of-time-94cd3/databases/(default)","uid":"6b62c153-99ce-4b69-9b58-9389d65a2b79","createTime":"2025-08-07T13:15:58.421611Z","updateTime":"2025-08-07T13:15:58.421611Z","locationId":"africa-south1","type":"FIRESTORE_NATIVE","concurrencyMode":"PESSIMISTIC","versionRetentionPeriod":"3600s","earliestVersionTime":"2025-10-01T20:17:14.426910Z","appEngineIntegrationMode":"DISABLED","pointInTimeRecoveryEnablement":"POINT_IN_TIME_RECOVERY_DISABLED","deleteProtectionState":"DELETE_PROTECTION_DISABLED","databaseEdition":"STANDARD","freeTier":true,"etag":"IPyY+aP2g5ADMJSOg43NgZAD"}
[debug] [2025-10-01T21:17:16.794Z] Checked if tokens are valid: true, expires at: 1759356586532
[debug] [2025-10-01T21:17:16.794Z] Checked if tokens are valid: true, expires at: 1759356586532
[debug] [2025-10-01T21:17:16.794Z] >>> [apiv2][query] GET https://firebaserules.googleapis.com/v1/projects/end-of-time-94cd3/releases pageSize=10&pageToken=
[debug] [2025-10-01T21:17:17.801Z] <<< [apiv2][status] GET https://firebaserules.googleapis.com/v1/projects/end-of-time-94cd3/releases 200
[debug] [2025-10-01T21:17:17.801Z] <<< [apiv2][body] GET https://firebaserules.googleapis.com/v1/projects/end-of-time-94cd3/releases {"releases":[{"name":"projects/end-of-time-94cd3/releases/cloud.firestore","rulesetName":"projects/end-of-time-94cd3/rulesets/68474669-bfd1-460f-8513-1bd661aba286","createTime":"2025-08-07T13:16:05.983290Z","updateTime":"2025-10-01T16:12:47.399234Z"}]}
[debug] [2025-10-01T21:17:17.801Z] Checked if tokens are valid: true, expires at: 1759356586532
[debug] [2025-10-01T21:17:17.801Z] Checked if tokens are valid: true, expires at: 1759356586532
[debug] [2025-10-01T21:17:17.801Z] >>> [apiv2][query] GET https://firebaserules.googleapis.com/v1/projects/end-of-time-94cd3/rulesets/68474669-bfd1-460f-8513-1bd661aba286 [none]
[debug] [2025-10-01T21:17:18.587Z] <<< [apiv2][status] GET https://firebaserules.googleapis.com/v1/projects/end-of-time-94cd3/rulesets/68474669-bfd1-460f-8513-1bd661aba286 200
[debug] [2025-10-01T21:17:18.587Z] <<< [apiv2][body] GET https://firebaserules.googleapis.com/v1/projects/end-of-time-94cd3/rulesets/68474669-bfd1-460f-8513-1bd661aba286 [omitted]
[info] i  firestore: latest version of firestore-rules.txt already up to date, skipping upload... 
[debug] [2025-10-01T21:17:18.588Z] Checked if tokens are valid: true, expires at: 1759356586532
[debug] [2025-10-01T21:17:18.588Z] Checked if tokens are valid: true, expires at: 1759356586532
[debug] [2025-10-01T21:17:18.588Z] Checked if tokens are valid: true, expires at: 1759356586532
[debug] [2025-10-01T21:17:18.589Z] Checked if tokens are valid: true, expires at: 1759356586532
[debug] [2025-10-01T21:17:18.589Z] >>> [apiv2][query] POST https://cloudfunctions.googleapis.com/v1/projects/end-of-time-94cd3/locations/us-central1/functions:generateUploadUrl [none]
[debug] [2025-10-01T21:17:18.589Z] >>> [apiv2][body] POST https://cloudfunctions.googleapis.com/v1/projects/end-of-time-94cd3/locations/us-central1/functions:generateUploadUrl {}
[debug] [2025-10-01T21:17:18.590Z] >>> [apiv2][query] POST https://cloudfunctions.googleapis.com/v2/projects/end-of-time-94cd3/locations/us-central1/functions:generateUploadUrl [none]
[debug] [2025-10-01T21:17:19.482Z] <<< [apiv2][status] POST https://cloudfunctions.googleapis.com/v1/projects/end-of-time-94cd3/locations/us-central1/functions:generateUploadUrl 200
[debug] [2025-10-01T21:17:19.483Z] <<< [apiv2][body] POST https://cloudfunctions.googleapis.com/v1/projects/end-of-time-94cd3/locations/us-central1/functions:generateUploadUrl {"uploadUrl":"https://storage.googleapis.com/uploads-942337535895.us-central1.cloudfunctions.appspot.com/dfac5b62-8c69-41c0-8ce7-cd4ea2ede12d.zip?GoogleAccessId=service-628602476853@gcf-admin-robot.iam.gserviceaccount.com&Expires=1759355236&Signature=pu4rfIiutr2owzDo2LW4PaqcXd3GYlX4cDa9ZxLJRHjuaITneB2o2ReDM9JW53thabSCtYjVse2XYn7Ayt3d0jPADnm5Wl7zuMP8JcyRqxL%2BgSPCfiWwinrw92DeL1OJOCbmuhCy8tyfMbGfkSSDwgds75yosTbDw%2FKXHNg7cN2msTHQoNGGDmouwkJjnqymyN35TERQ88v5%2BTOGNx9%2BrhWmkod3W8414Fc6uFTC01dgZ39fSzEWmWg5iP75%2FfeM1ExWCSIiYBumpppbeZKr%2BHfqxuIu3Txkmbnxbwx6uT9xPPRwOVhKDv9p%2B2RSvpmVTtu4rZEWsqUAC4KJGYcRDA%3D%3D"}
[debug] [2025-10-01T21:17:19.483Z] >>> [apiv2][query] PUT https://storage.googleapis.com/uploads-942337535895.us-central1.cloudfunctions.appspot.com/dfac5b62-8c69-41c0-8ce7-cd4ea2ede12d.zip GoogleAccessId=service-628602476853%40gcf-admin-robot.iam.gserviceaccount.com&Expires=1759355236&Signature=pu4rfIiutr2owzDo2LW4PaqcXd3GYlX4cDa9ZxLJRHjuaITneB2o2ReDM9JW53thabSCtYjVse2XYn7Ayt3d0jPADnm5Wl7zuMP8JcyRqxL%2BgSPCfiWwinrw92DeL1OJOCbmuhCy8tyfMbGfkSSDwgds75yosTbDw%2FKXHNg7cN2msTHQoNGGDmouwkJjnqymyN35TERQ88v5%2BTOGNx9%2BrhWmkod3W8414Fc6uFTC01dgZ39fSzEWmWg5iP75%2FfeM1ExWCSIiYBumpppbeZKr%2BHfqxuIu3Txkmbnxbwx6uT9xPPRwOVhKDv9p%2B2RSvpmVTtu4rZEWsqUAC4KJGYcRDA%3D%3D
[debug] [2025-10-01T21:17:19.483Z] >>> [apiv2][body] PUT https://storage.googleapis.com/uploads-942337535895.us-central1.cloudfunctions.appspot.com/dfac5b62-8c69-41c0-8ce7-cd4ea2ede12d.zip [stream]
[debug] [2025-10-01T21:17:19.696Z] <<< [apiv2][status] POST https://cloudfunctions.googleapis.com/v2/projects/end-of-time-94cd3/locations/us-central1/functions:generateUploadUrl 200
[debug] [2025-10-01T21:17:19.696Z] <<< [apiv2][body] POST https://cloudfunctions.googleapis.com/v2/projects/end-of-time-94cd3/locations/us-central1/functions:generateUploadUrl {"uploadUrl":"https://storage.googleapis.com/gcf-v2-uploads-628602476853.us-central1.cloudfunctions.appspot.com/6fc7ddef-aaf0-470b-abc1-d484eda5f6b3.zip?GoogleAccessId=service-628602476853@gcf-admin-robot.iam.gserviceaccount.com&Expires=1759355237&Signature=GyfWcmq%2Be%2Fh0u4Zf4ZGnQzftH1dMohXGfYprqMkv5Q5Ch21XjN1VWhV69ExD%2Fjio%2Bt0TerdtCVAqNWBLn1zxNecTSdDGi3gYfWaMRVft8ScZol8Qxx%2F5j%2BbeO1Wj4kWDCcl3qpSh9YEaOpR%2FeHVdQaCJxMyGE6viz8KJlyPw0AyZrQ%2BimanyH%2Bt8U%2FbFFAf4SwRMsafAohkyef%2FkZ2hb5hJi9a2yzxQbH970e4GKc45xYCxEdXiziNk1qvV6otosbCCkmc0FeNKPF%2BQOTO5OksqcUjCjnM%2FCMcJK4ashUGwtRYfAribR5GLbWXTXHIyUR8LnqwkNpOQeP3huESCXUg%3D%3D","storageSource":{"bucket":"gcf-v2-uploads-628602476853.us-central1.cloudfunctions.appspot.com","object":"6fc7ddef-aaf0-470b-abc1-d484eda5f6b3.zip"}}
[debug] [2025-10-01T21:17:19.696Z] >>> [apiv2][query] PUT https://storage.googleapis.com/gcf-v2-uploads-628602476853.us-central1.cloudfunctions.appspot.com/6fc7ddef-aaf0-470b-abc1-d484eda5f6b3.zip GoogleAccessId=service-628602476853%40gcf-admin-robot.iam.gserviceaccount.com&Expires=1759355237&Signature=GyfWcmq%2Be%2Fh0u4Zf4ZGnQzftH1dMohXGfYprqMkv5Q5Ch21XjN1VWhV69ExD%2Fjio%2Bt0TerdtCVAqNWBLn1zxNecTSdDGi3gYfWaMRVft8ScZol8Qxx%2F5j%2BbeO1Wj4kWDCcl3qpSh9YEaOpR%2FeHVdQaCJxMyGE6viz8KJlyPw0AyZrQ%2BimanyH%2Bt8U%2FbFFAf4SwRMsafAohkyef%2FkZ2hb5hJi9a2yzxQbH970e4GKc45xYCxEdXiziNk1qvV6otosbCCkmc0FeNKPF%2BQOTO5OksqcUjCjnM%2FCMcJK4ashUGwtRYfAribR5GLbWXTXHIyUR8LnqwkNpOQeP3huESCXUg%3D%3D
[debug] [2025-10-01T21:17:19.696Z] >>> [apiv2][body] PUT https://storage.googleapis.com/gcf-v2-uploads-628602476853.us-central1.cloudfunctions.appspot.com/6fc7ddef-aaf0-470b-abc1-d484eda5f6b3.zip [stream]
[debug] [2025-10-01T21:17:20.362Z] <<< [apiv2][status] PUT https://storage.googleapis.com/uploads-942337535895.us-central1.cloudfunctions.appspot.com/dfac5b62-8c69-41c0-8ce7-cd4ea2ede12d.zip 200
[debug] [2025-10-01T21:17:20.362Z] <<< [apiv2][body] PUT https://storage.googleapis.com/uploads-942337535895.us-central1.cloudfunctions.appspot.com/dfac5b62-8c69-41c0-8ce7-cd4ea2ede12d.zip [omitted]
[debug] [2025-10-01T21:17:20.600Z] <<< [apiv2][status] PUT https://storage.googleapis.com/gcf-v2-uploads-628602476853.us-central1.cloudfunctions.appspot.com/6fc7ddef-aaf0-470b-abc1-d484eda5f6b3.zip 200
[debug] [2025-10-01T21:17:20.601Z] <<< [apiv2][body] PUT https://storage.googleapis.com/gcf-v2-uploads-628602476853.us-central1.cloudfunctions.appspot.com/6fc7ddef-aaf0-470b-abc1-d484eda5f6b3.zip [omitted]
[info] +  functions: functions folder uploaded successfully 
[info] i  hosting[end-of-time-94cd3]: beginning deploy... 
[info] i  hosting[end-of-time-94cd3]: found 99 files in . 
[debug] [2025-10-01T21:17:20.617Z] [hosting] uploading with 200 concurrency
[debug] [2025-10-01T21:17:20.665Z] Checked if tokens are valid: true, expires at: 1759356586532
[debug] [2025-10-01T21:17:20.665Z] Checked if tokens are valid: true, expires at: 1759356586532
[debug] [2025-10-01T21:17:20.666Z] [hosting] hash cache [] stored for 99 files
[debug] [2025-10-01T21:17:20.666Z] [hosting][hash queue][FINAL] {"max":19,"min":0,"avg":1.7579481795352065,"active":0,"complete":99,"success":99,"errored":0,"retried":0,"total":99,"elapsed":29}
[debug] [2025-10-01T21:17:20.667Z] >>> [apiv2][query] POST https://firebasehosting.googleapis.com/v1beta1/projects/628602476853/sites/end-of-time-94cd3/versions/304b9a4431283ff5:populateFiles [none]
[debug] [2025-10-01T21:17:20.667Z] >>> [apiv2][body] POST https://firebasehosting.googleapis.com/v1beta1/projects/628602476853/sites/end-of-time-94cd3/versions/304b9a4431283ff5:populateFiles {"files":{"/WRONG BUZZER 7.wav":"67486f7092540787e54d72b6a2f03e2cf7b7d2a3546f620a6cb7b4e04870d5cc","/Transition.wav":"2237f334e8f5e8bcb3521282d8ab392488b15fee94584b5df7f8933d8bf5512e","/Transition 2.wav":"c1056a8ec267bf1eeccb9f82fcd79bec2c4871de631a2ad0a8aa50f13f1a544b","/ticking_time.wav":"bc86335ca68258da8f73e6fee157556d04731807d16b7f9fc4909cf1e5bbe4a0","/styles.css.backup":"b9afea2d8bf68b3b36c96ce228dfcdd393b744d706bcfd9faadf17c9d1a83e74","/styles.css":"e0997249d2632f51d6ca75b9f49eae3f765d8f0b11119d6adfadcc13686b4ed4","/soundtrack 5.mp3":"2cdcb0310e02965e7c65a16affcc9b160911a1210814e94aefdc325a8fc06485","/soundtrack 4.mp3":"1ee41ab08cccdfc0cf777e58d8df14ae732e1da98d268b1f7026a4ed1bd65f5d","/soundtrack 3.mp3":"965c94818077a858e2f9545b2260a22dcff70a493dfb73ecf163ead33478682b","/soundtrack 2.mp3":"beef4ab3084dedd80bb37a319903f9c5efb83d6d109f1bc7675b348f335baf7b","/soundtrack 1.mp3":"64579bc035754e19c8dfae9d20610105080735f799cfa7a3b8d8b32a21b2ec46","/service-worker.js":"38bf1de714104665c4482e6544e12ed65ffa366acc47a794234fc3ad112fba35","/Semi Impact Risers-001.wav":"959311d4aaca0d1332069c1bea33cec2e19702bfc50256c9e4521c7fcbc0cef1","/script.js.backup":"fc8b7c30db23c2e5b600682b36050e906b49b4e0666a22d70b3850b3766e4615","/script.js":"311f1ee35bcae58764a2740fad6b7177adef3172495f2485aee2e5e6410e379f","/Qwen_html_20250810_ttxf0530d.html":"94a5b335039df65a253c26ea84d299c59beef32e0aa849b0bfe24e72bfa83664","/Qwen_html_20220210_ttxf0530d_functions.md":"bcb5d7e752877ab7993f2d8cafb663b308e35fda109dc8f365c75bee5eb2c4bf","/questions.js":"69811adb9b7f45200cb460160bbf662f634af34dc1864ed39c48de58b126de24","/questions-level7.js":"7df7797abe6f31bf558a9a40e8b5f4b472a2d4c45838e2cb6720bd269f2ac240","/questions-level6.js":"5c50cbb6d8917f42b31055e04d498e91d7f28fc883e78d84c5c987ba90f6d166","/questions-level5.js":"39d16c84d78fda012a6faaf4606aa458c1861d94b3b125bfbf0042d631d7cf7c","/questions-level4.js":"b86926d5c127b34c9610b8b580cdb010a2264fb41a380424d23ad411d6746462","/questions-level3.js":"5935c1ecf4ba46ff9afed08c28a9c2c13d502448ae06277afdc26d76df5698f3","/questions-level2.js":"da815a406af0f8c8809ffc2a9a83f5c5e949933a795960d966d7da8bf274cc5f","/questions-level1.js":"ad7d92d89849762c6b6e69f502a761d5b8fbbdeb4d79a5732d9b7f278e8f52b8","/prayer-styles.css":"5149103701b314af3568625fc9256ee3e8af63f397fb44df03cbe4b6bbe89f06","/prayer-dark-theme.css":"18c047c84be1c0084ed844e89040274032f36ebe785c28942a44bf3cacfef1c4","/package.json":"6ad67fe659cc2c63111a1aad1f43e5e88807ed590fb3dedd75cba2d8e0329404","/package-lock.json":"9838b390174601ad6a91169950598b5d8cb531c13bf1a47ba280a9d2be9df510","/network-diagnostics.html":"0f1888671616489e7173cb3f9bfecd7202d72abd79f6052c4d0d3d1c4d478530","/Motionarray_Floraphonic_Gameshow_Buzzer_1.wav":"0e9447856a2b6ed52724165243ff5a9e5896bfec28427edd83040d507ffdae31","/Montserrat-Regular.ttf":"47a08e0557ac247e06ee9cada7f05a4642bd8d0cb167570b9012b0288f3ab4d5","/Montserrat-Light.ttf":"a4d4430519350b6208ed832da8108106da0cd2630f09fd1cd4a626ff6685ed7b","/Montserrat-BoldItalic.ttf":"fbe96cb3090b91cd7d4c098c4f1f27af2779f12ca75bf28daa34fca09586478a","/menu.html":"e5ff11ae7d9774747987700282bddd7db1eed143c8dc1f5233b41cd42cb565a9","/menu-styles.css":"26cbcd2ad27c48e067c5e5e5270817573c57caf1de17281dcbad4def910d97ec","/menu-dark-theme.css":"7498f3f3fa8354f5d63ac28aa4cca486b846694cc3a31ec3db7122205389c300","/manifest.json":"e9ee22f098a7aaa749971dd385bd2ea0dc9990dddbe1b2b517ec519c7c703808","/index.html.backup":"da6a6ad80db17b1f2e01bb4b82693b97adb4d039bbd244e2a3cf7041de758e50","/index.html":"77164e6863a288326b005f51f5be7ff371b1572e424cf98010f86483f000975e","/Incorrect 9.wav":"a9f53e0c70f59aa438460b222b305d36f8e573234a517f4a0e5b3405eed4174e","/Incorrect 8.wav":"9a8bf389a7b93ababc7ac3fd48ad5a58bd662f176044f8ae7cc08c90b42ca619","/Incorrect 7.wav":"a398be6c0afdbcba8b1d0af73bdfdc7842420a472260536cb18ba40d465fe3ab","/Incorrect 6.wav":"da03307e3e468cc85f162878ebc303d905c124b16d590396b6c31f1c1bd7564b","/Incorrect 5.wav":"4e23b25107b8cfdea0854488f72fdcdcbca5c6ff417a853273f0ea16a5fed786","/Incorrect 4.wav":"31a91db231ba02b9dd6c22c45c1b13affe57ea8e3079463a1560365ad6fc610d","/Incorrect 3.wav":"9dbfd45976c694cb6c1c0905a616b1ec8019d61a8906121428471136160ec1d9","/Incorrect 2.wav":"dd5d3358999a8ceaf079b9d711f5a7036ff9bd4261a50879977cb4fc3c5ce7ce","/Incorrect 10.wav":"efd38580dff06407e8e7908c1d30a8c25de91571dc899d51523a24b4d388a094","/Incorrect 1.wav":"c09711bc975650133a13f029a1259e10c308b45592fea0fcf5b4c4e4d5b6a917","/icon-512.png.png":"ff552cd49e545c12de258a61c9aeae91586b7284bc62d1dc458506559e9fc82a","/icon-512.png":"67bc4e55b5124047d16624fd2961c2dd221d609752bc9958295ec5d6ffe3b067","/icon-192.png.png":"5d4a0047663647f338b9d18a1a5f5e73713f6309e9e17a7e369f01e55d6fac83","/icon-192.png":"67bc4e55b5124047d16624fd2961c2dd221d609752bc9958295ec5d6ffe3b067","/firestore.indexes.json":"2ebb5733aa5f724393a8893b05f4dba6cf6950eb7bc2f7b661312e28e5e907bc","/firestore-rules.txt":"86b0d03f6a00fcdd3d8520645c100296613735595b24f81a9a1df335c5ef290f","/FIREBASE_VERIFICATION_SUMMARY.md":"0c134daf52702ad0285e54d9233e46e71b2b5878f016fba15b99a5b97feb4d48","/FIREBASE_SETUP.md":"cebe074304b3c38fb5264530391344cc40764291d11a54183522e8efd2e5f377","/FIREBASE_CHECKLIST.md":"c1ed4835e59f5a664ee5cf2231995322bd66e10900abe24ff5bedd3b4f45f85d","/firebase-validator.html":"89bef7dbfb1291e9438272abff52cdc35385b8a7dc5abae064de638c04a5e5a7","/firebase-test.html":"7ca205a7912d905677f2b78ac7197406874a237c85f0df1a3efe03f5be18034e","/firebase-messaging-sw.js":"8804e9627fc4875070a872b269d7ff89d68b767faa69b1427708f81e837cc48c","/firebase-config.js":"2246b82eb814a20b4c4dab9b68997eeb58c7f11d797c1e624335ba3e03627597","/Fear God.png":"ff0edaa0bafb9afe5b8ab6b8fd7577f7f55fa934737486c41d44c80c95e7e06a","/favicon.ico":"67bc4e55b5124047d16624fd2961c2dd221d609752bc9958295ec5d6ffe3b067","/explanations.js":"46b50c321b39e89a491b6727a01628c34245605a30beb3e7414c5e01cff90e6e","/End of Time Icon.png":"67bc4e55b5124047d16624fd2961c2dd221d609752bc9958295ec5d6ffe3b067","/dark-theme.css":"19ff7b28a6e97fa81b3b45a1a8dd2dc1d4a877b64f4db5ba7c41d7ebebfd7949","/correct_answer_2.wav":"9b9cc7656fd2dbca0e836a03586f1396db7d9193e825ef00b00c9f1711cbd773","/correct_answer_1.wav":"2fd00b90490fcfc1c1c6f537566bb8192140bff3b682ea50b330938c6704a5c7","/Correct 9.wav":"eb508cb4204fdaec6cf512c57217268812be6fe2f69f9509f7f3846710b6d1f4","/Correct 8.wav":"d8b4b5fbffc52fe4b6830ad27ef77e2b8196b7cbca69f760ad96126ca788f088","/Correct 7.wav":"cd5a1e663d793619786cd25652c67ff4dd5a49c8478ff5e6e9f4ea86b657fa9e","/Correct 6.wav":"623bc7af26994feb591cb83693192ac16ae38184e17fb42cfda52712cfbecfe5","/Correct 5.wav":"a18a2deb80534d680334fa385c4ff40caae1092a4af6034a4fedc50ac6965108","/Correct 4.wav":"01298a72edcbb4d519bf05dbeebe3aa8a0e7af42bb77dc954e3107c49afcc143","/Correct 3.wav":"f897aa430145f697dd56a72506cde4c15b5635a6bbac8262054a4be60e927fdc","/Correct 2.wav":"660d441808b5c88cc9aaad540d8651a990d2a0bf1fe0c77701621596f35e78c3","/Correct 10.wav":"828d5ca9e3921cfa197b7d45f609ab72933ad840859696d874759fb3c275772d","/Correct 1.wav":"96c45268e2e00fad2fcfa1f5f9fcde1cf9a002dbd6a0c4965b0d9758fa0ac9a0","/background.mp4":"9ba3c84cac5931f193b1fe043a3990b004a939a76300723c238e890a6677c481","/background 7.mp4":"afd9560337e923dd91bd10af60498842791ee584bdd3703c0fbd69350a59d9b5","/background 6.mp4":"324c741d93bc32608b64ad51a49e0a2fbd44fd5f72de5d6e125c7bd85bcac228","/background 5.mp4":"2a1e2eef9189c55cb6d95b733ff95a56ba5324a59e4a0155aec22b4320f4914b","/background 3.mp4":"dc4a68d279200b9a60e7f2f362299ba54f60705b35cea2c69712f738286d4653","/background 2.mp4":"9d6662167b3c1c58dd68ad24142ac7d76024ce607b8e7c5d85f9dd7525deb6a9","/background 1.mp4":"a4a77111d58433c30cb2ce403ff4d5fa3855c4e2c8e586b3b25bc3cf62153450","/audio-manager.js":"5ad212cd8a4c7c11c0d44e5c9a626890dad5bb5d36037bcfe35d9773e8840119","/public/index.html":"ad79476ba6e4a2cb4a8f99e19bd004f6dfbe4d695209f30e80bf2818535b8a79","/public/firebase-messaging-sw.js":"7c86940c3ea0b6f726eea52de044bf16aebc6c0618e8e0429eefe2ebc8c07e43","/functions/tsconfig.json":"19541ba5834da151b932a1490482ee1ec7ea3d36f9a364b4b2663b61c08bb4c8","/functions/package.json":"5b58bea224841b44a467365e03a672dd3ac17c8d692951d55a8db6481e6e9fa3","/functions/package-lock.json":"de44b878b02bf9bd5b3549912906f7634eb3aa73bd6550c47c379beb8b0e2e6e","/functions/index.js":"b45e8cfdef813fc661d1febc4a668699dcbad49c65de1d8a6629420b43f809f1","/.github/workflows/firebase-hosting-pull-request.yml":"26a08f2452aab0bbfa4871242d349c2841e0bfcafd2cc2b3d5935fb1a6fb86f8","/.github/workflows/firebase-hosting-merge.yml":"161c99c36b7ada6342f98b4d61161a9c63aed4ceddf1f318c00b4d6f78b4a739","/functions/index.ts":"24e5205b317f7243aebaf269ae40716ed85e1297ca6552260e0ae507c5f71be9","/functions/lib/index.js":"e1d2beac4dff3f2c49f1e68aa55833184902c29c656f6882a2387344ec7c7326","/.claude/settings.local.json":"e0d47c03d61b2b0d946902399c4d7574f78040a423fda5eeb59b31bbdacd05ba"}}
[debug] [2025-10-01T21:17:21.170Z] <<< [apiv2][status] POST https://firebasehosting.googleapis.com/v1beta1/projects/628602476853/sites/end-of-time-94cd3/versions/304b9a4431283ff5:populateFiles 200
[debug] [2025-10-01T21:17:21.170Z] <<< [apiv2][body] POST https://firebasehosting.googleapis.com/v1beta1/projects/628602476853/sites/end-of-time-94cd3/versions/304b9a4431283ff5:populateFiles {"uploadRequiredHashes":["24e5205b317f7243aebaf269ae40716ed85e1297ca6552260e0ae507c5f71be9","e1d2beac4dff3f2c49f1e68aa55833184902c29c656f6882a2387344ec7c7326","e0d47c03d61b2b0d946902399c4d7574f78040a423fda5eeb59b31bbdacd05ba"],"uploadUrl":"https://upload-firebasehosting.googleapis.com/upload/sites/end-of-time-94cd3/versions/304b9a4431283ff5/files"}
[debug] [2025-10-01T21:17:21.171Z] Checked if tokens are valid: true, expires at: 1759356586532
[debug] [2025-10-01T21:17:21.171Z] Checked if tokens are valid: true, expires at: 1759356586532
[debug] [2025-10-01T21:17:21.171Z] Checked if tokens are valid: true, expires at: 1759356586532
[debug] [2025-10-01T21:17:21.171Z] Checked if tokens are valid: true, expires at: 1759356586532
[debug] [2025-10-01T21:17:21.171Z] Checked if tokens are valid: true, expires at: 1759356586532
[debug] [2025-10-01T21:17:21.171Z] Checked if tokens are valid: true, expires at: 1759356586532
[debug] [2025-10-01T21:17:21.171Z] >>> [apiv2][query] POST https://upload-firebasehosting.googleapis.com/upload/sites/end-of-time-94cd3/versions/304b9a4431283ff5/files/24e5205b317f7243aebaf269ae40716ed85e1297ca6552260e0ae507c5f71be9 [none]
[debug] [2025-10-01T21:17:21.171Z] >>> [apiv2][body] POST https://upload-firebasehosting.googleapis.com/upload/sites/end-of-time-94cd3/versions/304b9a4431283ff5/files/24e5205b317f7243aebaf269ae40716ed85e1297ca6552260e0ae507c5f71be9 [stream]
[debug] [2025-10-01T21:17:21.173Z] >>> [apiv2][query] POST https://upload-firebasehosting.googleapis.com/upload/sites/end-of-time-94cd3/versions/304b9a4431283ff5/files/e1d2beac4dff3f2c49f1e68aa55833184902c29c656f6882a2387344ec7c7326 [none]
[debug] [2025-10-01T21:17:21.173Z] >>> [apiv2][body] POST https://upload-firebasehosting.googleapis.com/upload/sites/end-of-time-94cd3/versions/304b9a4431283ff5/files/e1d2beac4dff3f2c49f1e68aa55833184902c29c656f6882a2387344ec7c7326 [stream]
[debug] [2025-10-01T21:17:21.173Z] >>> [apiv2][query] POST https://upload-firebasehosting.googleapis.com/upload/sites/end-of-time-94cd3/versions/304b9a4431283ff5/files/e0d47c03d61b2b0d946902399c4d7574f78040a423fda5eeb59b31bbdacd05ba [none]
[debug] [2025-10-01T21:17:21.173Z] >>> [apiv2][body] POST https://upload-firebasehosting.googleapis.com/upload/sites/end-of-time-94cd3/versions/304b9a4431283ff5/files/e0d47c03d61b2b0d946902399c4d7574f78040a423fda5eeb59b31bbdacd05ba [stream]
[debug] [2025-10-01T21:17:21.176Z] [hosting][populate queue][FINAL] {"max":506,"min":506,"avg":506,"active":0,"complete":1,"success":1,"errored":0,"retried":0,"total":1,"elapsed":511}
[debug] [2025-10-01T21:17:21.177Z] [hosting] uploads queued: 3
[info] i  hosting: uploading new files [0/3] (0%) 
[debug] [2025-10-01T21:17:22.692Z] <<< [apiv2][status] POST https://upload-firebasehosting.googleapis.com/upload/sites/end-of-time-94cd3/versions/304b9a4431283ff5/files/24e5205b317f7243aebaf269ae40716ed85e1297ca6552260e0ae507c5f71be9 200
[debug] [2025-10-01T21:17:22.693Z] <<< [apiv2][body] POST https://upload-firebasehosting.googleapis.com/upload/sites/end-of-time-94cd3/versions/304b9a4431283ff5/files/24e5205b317f7243aebaf269ae40716ed85e1297ca6552260e0ae507c5f71be9 [stream]
[debug] [2025-10-01T21:17:22.693Z] <<< [apiv2][status] POST https://upload-firebasehosting.googleapis.com/upload/sites/end-of-time-94cd3/versions/304b9a4431283ff5/files/e1d2beac4dff3f2c49f1e68aa55833184902c29c656f6882a2387344ec7c7326 200
[debug] [2025-10-01T21:17:22.693Z] <<< [apiv2][body] POST https://upload-firebasehosting.googleapis.com/upload/sites/end-of-time-94cd3/versions/304b9a4431283ff5/files/e1d2beac4dff3f2c49f1e68aa55833184902c29c656f6882a2387344ec7c7326 [stream]
[debug] [2025-10-01T21:17:23.138Z] <<< [apiv2][status] POST https://upload-firebasehosting.googleapis.com/upload/sites/end-of-time-94cd3/versions/304b9a4431283ff5/files/e0d47c03d61b2b0d946902399c4d7574f78040a423fda5eeb59b31bbdacd05ba 200
[debug] [2025-10-01T21:17:23.138Z] <<< [apiv2][body] POST https://upload-firebasehosting.googleapis.com/upload/sites/end-of-time-94cd3/versions/304b9a4431283ff5/files/e0d47c03d61b2b0d946902399c4d7574f78040a423fda5eeb59b31bbdacd05ba [stream]
[debug] [2025-10-01T21:17:23.138Z] [hosting][upload queue][FINAL] {"max":1967,"min":1522,"avg":1670.3333333333333,"active":0,"complete":3,"success":3,"errored":0,"retried":0,"total":3,"elapsed":1967}
[info] i  hosting: upload complete 
[info] +  hosting[end-of-time-94cd3]: file upload complete 
[debug] [2025-10-01T21:17:23.139Z] [hosting] deploy completed after 2537ms
[debug] [2025-10-01T21:17:23.139Z] [rules] releasing cloud.firestore/(default) with ruleset projects/end-of-time-94cd3/rulesets/68474669-bfd1-460f-8513-1bd661aba286
[debug] [2025-10-01T21:17:23.139Z] Checked if tokens are valid: true, expires at: 1759356586532
[debug] [2025-10-01T21:17:23.139Z] Checked if tokens are valid: true, expires at: 1759356586532
[debug] [2025-10-01T21:17:23.139Z] >>> [apiv2][query] PATCH https://firebaserules.googleapis.com/v1/projects/end-of-time-94cd3/releases/cloud.firestore/(default) [none]
[debug] [2025-10-01T21:17:23.139Z] >>> [apiv2][body] PATCH https://firebaserules.googleapis.com/v1/projects/end-of-time-94cd3/releases/cloud.firestore/(default) {"release":{"name":"projects/end-of-time-94cd3/releases/cloud.firestore/(default)","rulesetName":"projects/end-of-time-94cd3/rulesets/68474669-bfd1-460f-8513-1bd661aba286"}}
[debug] [2025-10-01T21:17:24.150Z] <<< [apiv2][status] PATCH https://firebaserules.googleapis.com/v1/projects/end-of-time-94cd3/releases/cloud.firestore/(default) 200
[debug] [2025-10-01T21:17:24.150Z] <<< [apiv2][body] PATCH https://firebaserules.googleapis.com/v1/projects/end-of-time-94cd3/releases/cloud.firestore/(default) {"name":"projects/end-of-time-94cd3/releases/cloud.firestore","rulesetName":"projects/end-of-time-94cd3/rulesets/68474669-bfd1-460f-8513-1bd661aba286","createTime":"2025-08-07T13:16:05.983290Z","updateTime":"2025-10-01T21:17:21.619533Z"}
[debug] [2025-10-01T21:17:24.150Z] [rules] updated release projects/end-of-time-94cd3/releases/cloud.firestore
[info] +  firestore: released rules firestore-rules.txt to cloud.firestore 
[error] 
[error] Error: The following functions are found in your project but do not exist in your local source code:
	submitScore(us-central1)

Aborting because deletion cannot proceed in non-interactive mode. To fix, manually delete the functions by running:
	firebase functions:delete submitScore --region us-central1
[debug] [2025-10-01T21:17:46.411Z] ----------------------------------------------------------------------
[debug] [2025-10-01T21:17:46.413Z] Command:       C:\Program Files\nodejs\node.exe C:\Users\fanel\AppData\Roaming\npm\node_modules\firebase-tools\lib\bin\firebase.js functions:delete submitScore --region us-central1 --force
[debug] [2025-10-01T21:17:46.414Z] CLI Version:   14.12.0
[debug] [2025-10-01T21:17:46.414Z] Platform:      win32
[debug] [2025-10-01T21:17:46.414Z] Node Version:  v24.5.0
[debug] [2025-10-01T21:17:46.414Z] Time:          Wed Oct 01 2025 23:17:46 GMT+0200 (South Africa Standard Time)
[debug] [2025-10-01T21:17:46.414Z] ----------------------------------------------------------------------
[debug] 
[debug] [2025-10-01T21:17:46.567Z] > command requires scopes: ["email","openid","https://www.googleapis.com/auth/cloudplatformprojects.readonly","https://www.googleapis.com/auth/firebase","https://www.googleapis.com/auth/cloud-platform"]
[debug] [2025-10-01T21:17:46.568Z] > authorizing via signed-in user (fanelesibonge50@gmail.com)
[debug] [2025-10-01T21:17:46.568Z] [iam] checking project end-of-time-94cd3 for permissions ["cloudfunctions.functions.delete","cloudfunctions.functions.list","firebase.projects.get"]
[debug] [2025-10-01T21:17:46.569Z] Checked if tokens are valid: true, expires at: 1759356586532
[debug] [2025-10-01T21:17:46.569Z] Checked if tokens are valid: true, expires at: 1759356586532
[debug] [2025-10-01T21:17:46.570Z] >>> [apiv2][query] POST https://cloudresourcemanager.googleapis.com/v1/projects/end-of-time-94cd3:testIamPermissions [none]
[debug] [2025-10-01T21:17:46.570Z] >>> [apiv2][(partial)header] POST https://cloudresourcemanager.googleapis.com/v1/projects/end-of-time-94cd3:testIamPermissions x-goog-quota-user=projects/end-of-time-94cd3
[debug] [2025-10-01T21:17:46.570Z] >>> [apiv2][body] POST https://cloudresourcemanager.googleapis.com/v1/projects/end-of-time-94cd3:testIamPermissions {"permissions":["cloudfunctions.functions.delete","cloudfunctions.functions.list","firebase.projects.get"]}
[debug] [2025-10-01T21:17:48.207Z] <<< [apiv2][status] POST https://cloudresourcemanager.googleapis.com/v1/projects/end-of-time-94cd3:testIamPermissions 200
[debug] [2025-10-01T21:17:48.207Z] <<< [apiv2][body] POST https://cloudresourcemanager.googleapis.com/v1/projects/end-of-time-94cd3:testIamPermissions {"permissions":["cloudfunctions.functions.delete","cloudfunctions.functions.list","firebase.projects.get"]}
[debug] [2025-10-01T21:17:48.207Z] Checked if tokens are valid: true, expires at: 1759356586532
[debug] [2025-10-01T21:17:48.207Z] Checked if tokens are valid: true, expires at: 1759356586532
[debug] [2025-10-01T21:17:48.208Z] Checked if tokens are valid: true, expires at: 1759356586532
[debug] [2025-10-01T21:17:48.208Z] Checked if tokens are valid: true, expires at: 1759356586532
[debug] [2025-10-01T21:17:48.208Z] >>> [apiv2][query] GET https://firebase.googleapis.com/v1beta1/projects/end-of-time-94cd3/adminSdkConfig [none]
[debug] [2025-10-01T21:17:48.209Z] >>> [apiv2][query] GET https://cloudfunctions.googleapis.com/v1/projects/end-of-time-94cd3/locations/-/functions [none]
[debug] [2025-10-01T21:17:48.763Z] <<< [apiv2][status] GET https://firebase.googleapis.com/v1beta1/projects/end-of-time-94cd3/adminSdkConfig 200
[debug] [2025-10-01T21:17:48.763Z] <<< [apiv2][body] GET https://firebase.googleapis.com/v1beta1/projects/end-of-time-94cd3/adminSdkConfig {"projectId":"end-of-time-94cd3","storageBucket":"end-of-time-94cd3.firebasestorage.app"}
[debug] [2025-10-01T21:17:50.175Z] <<< [apiv2][status] GET https://cloudfunctions.googleapis.com/v1/projects/end-of-time-94cd3/locations/-/functions 200
[debug] [2025-10-01T21:17:50.175Z] <<< [apiv2][body] GET https://cloudfunctions.googleapis.com/v1/projects/end-of-time-94cd3/locations/-/functions {}
[debug] [2025-10-01T21:17:50.175Z] Checked if tokens are valid: true, expires at: 1759356586532
[debug] [2025-10-01T21:17:50.175Z] Checked if tokens are valid: true, expires at: 1759356586532
[debug] [2025-10-01T21:17:50.176Z] >>> [apiv2][query] GET https://cloudfunctions.googleapis.com/v2/projects/end-of-time-94cd3/locations/-/functions filter=environment%3D%22GEN_2%22
[debug] [2025-10-01T21:17:52.407Z] <<< [apiv2][status] GET https://cloudfunctions.googleapis.com/v2/projects/end-of-time-94cd3/locations/-/functions 200
[debug] [2025-10-01T21:17:52.407Z] <<< [apiv2][body] GET https://cloudfunctions.googleapis.com/v2/projects/end-of-time-94cd3/locations/-/functions {"functions":[{"name":"projects/end-of-time-94cd3/locations/us-central1/functions/onInteractionCreate","buildConfig":{"build":"projects/628602476853/locations/us-central1/builds/d28fec1e-2a5f-4d34-b565-6748b63e8bc7","runtime":"nodejs20","entryPoint":"onInteractionCreate","source":{"storageSource":{"bucket":"gcf-v2-sources-628602476853-us-central1","object":"onInteractionCreate/function-source.zip","generation":"1759323737984811"}},"environmentVariables":{"GOOGLE_NODE_RUN_SCRIPTS":""},"dockerRepository":"projects/end-of-time-94cd3/locations/us-central1/repositories/gcf-artifacts","sourceProvenance":{"resolvedStorageSource":{"bucket":"gcf-v2-sources-628602476853-us-central1","object":"onInteractionCreate/function-source.zip","generation":"1759323737984811"}},"dockerRegistry":"ARTIFACT_REGISTRY","serviceAccount":"projects/end-of-time-94cd3/serviceAccounts/628602476853-compute@developer.gserviceaccount.com","automaticUpdatePolicy":{}},"serviceConfig":{"service":"projects/end-of-time-94cd3/locations/us-central1/services/oninteractioncreate","timeoutSeconds":60,"environmentVariables":{"FIREBASE_CONFIG":"{\"projectId\":\"end-of-time-94cd3\",\"storageBucket\":\"end-of-time-94cd3.firebasestorage.app\"}","GCLOUD_PROJECT":"end-of-time-94cd3","EVENTARC_CLOUD_EVENT_SOURCE":"projects/end-of-time-94cd3/locations/us-central1/services/onInteractionCreate","FUNCTION_SIGNATURE_TYPE":"cloudevent","FUNCTION_TARGET":"onInteractionCreate","LOG_EXECUTION_ID":"true"},"maxInstanceCount":20,"ingressSettings":"ALLOW_ALL","uri":"https://oninteractioncreate-rvcuhoocya-uc.a.run.app","serviceAccountEmail":"628602476853-compute@developer.gserviceaccount.com","availableMemory":"256Mi","allTrafficOnLatestRevision":true,"revision":"oninteractioncreate-00002-gaz","maxInstanceRequestConcurrency":80,"availableCpu":"1"},"eventTrigger":{"trigger":"projects/end-of-time-94cd3/locations/africa-south1/triggers/oninteractioncreate-479781","triggerRegion":"africa-south1","eventType":"google.cloud.firestore.document.v1.created","eventFilters":[{"attribute":"database","value":"(default)"},{"attribute":"namespace","value":"(default)"},{"attribute":"document","value":"prayers/{prayerId}/interactions/{interactionId}","operator":"match-path-pattern"}],"pubsubTopic":"projects/end-of-time-94cd3/topics/eventarc-africa-south1-oninteractioncreate-479781-469","serviceAccountEmail":"628602476853-compute@developer.gserviceaccount.com","retryPolicy":"RETRY_POLICY_DO_NOT_RETRY"},"state":"ACTIVE","updateTime":"2025-10-01T13:03:37.611673870Z","labels":{"firebase-functions-hash":"7ef968b6a2483ffda63cd83d643fe28277e2c125","deployment-tool":"cli-firebase"},"environment":"GEN_2","url":"https://us-central1-end-of-time-94cd3.cloudfunctions.net/onInteractionCreate","createTime":"2025-10-01T09:13:44.568352042Z","satisfiesPzi":true},{"name":"projects/end-of-time-94cd3/locations/us-central1/functions/submitScore","buildConfig":{"build":"projects/628602476853/locations/us-central1/builds/d28fec1e-2a5f-4d34-b565-6748b63e8bc7","runtime":"nodejs20","entryPoint":"submitScore","source":{"storageSource":{"bucket":"gcf-v2-sources-628602476853-us-central1","object":"submitScore/function-source.zip","generation":"1759323813352212"}},"environmentVariables":{"GOOGLE_NODE_RUN_SCRIPTS":""},"dockerRepository":"projects/end-of-time-94cd3/locations/us-central1/repositories/gcf-artifacts","sourceProvenance":{"resolvedStorageSource":{"bucket":"gcf-v2-sources-628602476853-us-central1","object":"submitScore/function-source.zip","generation":"1759323813352212"}},"dockerRegistry":"ARTIFACT_REGISTRY","serviceAccount":"projects/end-of-time-94cd3/serviceAccounts/628602476853-compute@developer.gserviceaccount.com","automaticUpdatePolicy":{}},"serviceConfig":{"service":"projects/end-of-time-94cd3/locations/us-central1/services/submitscore","timeoutSeconds":60,"environmentVariables":{"FIREBASE_CONFIG":"{\"projectId\":\"end-of-time-94cd3\",\"storageBucket\":\"end-of-time-94cd3.firebasestorage.app\"}","GCLOUD_PROJECT":"end-of-time-94cd3","EVENTARC_CLOUD_EVENT_SOURCE":"projects/end-of-time-94cd3/locations/us-central1/services/submitScore","FUNCTION_TARGET":"submitScore","LOG_EXECUTION_ID":"true","FUNCTION_SIGNATURE_TYPE":"http"},"maxInstanceCount":20,"ingressSettings":"ALLOW_ALL","uri":"https://submitscore-rvcuhoocya-uc.a.run.app","serviceAccountEmail":"628602476853-compute@developer.gserviceaccount.com","availableMemory":"256Mi","allTrafficOnLatestRevision":true,"revision":"submitscore-00002-bap","maxInstanceRequestConcurrency":80,"availableCpu":"1"},"state":"ACTIVE","updateTime":"2025-10-01T13:03:40.805580892Z","labels":{"deployment-tool":"cli-firebase","deployment-callable":"true","firebase-functions-hash":"7ef968b6a2483ffda63cd83d643fe28277e2c125"},"environment":"GEN_2","url":"https://us-central1-end-of-time-94cd3.cloudfunctions.net/submitScore","createTime":"2025-10-01T09:14:38.869077614Z","satisfiesPzi":true}]}
[debug] [2025-10-01T21:17:52.409Z] Checked if tokens are valid: true, expires at: 1759356586532
[debug] [2025-10-01T21:17:52.409Z] Checked if tokens are valid: true, expires at: 1759356586532
[debug] [2025-10-01T21:17:52.409Z] >>> [apiv2][query] GET https://cloudresourcemanager.googleapis.com/v1/projects/end-of-time-94cd3 [none]
[debug] [2025-10-01T21:17:52.735Z] <<< [apiv2][status] GET https://cloudresourcemanager.googleapis.com/v1/projects/end-of-time-94cd3 200
[debug] [2025-10-01T21:17:52.735Z] <<< [apiv2][body] GET https://cloudresourcemanager.googleapis.com/v1/projects/end-of-time-94cd3 {"projectNumber":"628602476853","projectId":"end-of-time-94cd3","lifecycleState":"ACTIVE","name":"End of Time","labels":{"firebase":"enabled","firebase-core":"disabled"},"createTime":"2025-08-07T11:37:20.813282Z"}
[info] i  functions: deleting Node.js 20 (2nd Gen) function submitScore(us-central1)... 
[debug] [2025-10-01T21:17:52.736Z] Checked if tokens are valid: true, expires at: 1759356586532
[debug] [2025-10-01T21:17:52.736Z] Checked if tokens are valid: true, expires at: 1759356586532
[debug] [2025-10-01T21:17:52.736Z] >>> [apiv2][query] DELETE https://cloudfunctions.googleapis.com/v2/projects/end-of-time-94cd3/locations/us-central1/functions/submitScore [none]
[debug] [2025-10-01T21:17:53.613Z] <<< [apiv2][status] DELETE https://cloudfunctions.googleapis.com/v2/projects/end-of-time-94cd3/locations/us-central1/functions/submitScore 200
[debug] [2025-10-01T21:17:53.613Z] <<< [apiv2][body] DELETE https://cloudfunctions.googleapis.com/v2/projects/end-of-time-94cd3/locations/us-central1/functions/submitScore {"name":"projects/end-of-time-94cd3/locations/us-central1/operations/operation-1759353471082-6401f66ada0fd-d2eb0f18-141d32f5","metadata":{"@type":"type.googleapis.com/google.cloud.functions.v2.OperationMetadata","createTime":"2025-10-01T21:17:51.099525569Z","target":"projects/end-of-time-94cd3/locations/us-central1/functions/submitScore","verb":"delete","cancelRequested":false,"apiVersion":"v2"},"done":false}
[debug] [2025-10-01T21:17:53.613Z] Checked if tokens are valid: true, expires at: 1759356586532
[debug] [2025-10-01T21:17:53.613Z] Checked if tokens are valid: true, expires at: 1759356586532
[debug] [2025-10-01T21:17:53.613Z] >>> [apiv2][query] GET https://cloudfunctions.googleapis.com/v2/projects/end-of-time-94cd3/locations/us-central1/operations/operation-1759353471082-6401f66ada0fd-d2eb0f18-141d32f5 [none]
[debug] [2025-10-01T21:17:54.447Z] <<< [apiv2][status] GET https://cloudfunctions.googleapis.com/v2/projects/end-of-time-94cd3/locations/us-central1/operations/operation-1759353471082-6401f66ada0fd-d2eb0f18-141d32f5 200
[debug] [2025-10-01T21:17:54.447Z] <<< [apiv2][body] GET https://cloudfunctions.googleapis.com/v2/projects/end-of-time-94cd3/locations/us-central1/operations/operation-1759353471082-6401f66ada0fd-d2eb0f18-141d32f5 {"name":"projects/end-of-time-94cd3/locations/us-central1/operations/operation-1759353471082-6401f66ada0fd-d2eb0f18-141d32f5","metadata":{"@type":"type.googleapis.com/google.cloud.functions.v2.OperationMetadata","createTime":"2025-10-01T21:17:51.099525569Z","target":"projects/end-of-time-94cd3/locations/us-central1/functions/submitScore","verb":"delete","cancelRequested":false,"apiVersion":"v2","requestResource":{"@type":"type.googleapis.com/google.cloud.functions.v2.Function","name":"projects/end-of-time-94cd3/locations/us-central1/functions/submitScore","environment":"GEN_2"},"stages":[{"name":"ARTIFACT_REGISTRY","state":"NOT_STARTED"},{"name":"SERVICE","message":"Deleting Cloud Run service","state":"IN_PROGRESS","resource":"projects/end-of-time-94cd3/locations/us-central1/services/submitscore"}],"operationType":"DELETE_FUNCTION"},"done":false}
[debug] [2025-10-01T21:17:54.952Z] [delete-default-us-central1-submitScore] Retrying task index 0
[debug] [2025-10-01T21:17:54.953Z] Checked if tokens are valid: true, expires at: 1759356586532
[debug] [2025-10-01T21:17:54.953Z] Checked if tokens are valid: true, expires at: 1759356586532
[debug] [2025-10-01T21:17:54.953Z] >>> [apiv2][query] GET https://cloudfunctions.googleapis.com/v2/projects/end-of-time-94cd3/locations/us-central1/operations/operation-1759353471082-6401f66ada0fd-d2eb0f18-141d32f5 [none]
[debug] [2025-10-01T21:17:55.787Z] <<< [apiv2][status] GET https://cloudfunctions.googleapis.com/v2/projects/end-of-time-94cd3/locations/us-central1/operations/operation-1759353471082-6401f66ada0fd-d2eb0f18-141d32f5 200
[debug] [2025-10-01T21:17:55.787Z] <<< [apiv2][body] GET https://cloudfunctions.googleapis.com/v2/projects/end-of-time-94cd3/locations/us-central1/operations/operation-1759353471082-6401f66ada0fd-d2eb0f18-141d32f5 {"name":"projects/end-of-time-94cd3/locations/us-central1/operations/operation-1759353471082-6401f66ada0fd-d2eb0f18-141d32f5","metadata":{"@type":"type.googleapis.com/google.cloud.functions.v2.OperationMetadata","createTime":"2025-10-01T21:17:51.099525569Z","target":"projects/end-of-time-94cd3/locations/us-central1/functions/submitScore","verb":"delete","cancelRequested":false,"apiVersion":"v2","requestResource":{"@type":"type.googleapis.com/google.cloud.functions.v2.Function","name":"projects/end-of-time-94cd3/locations/us-central1/functions/submitScore","environment":"GEN_2"},"stages":[{"name":"ARTIFACT_REGISTRY","state":"NOT_STARTED"},{"name":"SERVICE","message":"Deleting Cloud Run service","state":"IN_PROGRESS","resource":"projects/end-of-time-94cd3/locations/us-central1/services/submitscore"}],"operationType":"DELETE_FUNCTION"},"done":false}
[debug] [2025-10-01T21:17:56.801Z] [delete-default-us-central1-submitScore] Retrying task index 0
[debug] [2025-10-01T21:17:56.801Z] Checked if tokens are valid: true, expires at: 1759356586532
[debug] [2025-10-01T21:17:56.801Z] Checked if tokens are valid: true, expires at: 1759356586532
[debug] [2025-10-01T21:17:56.801Z] >>> [apiv2][query] GET https://cloudfunctions.googleapis.com/v2/projects/end-of-time-94cd3/locations/us-central1/operations/operation-1759353471082-6401f66ada0fd-d2eb0f18-141d32f5 [none]
[debug] [2025-10-01T21:17:57.640Z] <<< [apiv2][status] GET https://cloudfunctions.googleapis.com/v2/projects/end-of-time-94cd3/locations/us-central1/operations/operation-1759353471082-6401f66ada0fd-d2eb0f18-141d32f5 200
[debug] [2025-10-01T21:17:57.640Z] <<< [apiv2][body] GET https://cloudfunctions.googleapis.com/v2/projects/end-of-time-94cd3/locations/us-central1/operations/operation-1759353471082-6401f66ada0fd-d2eb0f18-141d32f5 {"name":"projects/end-of-time-94cd3/locations/us-central1/operations/operation-1759353471082-6401f66ada0fd-d2eb0f18-141d32f5","metadata":{"@type":"type.googleapis.com/google.cloud.functions.v2.OperationMetadata","createTime":"2025-10-01T21:17:51.099525569Z","endTime":"2025-10-01T21:17:53.780449347Z","target":"projects/end-of-time-94cd3/locations/us-central1/functions/submitScore","verb":"delete","cancelRequested":false,"apiVersion":"v2","requestResource":{"@type":"type.googleapis.com/google.cloud.functions.v2.Function","name":"projects/end-of-time-94cd3/locations/us-central1/functions/submitScore","environment":"GEN_2"},"stages":[{"name":"ARTIFACT_REGISTRY","message":"Deleting function artifacts in Artifact Registry","state":"COMPLETE"},{"name":"SERVICE","message":"Deleting Cloud Run service","state":"COMPLETE","resource":"projects/end-of-time-94cd3/locations/us-central1/services/submitscore"}],"operationType":"DELETE_FUNCTION"},"done":true,"response":{"@type":"type.googleapis.com/google.protobuf.Empty"}}
[info] +  functions[submitScore(us-central1)] Successful delete operation. 
[debug] [2025-10-01T21:17:57.644Z] Total Function Deployment time: 4905
[debug] [2025-10-01T21:17:57.644Z] 1 Functions Deployed
[debug] [2025-10-01T21:17:57.644Z] 0 Functions Errored
[debug] [2025-10-01T21:17:57.644Z] 0 Function Deployments Aborted
[debug] [2025-10-01T21:17:57.644Z] Average Function Deployment time: 4905
[debug] [2025-10-01T21:18:07.849Z] ----------------------------------------------------------------------
[debug] [2025-10-01T21:18:07.854Z] Command:       C:\Program Files\nodejs\node.exe C:\Users\fanel\AppData\Roaming\npm\node_modules\firebase-tools\lib\bin\firebase.js deploy --only firestore:rules,hosting,functions
[debug] [2025-10-01T21:18:07.854Z] CLI Version:   14.12.0
[debug] [2025-10-01T21:18:07.854Z] Platform:      win32
[debug] [2025-10-01T21:18:07.854Z] Node Version:  v24.5.0
[debug] [2025-10-01T21:18:07.854Z] Time:          Wed Oct 01 2025 23:18:07 GMT+0200 (South Africa Standard Time)
[debug] [2025-10-01T21:18:07.855Z] ----------------------------------------------------------------------
[debug] 
[debug] [2025-10-01T21:18:08.043Z] > command requires scopes: ["email","openid","https://www.googleapis.com/auth/cloudplatformprojects.readonly","https://www.googleapis.com/auth/firebase","https://www.googleapis.com/auth/cloud-platform"]
[debug] [2025-10-01T21:18:08.044Z] > authorizing via signed-in user (fanelesibonge50@gmail.com)
[debug] [2025-10-01T21:18:08.044Z] [iam] checking project end-of-time-94cd3 for permissions ["cloudfunctions.functions.create","cloudfunctions.functions.delete","cloudfunctions.functions.get","cloudfunctions.functions.list","cloudfunctions.functions.update","cloudfunctions.operations.get","datastore.indexes.create","datastore.indexes.delete","datastore.indexes.list","datastore.indexes.update","firebase.projects.get","firebasehosting.sites.update"]
[debug] [2025-10-01T21:18:08.045Z] Checked if tokens are valid: true, expires at: 1759356586532
[debug] [2025-10-01T21:18:08.045Z] Checked if tokens are valid: true, expires at: 1759356586532
[debug] [2025-10-01T21:18:08.046Z] >>> [apiv2][query] POST https://cloudresourcemanager.googleapis.com/v1/projects/end-of-time-94cd3:testIamPermissions [none]
[debug] [2025-10-01T21:18:08.046Z] >>> [apiv2][(partial)header] POST https://cloudresourcemanager.googleapis.com/v1/projects/end-of-time-94cd3:testIamPermissions x-goog-quota-user=projects/end-of-time-94cd3
[debug] [2025-10-01T21:18:08.046Z] >>> [apiv2][body] POST https://cloudresourcemanager.googleapis.com/v1/projects/end-of-time-94cd3:testIamPermissions {"permissions":["cloudfunctions.functions.create","cloudfunctions.functions.delete","cloudfunctions.functions.get","cloudfunctions.functions.list","cloudfunctions.functions.update","cloudfunctions.operations.get","datastore.indexes.create","datastore.indexes.delete","datastore.indexes.list","datastore.indexes.update","firebase.projects.get","firebasehosting.sites.update"]}
[debug] [2025-10-01T21:18:09.685Z] <<< [apiv2][status] POST https://cloudresourcemanager.googleapis.com/v1/projects/end-of-time-94cd3:testIamPermissions 200
[debug] [2025-10-01T21:18:09.685Z] <<< [apiv2][body] POST https://cloudresourcemanager.googleapis.com/v1/projects/end-of-time-94cd3:testIamPermissions {"permissions":["cloudfunctions.functions.create","cloudfunctions.functions.delete","cloudfunctions.functions.get","cloudfunctions.functions.list","cloudfunctions.functions.update","cloudfunctions.operations.get","datastore.indexes.create","datastore.indexes.delete","datastore.indexes.list","datastore.indexes.update","firebase.projects.get","firebasehosting.sites.update"]}
[debug] [2025-10-01T21:18:09.686Z] Checked if tokens are valid: true, expires at: 1759356586532
[debug] [2025-10-01T21:18:09.686Z] Checked if tokens are valid: true, expires at: 1759356586532
[debug] [2025-10-01T21:18:09.686Z] >>> [apiv2][query] POST https://iam.googleapis.com/v1/projects/end-of-time-94cd3/serviceAccounts/end-of-time-94cd3@appspot.gserviceaccount.com:testIamPermissions [none]
[debug] [2025-10-01T21:18:09.686Z] >>> [apiv2][body] POST https://iam.googleapis.com/v1/projects/end-of-time-94cd3/serviceAccounts/end-of-time-94cd3@appspot.gserviceaccount.com:testIamPermissions {"permissions":["iam.serviceAccounts.actAs"]}
[debug] [2025-10-01T21:18:11.331Z] <<< [apiv2][status] POST https://iam.googleapis.com/v1/projects/end-of-time-94cd3/serviceAccounts/end-of-time-94cd3@appspot.gserviceaccount.com:testIamPermissions 200
[debug] [2025-10-01T21:18:11.332Z] <<< [apiv2][body] POST https://iam.googleapis.com/v1/projects/end-of-time-94cd3/serviceAccounts/end-of-time-94cd3@appspot.gserviceaccount.com:testIamPermissions {"permissions":["iam.serviceAccounts.actAs"]}
[debug] [2025-10-01T21:18:11.332Z] Checked if tokens are valid: true, expires at: 1759356586532
[debug] [2025-10-01T21:18:11.332Z] Checked if tokens are valid: true, expires at: 1759356586532
[debug] [2025-10-01T21:18:11.332Z] >>> [apiv2][query] GET https://firebase.googleapis.com/v1beta1/projects/end-of-time-94cd3 [none]
[debug] [2025-10-01T21:18:11.890Z] <<< [apiv2][status] GET https://firebase.googleapis.com/v1beta1/projects/end-of-time-94cd3 200
[debug] [2025-10-01T21:18:11.890Z] <<< [apiv2][body] GET https://firebase.googleapis.com/v1beta1/projects/end-of-time-94cd3 {"projectId":"end-of-time-94cd3","projectNumber":"628602476853","displayName":"End of Time","name":"projects/end-of-time-94cd3","resources":{"hostingSite":"end-of-time-94cd3"},"state":"ACTIVE","etag":"1_89cdfba8-2370-4ea1-b19c-81562d064c47"}
[info] 
[info] === Deploying to 'end-of-time-94cd3'...
[info] 
[info] i  deploying firestore, functions, hosting 
[info] i  firestore: reading indexes from firestore.indexes.json... 
[info] i  cloud.firestore: checking firestore-rules.txt for compilation errors... 
[debug] [2025-10-01T21:18:11.894Z] Checked if tokens are valid: true, expires at: 1759356586532
[debug] [2025-10-01T21:18:11.894Z] Checked if tokens are valid: true, expires at: 1759356586532
[debug] [2025-10-01T21:18:11.894Z] >>> [apiv2][query] POST https://firebaserules.googleapis.com/v1/projects/end-of-time-94cd3:test [none]
[debug] [2025-10-01T21:18:11.894Z] >>> [apiv2][body] POST https://firebaserules.googleapis.com/v1/projects/end-of-time-94cd3:test [omitted]
[debug] [2025-10-01T21:18:12.892Z] <<< [apiv2][status] POST https://firebaserules.googleapis.com/v1/projects/end-of-time-94cd3:test 200
[debug] [2025-10-01T21:18:12.892Z] <<< [apiv2][body] POST https://firebaserules.googleapis.com/v1/projects/end-of-time-94cd3:test {}
[info] +  cloud.firestore: rules file firestore-rules.txt compiled successfully 
[debug] [2025-10-01T21:18:12.893Z] Checked if tokens are valid: true, expires at: 1759356586532
[debug] [2025-10-01T21:18:12.893Z] Checked if tokens are valid: true, expires at: 1759356586532
[debug] [2025-10-01T21:18:12.893Z] >>> [apiv2][query] GET https://cloudresourcemanager.googleapis.com/v1/projects/end-of-time-94cd3 [none]
[debug] [2025-10-01T21:18:13.224Z] <<< [apiv2][status] GET https://cloudresourcemanager.googleapis.com/v1/projects/end-of-time-94cd3 200
[debug] [2025-10-01T21:18:13.224Z] <<< [apiv2][body] GET https://cloudresourcemanager.googleapis.com/v1/projects/end-of-time-94cd3 {"projectNumber":"628602476853","projectId":"end-of-time-94cd3","lifecycleState":"ACTIVE","name":"End of Time","labels":{"firebase":"enabled","firebase-core":"disabled"},"createTime":"2025-08-07T11:37:20.813282Z"}
[info] i  functions: preparing codebase default for deployment 
[info] i  functions: ensuring required API cloudfunctions.googleapis.com is enabled... 
[info] i  functions: ensuring required API cloudbuild.googleapis.com is enabled... 
[info] i  artifactregistry: ensuring required API artifactregistry.googleapis.com is enabled... 
[debug] [2025-10-01T21:18:13.226Z] Checked if tokens are valid: true, expires at: 1759356586532
[debug] [2025-10-01T21:18:13.226Z] Checked if tokens are valid: true, expires at: 1759356586532
[debug] [2025-10-01T21:18:13.226Z] >>> [apiv2][query] GET https://firebase.googleapis.com/v1beta1/projects/end-of-time-94cd3/adminSdkConfig [none]
[debug] [2025-10-01T21:18:13.570Z] <<< [apiv2][status] GET https://firebase.googleapis.com/v1beta1/projects/end-of-time-94cd3/adminSdkConfig 200
[debug] [2025-10-01T21:18:13.571Z] <<< [apiv2][body] GET https://firebase.googleapis.com/v1beta1/projects/end-of-time-94cd3/adminSdkConfig {"projectId":"end-of-time-94cd3","storageBucket":"end-of-time-94cd3.firebasestorage.app"}
[debug] [2025-10-01T21:18:13.571Z] Checked if tokens are valid: true, expires at: 1759356586532
[debug] [2025-10-01T21:18:13.571Z] Checked if tokens are valid: true, expires at: 1759356586532
[debug] [2025-10-01T21:18:13.571Z] >>> [apiv2][query] GET https://runtimeconfig.googleapis.com/v1beta1/projects/end-of-time-94cd3/configs [none]
[debug] [2025-10-01T21:18:14.633Z] <<< [apiv2][status] GET https://runtimeconfig.googleapis.com/v1beta1/projects/end-of-time-94cd3/configs 200
[debug] [2025-10-01T21:18:14.634Z] <<< [apiv2][body] GET https://runtimeconfig.googleapis.com/v1beta1/projects/end-of-time-94cd3/configs {"configs":[{"name":"projects/end-of-time-94cd3/configs/email"}]}
[debug] [2025-10-01T21:18:14.634Z] Checked if tokens are valid: true, expires at: 1759356586532
[debug] [2025-10-01T21:18:14.634Z] Checked if tokens are valid: true, expires at: 1759356586532
[debug] [2025-10-01T21:18:14.634Z] >>> [apiv2][query] GET https://runtimeconfig.googleapis.com/v1beta1/projects/end-of-time-94cd3/configs/email/variables [none]
[debug] [2025-10-01T21:18:15.497Z] <<< [apiv2][status] GET https://runtimeconfig.googleapis.com/v1beta1/projects/end-of-time-94cd3/configs/email/variables 200
[debug] [2025-10-01T21:18:15.498Z] <<< [apiv2][body] GET https://runtimeconfig.googleapis.com/v1beta1/projects/end-of-time-94cd3/configs/email/variables {"variables":[{"name":"projects/end-of-time-94cd3/configs/email/variables/pass","updateTime":"2025-08-15T10:58:03.038240785Z"},{"name":"projects/end-of-time-94cd3/configs/email/variables/user","updateTime":"2025-08-15T10:57:09.375568404Z"}]}
[debug] [2025-10-01T21:18:15.498Z] Checked if tokens are valid: true, expires at: 1759356586532
[debug] [2025-10-01T21:18:15.498Z] Checked if tokens are valid: true, expires at: 1759356586532
[debug] [2025-10-01T21:18:15.498Z] Checked if tokens are valid: true, expires at: 1759356586532
[debug] [2025-10-01T21:18:15.498Z] Checked if tokens are valid: true, expires at: 1759356586532
[debug] [2025-10-01T21:18:15.498Z] >>> [apiv2][query] GET https://runtimeconfig.googleapis.com/v1beta1/projects/end-of-time-94cd3/configs/email/variables/pass [none]
[debug] [2025-10-01T21:18:15.499Z] >>> [apiv2][query] GET https://runtimeconfig.googleapis.com/v1beta1/projects/end-of-time-94cd3/configs/email/variables/user [none]
[debug] [2025-10-01T21:18:15.934Z] <<< [apiv2][status] GET https://runtimeconfig.googleapis.com/v1beta1/projects/end-of-time-94cd3/configs/email/variables/pass 200
[debug] [2025-10-01T21:18:15.934Z] <<< [apiv2][body] GET https://runtimeconfig.googleapis.com/v1beta1/projects/end-of-time-94cd3/configs/email/variables/pass {"name":"projects/end-of-time-94cd3/configs/email/variables/pass","updateTime":"2025-08-15T10:58:03.038240785Z","text":"znpv nfbd lerz mhbi"}
[debug] [2025-10-01T21:18:16.024Z] <<< [apiv2][status] GET https://runtimeconfig.googleapis.com/v1beta1/projects/end-of-time-94cd3/configs/email/variables/user 200
[debug] [2025-10-01T21:18:16.025Z] <<< [apiv2][body] GET https://runtimeconfig.googleapis.com/v1beta1/projects/end-of-time-94cd3/configs/email/variables/user {"name":"projects/end-of-time-94cd3/configs/email/variables/user","updateTime":"2025-08-15T10:57:09.375568404Z","text":"fanelesibonge50@gmail.com"}
[debug] [2025-10-01T21:18:16.026Z] Validating nodejs source
[warn] !  functions: Runtime Node.js 18 was deprecated on 2025-04-30 and will be decommissioned on 2025-10-30, after which you will not be able to deploy without upgrading. Consider upgrading now to avoid disruption. See https://cloud.google.com/functions/docs/runtime-support for full details on the lifecycle policy 
[warn] !  functions: package.json indicates an outdated version of firebase-functions. Please upgrade using npm install --save firebase-functions@latest in your functions directory. 
[warn] !  functions: Please note that there will be breaking changes when you upgrade. 
[debug] [2025-10-01T21:18:16.738Z] > [functions] package.json contents: {
  "name": "end-of-time-functions",
  "engines": {
    "node": "18"
  },
  "main": "index.js",
  "scripts": {
    "build": "tsc -p .",
    "deploy": "npm run build && firebase deploy --only functions"
  },
  "dependencies": {
    "firebase-admin": "^11.11.0",
    "firebase-functions": "^4.4.0",
    "node-fetch": "^3.3.2",
    "nodemailer": "^7.0.5"
  },
  "devDependencies": {
    "typescript": "^5.4.0"
  }
}
[debug] [2025-10-01T21:18:16.738Z] Building nodejs source
[info] i  functions: Loading and analyzing source code for codebase default to determine what to deploy 
[info] i  functions: You are using a version of firebase-functions SDK (4.9.0) that does not have support for the newest Firebase Extensions features. Please update firebase-functions SDK to >=5.1.0 to use them correctly 
[debug] [2025-10-01T21:18:16.744Z] Could not find functions.yaml. Must use http discovery
[debug] [2025-10-01T21:18:16.753Z] Found firebase-functions binary at 'c:\Users\fanel\Videos\Web App (End of Time)\VideoProc Converter - Copy - Copy - Copy (2) - Copy - Copy\functions\node_modules\.bin\firebase-functions'
[info] Serving at port 8590

[debug] [2025-10-01T21:18:17.340Z] Got response from /__/functions.yaml {"endpoints":{"onInteractionCreate":{"availableMemoryMb":null,"timeoutSeconds":null,"minInstances":null,"maxInstances":null,"ingressSettings":null,"concurrency":null,"serviceAccountEmail":null,"vpc":null,"platform":"gcfv2","labels":{},"eventTrigger":{"eventType":"google.cloud.firestore.document.v1.created","eventFilters":{"database":"(default)","namespace":"(default)"},"eventFilterPathPatterns":{"document":"prayers/{prayerId}/interactions/{interactionId}"},"retry":false},"entryPoint":"onInteractionCreate"},"sendEmailNotification":{"platform":"gcfv1","availableMemoryMb":null,"timeoutSeconds":null,"minInstances":null,"maxInstances":null,"ingressSettings":null,"serviceAccountEmail":null,"vpc":null,"eventTrigger":{"eventType":"providers/cloud.firestore/eventTypes/document.create","eventFilters":{"resource":"projects/end-of-time-94cd3/databases/(default)/documents/emailQueue/{docId}"},"retry":false},"labels":{},"entryPoint":"sendEmailNotification"}},"specVersion":"v1alpha1","requiredAPIs":[]}
[info] i  functions: preparing functions directory for uploading... 
[info] i  functions: packaged c:\Users\fanel\Videos\Web App (End of Time)\VideoProc Converter - Copy - Copy - Copy (2) - Copy - Copy\functions (43.14 KB) for uploading 
[info] i  functions: packaged c:\Users\fanel\Videos\Web App (End of Time)\VideoProc Converter - Copy - Copy - Copy (2) - Copy - Copy\functions (43.4 KB) for uploading 
[debug] [2025-10-01T21:18:21.437Z] Checked if tokens are valid: true, expires at: 1759356586532
[debug] [2025-10-01T21:18:21.437Z] Checked if tokens are valid: true, expires at: 1759356586532
[debug] [2025-10-01T21:18:21.437Z] >>> [apiv2][query] GET https://cloudfunctions.googleapis.com/v1/projects/end-of-time-94cd3/locations/-/functions [none]
[debug] [2025-10-01T21:18:23.705Z] <<< [apiv2][status] GET https://cloudfunctions.googleapis.com/v1/projects/end-of-time-94cd3/locations/-/functions 200
[debug] [2025-10-01T21:18:23.706Z] <<< [apiv2][body] GET https://cloudfunctions.googleapis.com/v1/projects/end-of-time-94cd3/locations/-/functions {}
[debug] [2025-10-01T21:18:23.706Z] Checked if tokens are valid: true, expires at: 1759356586532
[debug] [2025-10-01T21:18:23.706Z] Checked if tokens are valid: true, expires at: 1759356586532
[debug] [2025-10-01T21:18:23.706Z] >>> [apiv2][query] GET https://cloudfunctions.googleapis.com/v2/projects/end-of-time-94cd3/locations/-/functions filter=environment%3D%22GEN_2%22
[debug] [2025-10-01T21:18:26.071Z] <<< [apiv2][status] GET https://cloudfunctions.googleapis.com/v2/projects/end-of-time-94cd3/locations/-/functions 200
[debug] [2025-10-01T21:18:26.071Z] <<< [apiv2][body] GET https://cloudfunctions.googleapis.com/v2/projects/end-of-time-94cd3/locations/-/functions {"functions":[{"name":"projects/end-of-time-94cd3/locations/us-central1/functions/onInteractionCreate","buildConfig":{"build":"projects/628602476853/locations/us-central1/builds/d28fec1e-2a5f-4d34-b565-6748b63e8bc7","runtime":"nodejs20","entryPoint":"onInteractionCreate","source":{"storageSource":{"bucket":"gcf-v2-sources-628602476853-us-central1","object":"onInteractionCreate/function-source.zip","generation":"1759323737984811"}},"environmentVariables":{"GOOGLE_NODE_RUN_SCRIPTS":""},"dockerRepository":"projects/end-of-time-94cd3/locations/us-central1/repositories/gcf-artifacts","sourceProvenance":{"resolvedStorageSource":{"bucket":"gcf-v2-sources-628602476853-us-central1","object":"onInteractionCreate/function-source.zip","generation":"1759323737984811"}},"dockerRegistry":"ARTIFACT_REGISTRY","serviceAccount":"projects/end-of-time-94cd3/serviceAccounts/628602476853-compute@developer.gserviceaccount.com","automaticUpdatePolicy":{}},"serviceConfig":{"service":"projects/end-of-time-94cd3/locations/us-central1/services/oninteractioncreate","timeoutSeconds":60,"environmentVariables":{"FIREBASE_CONFIG":"{\"projectId\":\"end-of-time-94cd3\",\"storageBucket\":\"end-of-time-94cd3.firebasestorage.app\"}","GCLOUD_PROJECT":"end-of-time-94cd3","EVENTARC_CLOUD_EVENT_SOURCE":"projects/end-of-time-94cd3/locations/us-central1/services/onInteractionCreate","FUNCTION_SIGNATURE_TYPE":"cloudevent","FUNCTION_TARGET":"onInteractionCreate","LOG_EXECUTION_ID":"true"},"maxInstanceCount":20,"ingressSettings":"ALLOW_ALL","uri":"https://oninteractioncreate-rvcuhoocya-uc.a.run.app","serviceAccountEmail":"628602476853-compute@developer.gserviceaccount.com","availableMemory":"256Mi","allTrafficOnLatestRevision":true,"revision":"oninteractioncreate-00002-gaz","maxInstanceRequestConcurrency":80,"availableCpu":"1"},"eventTrigger":{"trigger":"projects/end-of-time-94cd3/locations/africa-south1/triggers/oninteractioncreate-479781","triggerRegion":"africa-south1","eventType":"google.cloud.firestore.document.v1.created","eventFilters":[{"attribute":"namespace","value":"(default)"},{"attribute":"document","value":"prayers/{prayerId}/interactions/{interactionId}","operator":"match-path-pattern"},{"attribute":"database","value":"(default)"}],"pubsubTopic":"projects/end-of-time-94cd3/topics/eventarc-africa-south1-oninteractioncreate-479781-469","serviceAccountEmail":"628602476853-compute@developer.gserviceaccount.com","retryPolicy":"RETRY_POLICY_DO_NOT_RETRY"},"state":"ACTIVE","updateTime":"2025-10-01T13:03:37.611673870Z","labels":{"deployment-tool":"cli-firebase","firebase-functions-hash":"7ef968b6a2483ffda63cd83d643fe28277e2c125"},"environment":"GEN_2","url":"https://us-central1-end-of-time-94cd3.cloudfunctions.net/onInteractionCreate","createTime":"2025-10-01T09:13:44.568352042Z","satisfiesPzi":true}]}
[debug] [2025-10-01T21:18:26.072Z] Checked if tokens are valid: true, expires at: 1759356586532
[debug] [2025-10-01T21:18:26.072Z] Checked if tokens are valid: true, expires at: 1759356586532
[debug] [2025-10-01T21:18:26.072Z] >>> [apiv2][query] GET https://firestore.googleapis.com/v1/projects/end-of-time-94cd3/databases/(default) [none]
[debug] [2025-10-01T21:18:26.797Z] <<< [apiv2][status] GET https://firestore.googleapis.com/v1/projects/end-of-time-94cd3/databases/(default) 200
[debug] [2025-10-01T21:18:26.798Z] <<< [apiv2][body] GET https://firestore.googleapis.com/v1/projects/end-of-time-94cd3/databases/(default) {"name":"projects/end-of-time-94cd3/databases/(default)","uid":"6b62c153-99ce-4b69-9b58-9389d65a2b79","createTime":"2025-08-07T13:15:58.421611Z","updateTime":"2025-08-07T13:15:58.421611Z","locationId":"africa-south1","type":"FIRESTORE_NATIVE","concurrencyMode":"PESSIMISTIC","versionRetentionPeriod":"3600s","earliestVersionTime":"2025-10-01T20:18:24.429895Z","appEngineIntegrationMode":"DISABLED","pointInTimeRecoveryEnablement":"POINT_IN_TIME_RECOVERY_DISABLED","deleteProtectionState":"DELETE_PROTECTION_DISABLED","databaseEdition":"STANDARD","freeTier":true,"etag":"IL7rqcX2g5ADMJSOg43NgZAD"}
[info] i  functions: ensuring required API run.googleapis.com is enabled... 
[info] i  functions: ensuring required API eventarc.googleapis.com is enabled... 
[info] i  functions: ensuring required API pubsub.googleapis.com is enabled... 
[info] i  functions: ensuring required API storage.googleapis.com is enabled... 
[info] i  functions: generating the service identity for pubsub.googleapis.com... 
[debug] [2025-10-01T21:18:26.800Z] Checked if tokens are valid: true, expires at: 1759356586532
[debug] [2025-10-01T21:18:26.800Z] Checked if tokens are valid: true, expires at: 1759356586532
[info] i  functions: generating the service identity for eventarc.googleapis.com... 
[debug] [2025-10-01T21:18:26.800Z] Checked if tokens are valid: true, expires at: 1759356586532
[debug] [2025-10-01T21:18:26.800Z] Checked if tokens are valid: true, expires at: 1759356586532
[debug] [2025-10-01T21:18:26.800Z] >>> [apiv2][query] POST https://serviceusage.googleapis.com/v1beta1/projects/628602476853/services/pubsub.googleapis.com:generateServiceIdentity [none]
[debug] [2025-10-01T21:18:26.801Z] >>> [apiv2][(partial)header] POST https://serviceusage.googleapis.com/v1beta1/projects/628602476853/services/pubsub.googleapis.com:generateServiceIdentity x-goog-quota-user=projects/628602476853
[debug] [2025-10-01T21:18:26.801Z] >>> [apiv2][body] POST https://serviceusage.googleapis.com/v1beta1/projects/628602476853/services/pubsub.googleapis.com:generateServiceIdentity {}
[debug] [2025-10-01T21:18:26.802Z] >>> [apiv2][query] POST https://serviceusage.googleapis.com/v1beta1/projects/628602476853/services/eventarc.googleapis.com:generateServiceIdentity [none]
[debug] [2025-10-01T21:18:26.802Z] >>> [apiv2][(partial)header] POST https://serviceusage.googleapis.com/v1beta1/projects/628602476853/services/eventarc.googleapis.com:generateServiceIdentity x-goog-quota-user=projects/628602476853
[debug] [2025-10-01T21:18:26.802Z] >>> [apiv2][body] POST https://serviceusage.googleapis.com/v1beta1/projects/628602476853/services/eventarc.googleapis.com:generateServiceIdentity {}
[debug] [2025-10-01T21:18:28.591Z] <<< [apiv2][status] POST https://serviceusage.googleapis.com/v1beta1/projects/628602476853/services/pubsub.googleapis.com:generateServiceIdentity 200
[debug] [2025-10-01T21:18:28.592Z] <<< [apiv2][body] POST https://serviceusage.googleapis.com/v1beta1/projects/628602476853/services/pubsub.googleapis.com:generateServiceIdentity {"name":"operations/finished.DONE_OPERATION","done":true,"response":{"@type":"type.googleapis.com/google.api.serviceusage.v1beta1.ServiceIdentity","email":"service-628602476853@gcp-sa-pubsub.iam.gserviceaccount.com","uniqueId":"116684213799607221479"}}
[debug] [2025-10-01T21:18:28.644Z] <<< [apiv2][status] POST https://serviceusage.googleapis.com/v1beta1/projects/628602476853/services/eventarc.googleapis.com:generateServiceIdentity 200
[debug] [2025-10-01T21:18:28.645Z] <<< [apiv2][body] POST https://serviceusage.googleapis.com/v1beta1/projects/628602476853/services/eventarc.googleapis.com:generateServiceIdentity {"name":"operations/finished.DONE_OPERATION","done":true,"response":{"@type":"type.googleapis.com/google.api.serviceusage.v1beta1.ServiceIdentity","email":"service-628602476853@gcp-sa-eventarc.iam.gserviceaccount.com","uniqueId":"101530374826516756217"}}
[debug] [2025-10-01T21:18:28.647Z] Checked if tokens are valid: true, expires at: 1759356586532
[debug] [2025-10-01T21:18:28.647Z] Checked if tokens are valid: true, expires at: 1759356586532
[debug] [2025-10-01T21:18:28.647Z] >>> [apiv2][query] GET https://cloudresourcemanager.googleapis.com/v1/projects/end-of-time-94cd3 [none]
[debug] [2025-10-01T21:18:30.256Z] <<< [apiv2][status] GET https://cloudresourcemanager.googleapis.com/v1/projects/end-of-time-94cd3 200
[debug] [2025-10-01T21:18:30.256Z] <<< [apiv2][body] GET https://cloudresourcemanager.googleapis.com/v1/projects/end-of-time-94cd3 {"projectNumber":"628602476853","projectId":"end-of-time-94cd3","lifecycleState":"ACTIVE","name":"End of Time","labels":{"firebase":"enabled","firebase-core":"disabled"},"createTime":"2025-08-07T11:37:20.813282Z"}
[debug] [2025-10-01T21:18:30.257Z] Checked if tokens are valid: true, expires at: 1759356586532
[debug] [2025-10-01T21:18:30.257Z] Checked if tokens are valid: true, expires at: 1759356586532
[debug] [2025-10-01T21:18:30.257Z] >>> [apiv2][query] GET https://compute.googleapis.com/compute/v1/projects/628602476853 [none]
[debug] [2025-10-01T21:18:30.749Z] <<< [apiv2][status] GET https://compute.googleapis.com/compute/v1/projects/628602476853 403
[debug] [2025-10-01T21:18:30.749Z] <<< [apiv2][body] GET https://compute.googleapis.com/compute/v1/projects/628602476853 {"error":{"code":403,"message":"Compute Engine API has not been used in project 628602476853 before or it is disabled. Enable it by visiting https://console.developers.google.com/apis/api/compute.googleapis.com/overview?project=628602476853 then retry. If you enabled this API recently, wait a few minutes for the action to propagate to our systems and retry.","errors":[{"message":"Compute Engine API has not been used in project 628602476853 before or it is disabled. Enable it by visiting https://console.developers.google.com/apis/api/compute.googleapis.com/overview?project=628602476853 then retry. If you enabled this API recently, wait a few minutes for the action to propagate to our systems and retry.","domain":"usageLimits","reason":"accessNotConfigured","extendedHelp":"https://console.developers.google.com"}],"status":"PERMISSION_DENIED","details":[{"@type":"type.googleapis.com/google.rpc.ErrorInfo","reason":"SERVICE_DISABLED","domain":"googleapis.com","metadata":{"serviceTitle":"Compute Engine API","service":"compute.googleapis.com","containerInfo":"628602476853","activationUrl":"https://console.developers.google.com/apis/api/compute.googleapis.com/overview?project=628602476853","consumer":"projects/628602476853"}},{"@type":"type.googleapis.com/google.rpc.LocalizedMessage","locale":"en-US","message":"Compute Engine API has not been used in project 628602476853 before or it is disabled. Enable it by visiting https://console.developers.google.com/apis/api/compute.googleapis.com/overview?project=628602476853 then retry. If you enabled this API recently, wait a few minutes for the action to propagate to our systems and retry."},{"@type":"type.googleapis.com/google.rpc.Help","links":[{"description":"Google developers console API activation","url":"https://console.developers.google.com/apis/api/compute.googleapis.com/overview?project=628602476853"}]}]}}
[debug] [2025-10-01T21:18:30.749Z] unable to look up default compute service account. Falling back to 628602476853-compute@developer.gserviceaccount.com. Error: {"name":"FirebaseError","children":[],"context":{"body":{"error":{"code":403,"message":"Compute Engine API has not been used in project 628602476853 before or it is disabled. Enable it by visiting https://console.developers.google.com/apis/api/compute.googleapis.com/overview?project=628602476853 then retry. If you enabled this API recently, wait a few minutes for the action to propagate to our systems and retry.","errors":[{"message":"Compute Engine API has not been used in project 628602476853 before or it is disabled. Enable it by visiting https://console.developers.google.com/apis/api/compute.googleapis.com/overview?project=628602476853 then retry. If you enabled this API recently, wait a few minutes for the action to propagate to our systems and retry.","domain":"usageLimits","reason":"accessNotConfigured","extendedHelp":"https://console.developers.google.com"}],"status":"PERMISSION_DENIED","details":[{"@type":"type.googleapis.com/google.rpc.ErrorInfo","reason":"SERVICE_DISABLED","domain":"googleapis.com","metadata":{"serviceTitle":"Compute Engine API","service":"compute.googleapis.com","containerInfo":"628602476853","activationUrl":"https://console.developers.google.com/apis/api/compute.googleapis.com/overview?project=628602476853","consumer":"projects/628602476853"}},{"@type":"type.googleapis.com/google.rpc.LocalizedMessage","locale":"en-US","message":"Compute Engine API has not been used in project 628602476853 before or it is disabled. Enable it by visiting https://console.developers.google.com/apis/api/compute.googleapis.com/overview?project=628602476853 then retry. If you enabled this API recently, wait a few minutes for the action to propagate to our systems and retry."},{"@type":"type.googleapis.com/google.rpc.Help","links":[{"description":"Google developers console API activation","url":"https://console.developers.google.com/apis/api/compute.googleapis.com/overview?project=628602476853"}]}]}},"response":{"statusCode":403}},"exit":1,"message":"Request to https://compute.googleapis.com/compute/v1/projects/628602476853 had HTTP Error: 403, Compute Engine API has not been used in project 628602476853 before or it is disabled. Enable it by visiting https://console.developers.google.com/apis/api/compute.googleapis.com/overview?project=628602476853 then retry. If you enabled this API recently, wait a few minutes for the action to propagate to our systems and retry.","status":403}
[debug] [2025-10-01T21:18:30.752Z] Checked if tokens are valid: true, expires at: 1759356586532
[debug] [2025-10-01T21:18:30.752Z] Checked if tokens are valid: true, expires at: 1759356586532
[debug] [2025-10-01T21:18:30.752Z] >>> [apiv2][query] POST https://firebasehosting.googleapis.com/v1beta1/projects/-/sites/end-of-time-94cd3/versions [none]
[debug] [2025-10-01T21:18:30.752Z] >>> [apiv2][body] POST https://firebasehosting.googleapis.com/v1beta1/projects/-/sites/end-of-time-94cd3/versions {"status":"CREATED","labels":{"deployment-tool":"cli-firebase"}}
[debug] [2025-10-01T21:18:32.729Z] <<< [apiv2][status] POST https://firebasehosting.googleapis.com/v1beta1/projects/-/sites/end-of-time-94cd3/versions 200
[debug] [2025-10-01T21:18:32.729Z] <<< [apiv2][body] POST https://firebasehosting.googleapis.com/v1beta1/projects/-/sites/end-of-time-94cd3/versions {"name":"projects/628602476853/sites/end-of-time-94cd3/versions/6afc50002aa10c43","status":"CREATED","config":{},"labels":{"deployment-tool":"cli-firebase"}}
[debug] [2025-10-01T21:18:32.730Z] Checked if tokens are valid: true, expires at: 1759356586532
[debug] [2025-10-01T21:18:32.730Z] Checked if tokens are valid: true, expires at: 1759356586532
[debug] [2025-10-01T21:18:32.730Z] >>> [apiv2][query] GET https://firestore.googleapis.com/v1/projects/end-of-time-94cd3/databases/(default) [none]
[debug] [2025-10-01T21:18:32.956Z] <<< [apiv2][status] GET https://firestore.googleapis.com/v1/projects/end-of-time-94cd3/databases/(default) 200
[debug] [2025-10-01T21:18:32.957Z] <<< [apiv2][body] GET https://firestore.googleapis.com/v1/projects/end-of-time-94cd3/databases/(default) {"name":"projects/end-of-time-94cd3/databases/(default)","uid":"6b62c153-99ce-4b69-9b58-9389d65a2b79","createTime":"2025-08-07T13:15:58.421611Z","updateTime":"2025-08-07T13:15:58.421611Z","locationId":"africa-south1","type":"FIRESTORE_NATIVE","concurrencyMode":"PESSIMISTIC","versionRetentionPeriod":"3600s","earliestVersionTime":"2025-10-01T20:18:30.588633Z","appEngineIntegrationMode":"DISABLED","pointInTimeRecoveryEnablement":"POINT_IN_TIME_RECOVERY_DISABLED","deleteProtectionState":"DELETE_PROTECTION_DISABLED","databaseEdition":"STANDARD","freeTier":true,"etag":"IOneocj2g5ADMJSOg43NgZAD"}
[debug] [2025-10-01T21:18:32.957Z] Checked if tokens are valid: true, expires at: 1759356586532
[debug] [2025-10-01T21:18:32.957Z] Checked if tokens are valid: true, expires at: 1759356586532
[debug] [2025-10-01T21:18:32.958Z] >>> [apiv2][query] GET https://firebaserules.googleapis.com/v1/projects/end-of-time-94cd3/releases pageSize=10&pageToken=
[debug] [2025-10-01T21:18:33.927Z] <<< [apiv2][status] GET https://firebaserules.googleapis.com/v1/projects/end-of-time-94cd3/releases 200
[debug] [2025-10-01T21:18:33.928Z] <<< [apiv2][body] GET https://firebaserules.googleapis.com/v1/projects/end-of-time-94cd3/releases {"releases":[{"name":"projects/end-of-time-94cd3/releases/cloud.firestore","rulesetName":"projects/end-of-time-94cd3/rulesets/68474669-bfd1-460f-8513-1bd661aba286","createTime":"2025-08-07T13:16:05.983290Z","updateTime":"2025-10-01T21:17:21.619533Z"}]}
[debug] [2025-10-01T21:18:33.928Z] Checked if tokens are valid: true, expires at: 1759356586532
[debug] [2025-10-01T21:18:33.928Z] Checked if tokens are valid: true, expires at: 1759356586532
[debug] [2025-10-01T21:18:33.928Z] >>> [apiv2][query] GET https://firebaserules.googleapis.com/v1/projects/end-of-time-94cd3/rulesets/68474669-bfd1-460f-8513-1bd661aba286 [none]
[debug] [2025-10-01T21:18:34.363Z] <<< [apiv2][status] GET https://firebaserules.googleapis.com/v1/projects/end-of-time-94cd3/rulesets/68474669-bfd1-460f-8513-1bd661aba286 200
[debug] [2025-10-01T21:18:34.363Z] <<< [apiv2][body] GET https://firebaserules.googleapis.com/v1/projects/end-of-time-94cd3/rulesets/68474669-bfd1-460f-8513-1bd661aba286 [omitted]
[info] i  firestore: latest version of firestore-rules.txt already up to date, skipping upload... 
[debug] [2025-10-01T21:18:34.365Z] Checked if tokens are valid: true, expires at: 1759356586532
[debug] [2025-10-01T21:18:34.365Z] Checked if tokens are valid: true, expires at: 1759356586532
[debug] [2025-10-01T21:18:34.365Z] Checked if tokens are valid: true, expires at: 1759356586532
[debug] [2025-10-01T21:18:34.365Z] Checked if tokens are valid: true, expires at: 1759356586532
[debug] [2025-10-01T21:18:34.365Z] >>> [apiv2][query] POST https://cloudfunctions.googleapis.com/v1/projects/end-of-time-94cd3/locations/us-central1/functions:generateUploadUrl [none]
[debug] [2025-10-01T21:18:34.365Z] >>> [apiv2][body] POST https://cloudfunctions.googleapis.com/v1/projects/end-of-time-94cd3/locations/us-central1/functions:generateUploadUrl {}
[debug] [2025-10-01T21:18:34.367Z] >>> [apiv2][query] POST https://cloudfunctions.googleapis.com/v2/projects/end-of-time-94cd3/locations/us-central1/functions:generateUploadUrl [none]
[debug] [2025-10-01T21:18:35.324Z] <<< [apiv2][status] POST https://cloudfunctions.googleapis.com/v1/projects/end-of-time-94cd3/locations/us-central1/functions:generateUploadUrl 200
[debug] [2025-10-01T21:18:35.324Z] <<< [apiv2][body] POST https://cloudfunctions.googleapis.com/v1/projects/end-of-time-94cd3/locations/us-central1/functions:generateUploadUrl {"uploadUrl":"https://storage.googleapis.com/uploads-942337535895.us-central1.cloudfunctions.appspot.com/8344b6c7-d4fe-4114-9f2b-a8efe8f014e9.zip?GoogleAccessId=service-628602476853@gcf-admin-robot.iam.gserviceaccount.com&Expires=1759355312&Signature=x%2FA%2FVgPXfN7NUzJH6BrqGv3buCPx%2BzfFnKNXyw4of%2BLvBhCGUPKJP6nnd%2Bo2cLIPzAHpbtt9w5k2e%2Fe29itEBAbE4GFuz5rSIrQN8Vj7%2BfsuoWoNcMeML%2BKJKVlPMXHfPVnFaB8Z%2FYTsR9xgZfOuqaZra2W5NZ%2FXt1P9SKI%2B9Xfz3z6kH0O8zCxjtN6IwyqIEl2HTCyi6a%2F7VLcLCbQSvXoTQhAGdV7DAb%2BUfptV9J0gmWotGxPEXFZe%2BTSeMRnxzUfY1a6eeqNh0AvEu8qztEZQRJL6%2FBB24bMhW6lZtuMksTk82HNmBOA1NQmirkjO5vtB5h3myvmuYRQOWZINnA%3D%3D"}
[debug] [2025-10-01T21:18:35.325Z] >>> [apiv2][query] PUT https://storage.googleapis.com/uploads-942337535895.us-central1.cloudfunctions.appspot.com/8344b6c7-d4fe-4114-9f2b-a8efe8f014e9.zip GoogleAccessId=service-628602476853%40gcf-admin-robot.iam.gserviceaccount.com&Expires=1759355312&Signature=x%2FA%2FVgPXfN7NUzJH6BrqGv3buCPx%2BzfFnKNXyw4of%2BLvBhCGUPKJP6nnd%2Bo2cLIPzAHpbtt9w5k2e%2Fe29itEBAbE4GFuz5rSIrQN8Vj7%2BfsuoWoNcMeML%2BKJKVlPMXHfPVnFaB8Z%2FYTsR9xgZfOuqaZra2W5NZ%2FXt1P9SKI%2B9Xfz3z6kH0O8zCxjtN6IwyqIEl2HTCyi6a%2F7VLcLCbQSvXoTQhAGdV7DAb%2BUfptV9J0gmWotGxPEXFZe%2BTSeMRnxzUfY1a6eeqNh0AvEu8qztEZQRJL6%2FBB24bMhW6lZtuMksTk82HNmBOA1NQmirkjO5vtB5h3myvmuYRQOWZINnA%3D%3D
[debug] [2025-10-01T21:18:35.325Z] >>> [apiv2][body] PUT https://storage.googleapis.com/uploads-942337535895.us-central1.cloudfunctions.appspot.com/8344b6c7-d4fe-4114-9f2b-a8efe8f014e9.zip [stream]
[debug] [2025-10-01T21:18:35.474Z] <<< [apiv2][status] POST https://cloudfunctions.googleapis.com/v2/projects/end-of-time-94cd3/locations/us-central1/functions:generateUploadUrl 200
[debug] [2025-10-01T21:18:35.474Z] <<< [apiv2][body] POST https://cloudfunctions.googleapis.com/v2/projects/end-of-time-94cd3/locations/us-central1/functions:generateUploadUrl {"uploadUrl":"https://storage.googleapis.com/gcf-v2-uploads-628602476853.us-central1.cloudfunctions.appspot.com/9dad7476-6d4f-4db3-8e24-5acd651c5421.zip?GoogleAccessId=service-628602476853@gcf-admin-robot.iam.gserviceaccount.com&Expires=1759355312&Signature=MkVxG5VFXsvKrYlx860ish%2B4dHRhW9TxlLmX%2BwkQGjqNJDhgUqxMyskvniMRRtT67S%2BE%2F59qMnkI8F19abErgrEbwWZ8fDiRHxncSMIkntWhg7blwwfYXFKBSVwuWJ7GTXfmomZPYUBWNNzht9bC0G0B1pVyNjgQG3un8KmJ9naxYmBaNswsOP%2FKvFT8NoFMM29jVFybD698sWXuU1FlS12oecfoMkMlSDOVI%2FwOU8S1HhyBEe299a%2FoZFHTgz%2F90V1IwnfCzio3MORmEPqpb%2FLALgohn2KxSspt6mKld08NSxqTNZbubSSI30rxFgDAihNhnphYBJpv%2Bz15T%2FBz4w%3D%3D","storageSource":{"bucket":"gcf-v2-uploads-628602476853.us-central1.cloudfunctions.appspot.com","object":"9dad7476-6d4f-4db3-8e24-5acd651c5421.zip"}}
[debug] [2025-10-01T21:18:35.475Z] >>> [apiv2][query] PUT https://storage.googleapis.com/gcf-v2-uploads-628602476853.us-central1.cloudfunctions.appspot.com/9dad7476-6d4f-4db3-8e24-5acd651c5421.zip GoogleAccessId=service-628602476853%40gcf-admin-robot.iam.gserviceaccount.com&Expires=1759355312&Signature=MkVxG5VFXsvKrYlx860ish%2B4dHRhW9TxlLmX%2BwkQGjqNJDhgUqxMyskvniMRRtT67S%2BE%2F59qMnkI8F19abErgrEbwWZ8fDiRHxncSMIkntWhg7blwwfYXFKBSVwuWJ7GTXfmomZPYUBWNNzht9bC0G0B1pVyNjgQG3un8KmJ9naxYmBaNswsOP%2FKvFT8NoFMM29jVFybD698sWXuU1FlS12oecfoMkMlSDOVI%2FwOU8S1HhyBEe299a%2FoZFHTgz%2F90V1IwnfCzio3MORmEPqpb%2FLALgohn2KxSspt6mKld08NSxqTNZbubSSI30rxFgDAihNhnphYBJpv%2Bz15T%2FBz4w%3D%3D
[debug] [2025-10-01T21:18:35.475Z] >>> [apiv2][body] PUT https://storage.googleapis.com/gcf-v2-uploads-628602476853.us-central1.cloudfunctions.appspot.com/9dad7476-6d4f-4db3-8e24-5acd651c5421.zip [stream]
[debug] [2025-10-01T21:18:36.342Z] <<< [apiv2][status] PUT https://storage.googleapis.com/gcf-v2-uploads-628602476853.us-central1.cloudfunctions.appspot.com/9dad7476-6d4f-4db3-8e24-5acd651c5421.zip 200
[debug] [2025-10-01T21:18:36.342Z] <<< [apiv2][body] PUT https://storage.googleapis.com/gcf-v2-uploads-628602476853.us-central1.cloudfunctions.appspot.com/9dad7476-6d4f-4db3-8e24-5acd651c5421.zip [omitted]
[debug] [2025-10-01T21:18:37.385Z] <<< [apiv2][status] PUT https://storage.googleapis.com/uploads-942337535895.us-central1.cloudfunctions.appspot.com/8344b6c7-d4fe-4114-9f2b-a8efe8f014e9.zip 200
[debug] [2025-10-01T21:18:37.386Z] <<< [apiv2][body] PUT https://storage.googleapis.com/uploads-942337535895.us-central1.cloudfunctions.appspot.com/8344b6c7-d4fe-4114-9f2b-a8efe8f014e9.zip [omitted]
[info] +  functions: functions folder uploaded successfully 
[info] i  hosting[end-of-time-94cd3]: beginning deploy... 
[info] i  hosting[end-of-time-94cd3]: found 99 files in . 
[debug] [2025-10-01T21:18:37.405Z] [hosting] uploading with 200 concurrency
[debug] [2025-10-01T21:18:37.415Z] Checked if tokens are valid: true, expires at: 1759356586532
[debug] [2025-10-01T21:18:37.415Z] Checked if tokens are valid: true, expires at: 1759356586532
[debug] [2025-10-01T21:18:37.416Z] [hosting] hash cache [] stored for 99 files
[debug] [2025-10-01T21:18:37.416Z] [hosting][hash queue][FINAL] {"max":4,"min":0,"avg":0.7471549291368619,"active":0,"complete":99,"success":99,"errored":0,"retried":0,"total":99,"elapsed":10}
[debug] [2025-10-01T21:18:37.416Z] >>> [apiv2][query] POST https://firebasehosting.googleapis.com/v1beta1/projects/628602476853/sites/end-of-time-94cd3/versions/6afc50002aa10c43:populateFiles [none]
[debug] [2025-10-01T21:18:37.417Z] >>> [apiv2][body] POST https://firebasehosting.googleapis.com/v1beta1/projects/628602476853/sites/end-of-time-94cd3/versions/6afc50002aa10c43:populateFiles {"files":{"/WRONG BUZZER 7.wav":"67486f7092540787e54d72b6a2f03e2cf7b7d2a3546f620a6cb7b4e04870d5cc","/Transition.wav":"2237f334e8f5e8bcb3521282d8ab392488b15fee94584b5df7f8933d8bf5512e","/Transition 2.wav":"c1056a8ec267bf1eeccb9f82fcd79bec2c4871de631a2ad0a8aa50f13f1a544b","/ticking_time.wav":"bc86335ca68258da8f73e6fee157556d04731807d16b7f9fc4909cf1e5bbe4a0","/styles.css.backup":"b9afea2d8bf68b3b36c96ce228dfcdd393b744d706bcfd9faadf17c9d1a83e74","/styles.css":"e0997249d2632f51d6ca75b9f49eae3f765d8f0b11119d6adfadcc13686b4ed4","/soundtrack 5.mp3":"2cdcb0310e02965e7c65a16affcc9b160911a1210814e94aefdc325a8fc06485","/soundtrack 4.mp3":"1ee41ab08cccdfc0cf777e58d8df14ae732e1da98d268b1f7026a4ed1bd65f5d","/soundtrack 3.mp3":"965c94818077a858e2f9545b2260a22dcff70a493dfb73ecf163ead33478682b","/soundtrack 2.mp3":"beef4ab3084dedd80bb37a319903f9c5efb83d6d109f1bc7675b348f335baf7b","/soundtrack 1.mp3":"64579bc035754e19c8dfae9d20610105080735f799cfa7a3b8d8b32a21b2ec46","/service-worker.js":"38bf1de714104665c4482e6544e12ed65ffa366acc47a794234fc3ad112fba35","/Semi Impact Risers-001.wav":"959311d4aaca0d1332069c1bea33cec2e19702bfc50256c9e4521c7fcbc0cef1","/script.js.backup":"fc8b7c30db23c2e5b600682b36050e906b49b4e0666a22d70b3850b3766e4615","/script.js":"311f1ee35bcae58764a2740fad6b7177adef3172495f2485aee2e5e6410e379f","/Qwen_html_20250810_ttxf0530d.html":"94a5b335039df65a253c26ea84d299c59beef32e0aa849b0bfe24e72bfa83664","/Qwen_html_20220210_ttxf0530d_functions.md":"bcb5d7e752877ab7993f2d8cafb663b308e35fda109dc8f365c75bee5eb2c4bf","/questions.js":"69811adb9b7f45200cb460160bbf662f634af34dc1864ed39c48de58b126de24","/questions-level7.js":"7df7797abe6f31bf558a9a40e8b5f4b472a2d4c45838e2cb6720bd269f2ac240","/questions-level6.js":"5c50cbb6d8917f42b31055e04d498e91d7f28fc883e78d84c5c987ba90f6d166","/questions-level5.js":"39d16c84d78fda012a6faaf4606aa458c1861d94b3b125bfbf0042d631d7cf7c","/questions-level4.js":"b86926d5c127b34c9610b8b580cdb010a2264fb41a380424d23ad411d6746462","/questions-level3.js":"5935c1ecf4ba46ff9afed08c28a9c2c13d502448ae06277afdc26d76df5698f3","/questions-level2.js":"da815a406af0f8c8809ffc2a9a83f5c5e949933a795960d966d7da8bf274cc5f","/questions-level1.js":"ad7d92d89849762c6b6e69f502a761d5b8fbbdeb4d79a5732d9b7f278e8f52b8","/prayer-styles.css":"5149103701b314af3568625fc9256ee3e8af63f397fb44df03cbe4b6bbe89f06","/prayer-dark-theme.css":"18c047c84be1c0084ed844e89040274032f36ebe785c28942a44bf3cacfef1c4","/package.json":"6ad67fe659cc2c63111a1aad1f43e5e88807ed590fb3dedd75cba2d8e0329404","/package-lock.json":"9838b390174601ad6a91169950598b5d8cb531c13bf1a47ba280a9d2be9df510","/network-diagnostics.html":"0f1888671616489e7173cb3f9bfecd7202d72abd79f6052c4d0d3d1c4d478530","/Motionarray_Floraphonic_Gameshow_Buzzer_1.wav":"0e9447856a2b6ed52724165243ff5a9e5896bfec28427edd83040d507ffdae31","/Montserrat-Regular.ttf":"47a08e0557ac247e06ee9cada7f05a4642bd8d0cb167570b9012b0288f3ab4d5","/Montserrat-Light.ttf":"a4d4430519350b6208ed832da8108106da0cd2630f09fd1cd4a626ff6685ed7b","/Montserrat-BoldItalic.ttf":"fbe96cb3090b91cd7d4c098c4f1f27af2779f12ca75bf28daa34fca09586478a","/menu.html":"e5ff11ae7d9774747987700282bddd7db1eed143c8dc1f5233b41cd42cb565a9","/menu-styles.css":"26cbcd2ad27c48e067c5e5e5270817573c57caf1de17281dcbad4def910d97ec","/menu-dark-theme.css":"7498f3f3fa8354f5d63ac28aa4cca486b846694cc3a31ec3db7122205389c300","/manifest.json":"e9ee22f098a7aaa749971dd385bd2ea0dc9990dddbe1b2b517ec519c7c703808","/index.html.backup":"da6a6ad80db17b1f2e01bb4b82693b97adb4d039bbd244e2a3cf7041de758e50","/index.html":"77164e6863a288326b005f51f5be7ff371b1572e424cf98010f86483f000975e","/Incorrect 9.wav":"a9f53e0c70f59aa438460b222b305d36f8e573234a517f4a0e5b3405eed4174e","/Incorrect 8.wav":"9a8bf389a7b93ababc7ac3fd48ad5a58bd662f176044f8ae7cc08c90b42ca619","/Incorrect 7.wav":"a398be6c0afdbcba8b1d0af73bdfdc7842420a472260536cb18ba40d465fe3ab","/Incorrect 6.wav":"da03307e3e468cc85f162878ebc303d905c124b16d590396b6c31f1c1bd7564b","/Incorrect 5.wav":"4e23b25107b8cfdea0854488f72fdcdcbca5c6ff417a853273f0ea16a5fed786","/Incorrect 4.wav":"31a91db231ba02b9dd6c22c45c1b13affe57ea8e3079463a1560365ad6fc610d","/Incorrect 3.wav":"9dbfd45976c694cb6c1c0905a616b1ec8019d61a8906121428471136160ec1d9","/Incorrect 2.wav":"dd5d3358999a8ceaf079b9d711f5a7036ff9bd4261a50879977cb4fc3c5ce7ce","/Incorrect 10.wav":"efd38580dff06407e8e7908c1d30a8c25de91571dc899d51523a24b4d388a094","/Incorrect 1.wav":"c09711bc975650133a13f029a1259e10c308b45592fea0fcf5b4c4e4d5b6a917","/icon-512.png.png":"ff552cd49e545c12de258a61c9aeae91586b7284bc62d1dc458506559e9fc82a","/icon-512.png":"67bc4e55b5124047d16624fd2961c2dd221d609752bc9958295ec5d6ffe3b067","/icon-192.png.png":"5d4a0047663647f338b9d18a1a5f5e73713f6309e9e17a7e369f01e55d6fac83","/icon-192.png":"67bc4e55b5124047d16624fd2961c2dd221d609752bc9958295ec5d6ffe3b067","/firestore.indexes.json":"2ebb5733aa5f724393a8893b05f4dba6cf6950eb7bc2f7b661312e28e5e907bc","/firestore-rules.txt":"86b0d03f6a00fcdd3d8520645c100296613735595b24f81a9a1df335c5ef290f","/FIREBASE_VERIFICATION_SUMMARY.md":"0c134daf52702ad0285e54d9233e46e71b2b5878f016fba15b99a5b97feb4d48","/FIREBASE_SETUP.md":"cebe074304b3c38fb5264530391344cc40764291d11a54183522e8efd2e5f377","/FIREBASE_CHECKLIST.md":"c1ed4835e59f5a664ee5cf2231995322bd66e10900abe24ff5bedd3b4f45f85d","/firebase-validator.html":"89bef7dbfb1291e9438272abff52cdc35385b8a7dc5abae064de638c04a5e5a7","/firebase-test.html":"7ca205a7912d905677f2b78ac7197406874a237c85f0df1a3efe03f5be18034e","/firebase-messaging-sw.js":"8804e9627fc4875070a872b269d7ff89d68b767faa69b1427708f81e837cc48c","/firebase-config.js":"2246b82eb814a20b4c4dab9b68997eeb58c7f11d797c1e624335ba3e03627597","/Fear God.png":"ff0edaa0bafb9afe5b8ab6b8fd7577f7f55fa934737486c41d44c80c95e7e06a","/favicon.ico":"67bc4e55b5124047d16624fd2961c2dd221d609752bc9958295ec5d6ffe3b067","/explanations.js":"46b50c321b39e89a491b6727a01628c34245605a30beb3e7414c5e01cff90e6e","/End of Time Icon.png":"67bc4e55b5124047d16624fd2961c2dd221d609752bc9958295ec5d6ffe3b067","/dark-theme.css":"19ff7b28a6e97fa81b3b45a1a8dd2dc1d4a877b64f4db5ba7c41d7ebebfd7949","/correct_answer_2.wav":"9b9cc7656fd2dbca0e836a03586f1396db7d9193e825ef00b00c9f1711cbd773","/correct_answer_1.wav":"2fd00b90490fcfc1c1c6f537566bb8192140bff3b682ea50b330938c6704a5c7","/Correct 9.wav":"eb508cb4204fdaec6cf512c57217268812be6fe2f69f9509f7f3846710b6d1f4","/Correct 8.wav":"d8b4b5fbffc52fe4b6830ad27ef77e2b8196b7cbca69f760ad96126ca788f088","/Correct 7.wav":"cd5a1e663d793619786cd25652c67ff4dd5a49c8478ff5e6e9f4ea86b657fa9e","/Correct 6.wav":"623bc7af26994feb591cb83693192ac16ae38184e17fb42cfda52712cfbecfe5","/Correct 5.wav":"a18a2deb80534d680334fa385c4ff40caae1092a4af6034a4fedc50ac6965108","/Correct 4.wav":"01298a72edcbb4d519bf05dbeebe3aa8a0e7af42bb77dc954e3107c49afcc143","/Correct 3.wav":"f897aa430145f697dd56a72506cde4c15b5635a6bbac8262054a4be60e927fdc","/Correct 2.wav":"660d441808b5c88cc9aaad540d8651a990d2a0bf1fe0c77701621596f35e78c3","/Correct 10.wav":"828d5ca9e3921cfa197b7d45f609ab72933ad840859696d874759fb3c275772d","/Correct 1.wav":"96c45268e2e00fad2fcfa1f5f9fcde1cf9a002dbd6a0c4965b0d9758fa0ac9a0","/background.mp4":"9ba3c84cac5931f193b1fe043a3990b004a939a76300723c238e890a6677c481","/background 7.mp4":"afd9560337e923dd91bd10af60498842791ee584bdd3703c0fbd69350a59d9b5","/background 6.mp4":"324c741d93bc32608b64ad51a49e0a2fbd44fd5f72de5d6e125c7bd85bcac228","/background 5.mp4":"2a1e2eef9189c55cb6d95b733ff95a56ba5324a59e4a0155aec22b4320f4914b","/background 3.mp4":"dc4a68d279200b9a60e7f2f362299ba54f60705b35cea2c69712f738286d4653","/background 2.mp4":"9d6662167b3c1c58dd68ad24142ac7d76024ce607b8e7c5d85f9dd7525deb6a9","/background 1.mp4":"a4a77111d58433c30cb2ce403ff4d5fa3855c4e2c8e586b3b25bc3cf62153450","/audio-manager.js":"5ad212cd8a4c7c11c0d44e5c9a626890dad5bb5d36037bcfe35d9773e8840119","/public/index.html":"ad79476ba6e4a2cb4a8f99e19bd004f6dfbe4d695209f30e80bf2818535b8a79","/public/firebase-messaging-sw.js":"7c86940c3ea0b6f726eea52de044bf16aebc6c0618e8e0429eefe2ebc8c07e43","/functions/tsconfig.json":"19541ba5834da151b932a1490482ee1ec7ea3d36f9a364b4b2663b61c08bb4c8","/functions/package.json":"5b58bea224841b44a467365e03a672dd3ac17c8d692951d55a8db6481e6e9fa3","/functions/package-lock.json":"de44b878b02bf9bd5b3549912906f7634eb3aa73bd6550c47c379beb8b0e2e6e","/functions/index.ts":"24e5205b317f7243aebaf269ae40716ed85e1297ca6552260e0ae507c5f71be9","/functions/index.js":"b45e8cfdef813fc661d1febc4a668699dcbad49c65de1d8a6629420b43f809f1","/functions/lib/index.js":"e1d2beac4dff3f2c49f1e68aa55833184902c29c656f6882a2387344ec7c7326","/.github/workflows/firebase-hosting-pull-request.yml":"26a08f2452aab0bbfa4871242d349c2841e0bfcafd2cc2b3d5935fb1a6fb86f8","/.github/workflows/firebase-hosting-merge.yml":"161c99c36b7ada6342f98b4d61161a9c63aed4ceddf1f318c00b4d6f78b4a739","/.claude/settings.local.json":"e0d47c03d61b2b0d946902399c4d7574f78040a423fda5eeb59b31bbdacd05ba"}}
[debug] [2025-10-01T21:18:37.938Z] <<< [apiv2][status] POST https://firebasehosting.googleapis.com/v1beta1/projects/628602476853/sites/end-of-time-94cd3/versions/6afc50002aa10c43:populateFiles 200
[debug] [2025-10-01T21:18:37.938Z] <<< [apiv2][body] POST https://firebasehosting.googleapis.com/v1beta1/projects/628602476853/sites/end-of-time-94cd3/versions/6afc50002aa10c43:populateFiles {"uploadUrl":"https://upload-firebasehosting.googleapis.com/upload/sites/end-of-time-94cd3/versions/6afc50002aa10c43/files"}
[debug] [2025-10-01T21:18:37.939Z] [hosting][populate queue][FINAL] {"max":524,"min":524,"avg":524,"active":0,"complete":1,"success":1,"errored":0,"retried":0,"total":1,"elapsed":524}
[debug] [2025-10-01T21:18:37.939Z] [hosting] uploads queued: 0
[debug] [2025-10-01T21:18:37.939Z] [hosting][upload queue][FINAL] {"max":0,"min":9999999999,"avg":0,"active":0,"complete":0,"success":0,"errored":0,"retried":0,"total":0,"elapsed":1759353517939}
[info] i  hosting: upload complete 
[info] +  hosting[end-of-time-94cd3]: file upload complete 
[debug] [2025-10-01T21:18:37.939Z] [hosting] deploy completed after 552ms
[debug] [2025-10-01T21:18:37.940Z] [rules] releasing cloud.firestore/(default) with ruleset projects/end-of-time-94cd3/rulesets/68474669-bfd1-460f-8513-1bd661aba286
[debug] [2025-10-01T21:18:37.940Z] Checked if tokens are valid: true, expires at: 1759356586532
[debug] [2025-10-01T21:18:37.940Z] Checked if tokens are valid: true, expires at: 1759356586532
[debug] [2025-10-01T21:18:37.940Z] >>> [apiv2][query] PATCH https://firebaserules.googleapis.com/v1/projects/end-of-time-94cd3/releases/cloud.firestore/(default) [none]
[debug] [2025-10-01T21:18:37.940Z] >>> [apiv2][body] PATCH https://firebaserules.googleapis.com/v1/projects/end-of-time-94cd3/releases/cloud.firestore/(default) {"release":{"name":"projects/end-of-time-94cd3/releases/cloud.firestore/(default)","rulesetName":"projects/end-of-time-94cd3/rulesets/68474669-bfd1-460f-8513-1bd661aba286"}}
[debug] [2025-10-01T21:18:38.900Z] <<< [apiv2][status] PATCH https://firebaserules.googleapis.com/v1/projects/end-of-time-94cd3/releases/cloud.firestore/(default) 200
[debug] [2025-10-01T21:18:38.900Z] <<< [apiv2][body] PATCH https://firebaserules.googleapis.com/v1/projects/end-of-time-94cd3/releases/cloud.firestore/(default) {"name":"projects/end-of-time-94cd3/releases/cloud.firestore","rulesetName":"projects/end-of-time-94cd3/rulesets/68474669-bfd1-460f-8513-1bd661aba286","createTime":"2025-08-07T13:16:05.983290Z","updateTime":"2025-10-01T21:18:36.380926Z"}
[debug] [2025-10-01T21:18:38.900Z] [rules] updated release projects/end-of-time-94cd3/releases/cloud.firestore
[info] +  firestore: released rules firestore-rules.txt to cloud.firestore 
[info] i  functions: creating Node.js 18 (1st Gen) function sendEmailNotification(us-central1)... 
[info] i  functions: updating Node.js 18 (2nd Gen) function onInteractionCreate(us-central1)... 
[debug] [2025-10-01T21:18:38.904Z] Checked if tokens are valid: true, expires at: 1759356586532
[debug] [2025-10-01T21:18:38.904Z] Checked if tokens are valid: true, expires at: 1759356586532
[debug] [2025-10-01T21:18:38.904Z] Checked if tokens are valid: true, expires at: 1759356586532
[debug] [2025-10-01T21:18:38.904Z] Checked if tokens are valid: true, expires at: 1759356586532
[debug] [2025-10-01T21:18:38.904Z] >>> [apiv2][query] POST https://cloudfunctions.googleapis.com/v1/projects/end-of-time-94cd3/locations/us-central1/functions [none]
[debug] [2025-10-01T21:18:38.904Z] >>> [apiv2][body] POST https://cloudfunctions.googleapis.com/v1/projects/end-of-time-94cd3/locations/us-central1/functions {"name":"projects/end-of-time-94cd3/locations/us-central1/functions/sendEmailNotification","sourceUploadUrl":"https://storage.googleapis.com/uploads-942337535895.us-central1.cloudfunctions.appspot.com/8344b6c7-d4fe-4114-9f2b-a8efe8f014e9.zip?GoogleAccessId=service-628602476853@gcf-admin-robot.iam.gserviceaccount.com&Expires=1759355312&Signature=x%2FA%2FVgPXfN7NUzJH6BrqGv3buCPx%2BzfFnKNXyw4of%2BLvBhCGUPKJP6nnd%2Bo2cLIPzAHpbtt9w5k2e%2Fe29itEBAbE4GFuz5rSIrQN8Vj7%2BfsuoWoNcMeML%2BKJKVlPMXHfPVnFaB8Z%2FYTsR9xgZfOuqaZra2W5NZ%2FXt1P9SKI%2B9Xfz3z6kH0O8zCxjtN6IwyqIEl2HTCyi6a%2F7VLcLCbQSvXoTQhAGdV7DAb%2BUfptV9J0gmWotGxPEXFZe%2BTSeMRnxzUfY1a6eeqNh0AvEu8qztEZQRJL6%2FBB24bMhW6lZtuMksTk82HNmBOA1NQmirkjO5vtB5h3myvmuYRQOWZINnA%3D%3D","entryPoint":"sendEmailNotification","runtime":"nodejs18","dockerRegistry":"ARTIFACT_REGISTRY","labels":{"deployment-tool":"cli-firebase","firebase-functions-hash":"abeb78fe080798b6edb30006e6a0e5ea74a57c45"},"eventTrigger":{"eventType":"providers/cloud.firestore/eventTypes/document.create","resource":"projects/end-of-time-94cd3/databases/(default)/documents/emailQueue/{docId}"},"minInstances":null,"maxInstances":null,"ingressSettings":null,"environmentVariables":{"FIREBASE_CONFIG":"{\"projectId\":\"end-of-time-94cd3\",\"storageBucket\":\"end-of-time-94cd3.firebasestorage.app\"}","GCLOUD_PROJECT":"end-of-time-94cd3","EVENTARC_CLOUD_EVENT_SOURCE":"projects/end-of-time-94cd3/locations/us-central1/functions/sendEmailNotification"},"serviceAccountEmail":null,"availableMemoryMb":null,"timeout":null,"vpcConnector":null,"vpcConnectorEgressSettings":null,"buildEnvironmentVariables":{"GOOGLE_NODE_RUN_SCRIPTS":""}}
[debug] [2025-10-01T21:18:38.905Z] >>> [apiv2][query] PATCH https://cloudfunctions.googleapis.com/v2/projects/end-of-time-94cd3/locations/us-central1/functions/onInteractionCreate updateMask=name%2CbuildConfig.runtime%2CbuildConfig.entryPoint%2CbuildConfig.source.storageSource.bucket%2CbuildConfig.source.storageSource.object%2CbuildConfig.environmentVariables%2CbuildConfig.sourceToken%2CserviceConfig.environmentVariables%2CserviceConfig.ingressSettings%2CserviceConfig.timeoutSeconds%2CserviceConfig.serviceAccountEmail%2CserviceConfig.availableMemory%2CserviceConfig.minInstanceCount%2CserviceConfig.maxInstanceCount%2CserviceConfig.maxInstanceRequestConcurrency%2CserviceConfig.availableCpu%2CserviceConfig.vpcConnector%2CserviceConfig.vpcConnectorEgressSettings%2Clabels%2CeventTrigger.eventType%2CeventTrigger.retryPolicy%2CeventTrigger.eventFilters%2CeventTrigger.triggerRegion
[debug] [2025-10-01T21:18:38.905Z] >>> [apiv2][body] PATCH https://cloudfunctions.googleapis.com/v2/projects/end-of-time-94cd3/locations/us-central1/functions/onInteractionCreate {"name":"projects/end-of-time-94cd3/locations/us-central1/functions/onInteractionCreate","buildConfig":{"runtime":"nodejs18","entryPoint":"onInteractionCreate","source":{"storageSource":{"bucket":"gcf-v2-uploads-628602476853.us-central1.cloudfunctions.appspot.com","object":"9dad7476-6d4f-4db3-8e24-5acd651c5421.zip"}},"environmentVariables":{"GOOGLE_NODE_RUN_SCRIPTS":""}},"serviceConfig":{"environmentVariables":{"FIREBASE_CONFIG":"{\"projectId\":\"end-of-time-94cd3\",\"storageBucket\":\"end-of-time-94cd3.firebasestorage.app\"}","GCLOUD_PROJECT":"end-of-time-94cd3","EVENTARC_CLOUD_EVENT_SOURCE":"projects/end-of-time-94cd3/locations/us-central1/services/onInteractionCreate","FUNCTION_SIGNATURE_TYPE":"cloudevent","FUNCTION_TARGET":"onInteractionCreate","LOG_EXECUTION_ID":"true"},"ingressSettings":null,"timeoutSeconds":null,"serviceAccountEmail":null,"availableMemory":"256Mi","minInstanceCount":null,"maxInstanceCount":null,"maxInstanceRequestConcurrency":80,"availableCpu":"1","vpcConnector":null,"vpcConnectorEgressSettings":null},"labels":{"deployment-tool":"cli-firebase","firebase-functions-hash":"76991da653c0df60e123106c1d99cae146712f90"},"eventTrigger":{"eventType":"google.cloud.firestore.document.v1.created","retryPolicy":"RETRY_POLICY_DO_NOT_RETRY","eventFilters":[{"attribute":"database","value":"(default)"},{"attribute":"namespace","value":"(default)"},{"attribute":"document","value":"prayers/{prayerId}/interactions/{interactionId}","operator":"match-path-pattern"}],"triggerRegion":"africa-south1"}}
[debug] [2025-10-01T21:18:39.700Z] <<< [apiv2][status] POST https://cloudfunctions.googleapis.com/v1/projects/end-of-time-94cd3/locations/us-central1/functions 200
[debug] [2025-10-01T21:18:39.700Z] <<< [apiv2][body] POST https://cloudfunctions.googleapis.com/v1/projects/end-of-time-94cd3/locations/us-central1/functions {"name":"operations/cHJvamVjdHMvZW5kLW9mLXRpbWUtOTRjZDMvbG9jYXRpb25zL3VzLWNlbnRyYWwxL29wZXJhdGlvbnMvb3BlcmF0aW9uLTE3NTkzNTM1MTY3NjktNjQwMWY2OTY2YzIxNi1kNmEyZDMwMC1iNmU5YzVhNw","metadata":{"@type":"type.googleapis.com/google.cloud.functions.v1.OperationMetadataV1","target":"projects/end-of-time-94cd3/locations/us-central1/functions/sendEmailNotification","updateTime":"2025-10-01T21:18:37.180892697Z"}}
[debug] [2025-10-01T21:18:39.701Z] Checked if tokens are valid: true, expires at: 1759356586532
[debug] [2025-10-01T21:18:39.701Z] Checked if tokens are valid: true, expires at: 1759356586532
[debug] [2025-10-01T21:18:39.701Z] >>> [apiv2][query] GET https://cloudfunctions.googleapis.com/v1/operations/cHJvamVjdHMvZW5kLW9mLXRpbWUtOTRjZDMvbG9jYXRpb25zL3VzLWNlbnRyYWwxL29wZXJhdGlvbnMvb3BlcmF0aW9uLTE3NTkzNTM1MTY3NjktNjQwMWY2OTY2YzIxNi1kNmEyZDMwMC1iNmU5YzVhNw [none]
[debug] [2025-10-01T21:18:40.063Z] <<< [apiv2][status] GET https://cloudfunctions.googleapis.com/v1/operations/cHJvamVjdHMvZW5kLW9mLXRpbWUtOTRjZDMvbG9jYXRpb25zL3VzLWNlbnRyYWwxL29wZXJhdGlvbnMvb3BlcmF0aW9uLTE3NTkzNTM1MTY3NjktNjQwMWY2OTY2YzIxNi1kNmEyZDMwMC1iNmU5YzVhNw 200
[debug] [2025-10-01T21:18:40.063Z] <<< [apiv2][body] GET https://cloudfunctions.googleapis.com/v1/operations/cHJvamVjdHMvZW5kLW9mLXRpbWUtOTRjZDMvbG9jYXRpb25zL3VzLWNlbnRyYWwxL29wZXJhdGlvbnMvb3BlcmF0aW9uLTE3NTkzNTM1MTY3NjktNjQwMWY2OTY2YzIxNi1kNmEyZDMwMC1iNmU5YzVhNw {"name":"operations/cHJvamVjdHMvZW5kLW9mLXRpbWUtOTRjZDMvbG9jYXRpb25zL3VzLWNlbnRyYWwxL29wZXJhdGlvbnMvb3BlcmF0aW9uLTE3NTkzNTM1MTY3NjktNjQwMWY2OTY2YzIxNi1kNmEyZDMwMC1iNmU5YzVhNw","metadata":{"@type":"type.googleapis.com/google.cloud.functions.v1.OperationMetadataV1","target":"projects/end-of-time-94cd3/locations/us-central1/functions/sendEmailNotification","updateTime":"2025-10-01T21:18:37.180892697Z"}}
[debug] [2025-10-01T21:18:40.570Z] [create-default-us-central1-sendEmailNotification] Retrying task index 0
[debug] [2025-10-01T21:18:40.570Z] Checked if tokens are valid: true, expires at: 1759356586532
[debug] [2025-10-01T21:18:40.570Z] Checked if tokens are valid: true, expires at: 1759356586532
[debug] [2025-10-01T21:18:40.570Z] >>> [apiv2][query] GET https://cloudfunctions.googleapis.com/v1/operations/cHJvamVjdHMvZW5kLW9mLXRpbWUtOTRjZDMvbG9jYXRpb25zL3VzLWNlbnRyYWwxL29wZXJhdGlvbnMvb3BlcmF0aW9uLTE3NTkzNTM1MTY3NjktNjQwMWY2OTY2YzIxNi1kNmEyZDMwMC1iNmU5YzVhNw [none]
[debug] [2025-10-01T21:18:40.927Z] <<< [apiv2][status] GET https://cloudfunctions.googleapis.com/v1/operations/cHJvamVjdHMvZW5kLW9mLXRpbWUtOTRjZDMvbG9jYXRpb25zL3VzLWNlbnRyYWwxL29wZXJhdGlvbnMvb3BlcmF0aW9uLTE3NTkzNTM1MTY3NjktNjQwMWY2OTY2YzIxNi1kNmEyZDMwMC1iNmU5YzVhNw 200
[debug] [2025-10-01T21:18:40.927Z] <<< [apiv2][body] GET https://cloudfunctions.googleapis.com/v1/operations/cHJvamVjdHMvZW5kLW9mLXRpbWUtOTRjZDMvbG9jYXRpb25zL3VzLWNlbnRyYWwxL29wZXJhdGlvbnMvb3BlcmF0aW9uLTE3NTkzNTM1MTY3NjktNjQwMWY2OTY2YzIxNi1kNmEyZDMwMC1iNmU5YzVhNw {"name":"operations/cHJvamVjdHMvZW5kLW9mLXRpbWUtOTRjZDMvbG9jYXRpb25zL3VzLWNlbnRyYWwxL29wZXJhdGlvbnMvb3BlcmF0aW9uLTE3NTkzNTM1MTY3NjktNjQwMWY2OTY2YzIxNi1kNmEyZDMwMC1iNmU5YzVhNw","metadata":{"@type":"type.googleapis.com/google.cloud.functions.v1.OperationMetadataV1","target":"projects/end-of-time-94cd3/locations/us-central1/functions/sendEmailNotification","type":"CREATE_FUNCTION","request":{"@type":"type.googleapis.com/google.cloud.functions.v1.CloudFunction","name":"projects/end-of-time-94cd3/locations/us-central1/functions/sendEmailNotification","eventTrigger":{"eventType":"providers/cloud.firestore/eventTypes/document.create","resource":"projects/end-of-time-94cd3/databases/(default)/documents/emailQueue/{docId}","failurePolicy":{}},"entryPoint":"sendEmailNotification","updateTime":"1970-01-01T00:00:00Z","labels":{"deployment-tool":"cli-firebase","firebase-functions-hash":"abeb78fe080798b6edb30006e6a0e5ea74a57c45"},"sourceUploadUrl":"https://storage.googleapis.com/uploads-942337535895.us-central1.cloudfunctions.appspot.com/8344b6c7-d4fe-4114-9f2b-a8efe8f014e9.zip?GoogleAccessId=service-628602476853@gcf-admin-robot.iam.gserviceaccount.com&Expires=1759355312&Signature=x%2FA%2FVgPXfN7NUzJH6BrqGv3buCPx%2BzfFnKNXyw4of%2BLvBhCGUPKJP6nnd%2Bo2cLIPzAHpbtt9w5k2e%2Fe29itEBAbE4GFuz5rSIrQN8Vj7%2BfsuoWoNcMeML%2BKJKVlPMXHfPVnFaB8Z%2FYTsR9xgZfOuqaZra2W5NZ%2FXt1P9SKI%2B9Xfz3z6kH0O8zCxjtN6IwyqIEl2HTCyi6a%2F7VLcLCbQSvXoTQhAGdV7DAb%2BUfptV9J0gmWotGxPEXFZe%2BTSeMRnxzUfY1a6eeqNh0AvEu8qztEZQRJL6%2FBB24bMhW6lZtuMksTk82HNmBOA1NQmirkjO5vtB5h3myvmuYRQOWZINnA%3D%3D","environmentVariables":{"FIREBASE_CONFIG":"{\"projectId\":\"end-of-time-94cd3\",\"storageBucket\":\"end-of-time-94cd3.firebasestorage.app\"}","GCLOUD_PROJECT":"end-of-time-94cd3","EVENTARC_CLOUD_EVENT_SOURCE":"projects/end-of-time-94cd3/locations/us-central1/functions/sendEmailNotification"},"runtime":"nodejs18","buildEnvironmentVariables":{"GOOGLE_NODE_RUN_SCRIPTS":""},"dockerRegistry":"ARTIFACT_REGISTRY"},"versionId":"1","updateTime":"2025-10-01T21:18:37.180892697Z"}}
[debug] [2025-10-01T21:18:41.550Z] <<< [apiv2][status] PATCH https://cloudfunctions.googleapis.com/v2/projects/end-of-time-94cd3/locations/us-central1/functions/onInteractionCreate 200
[debug] [2025-10-01T21:18:41.550Z] <<< [apiv2][body] PATCH https://cloudfunctions.googleapis.com/v2/projects/end-of-time-94cd3/locations/us-central1/functions/onInteractionCreate {"name":"projects/end-of-time-94cd3/locations/us-central1/operations/operation-1759353516748-6401f69666dd4-d971faf7-965cb102","metadata":{"@type":"type.googleapis.com/google.cloud.functions.v2.OperationMetadata","createTime":"2025-10-01T21:18:39.033084671Z","target":"projects/end-of-time-94cd3/locations/us-central1/functions/onInteractionCreate","verb":"update","cancelRequested":false,"apiVersion":"v2"},"done":false}
[debug] [2025-10-01T21:18:41.550Z] Checked if tokens are valid: true, expires at: 1759356586532
[debug] [2025-10-01T21:18:41.550Z] Checked if tokens are valid: true, expires at: 1759356586532
[debug] [2025-10-01T21:18:41.551Z] >>> [apiv2][query] GET https://cloudfunctions.googleapis.com/v2/projects/end-of-time-94cd3/locations/us-central1/operations/operation-1759353516748-6401f69666dd4-d971faf7-965cb102 [none]
[debug] [2025-10-01T21:18:41.939Z] [create-default-us-central1-sendEmailNotification] Retrying task index 0
[debug] [2025-10-01T21:18:41.939Z] Checked if tokens are valid: true, expires at: 1759356586532
[debug] [2025-10-01T21:18:41.939Z] Checked if tokens are valid: true, expires at: 1759356586532
[debug] [2025-10-01T21:18:41.939Z] >>> [apiv2][query] GET https://cloudfunctions.googleapis.com/v1/operations/cHJvamVjdHMvZW5kLW9mLXRpbWUtOTRjZDMvbG9jYXRpb25zL3VzLWNlbnRyYWwxL29wZXJhdGlvbnMvb3BlcmF0aW9uLTE3NTkzNTM1MTY3NjktNjQwMWY2OTY2YzIxNi1kNmEyZDMwMC1iNmU5YzVhNw [none]
[debug] [2025-10-01T21:18:42.268Z] <<< [apiv2][status] GET https://cloudfunctions.googleapis.com/v1/operations/cHJvamVjdHMvZW5kLW9mLXRpbWUtOTRjZDMvbG9jYXRpb25zL3VzLWNlbnRyYWwxL29wZXJhdGlvbnMvb3BlcmF0aW9uLTE3NTkzNTM1MTY3NjktNjQwMWY2OTY2YzIxNi1kNmEyZDMwMC1iNmU5YzVhNw 200
[debug] [2025-10-01T21:18:42.269Z] <<< [apiv2][body] GET https://cloudfunctions.googleapis.com/v1/operations/cHJvamVjdHMvZW5kLW9mLXRpbWUtOTRjZDMvbG9jYXRpb25zL3VzLWNlbnRyYWwxL29wZXJhdGlvbnMvb3BlcmF0aW9uLTE3NTkzNTM1MTY3NjktNjQwMWY2OTY2YzIxNi1kNmEyZDMwMC1iNmU5YzVhNw {"name":"operations/cHJvamVjdHMvZW5kLW9mLXRpbWUtOTRjZDMvbG9jYXRpb25zL3VzLWNlbnRyYWwxL29wZXJhdGlvbnMvb3BlcmF0aW9uLTE3NTkzNTM1MTY3NjktNjQwMWY2OTY2YzIxNi1kNmEyZDMwMC1iNmU5YzVhNw","metadata":{"@type":"type.googleapis.com/google.cloud.functions.v1.OperationMetadataV1","target":"projects/end-of-time-94cd3/locations/us-central1/functions/sendEmailNotification","type":"CREATE_FUNCTION","request":{"@type":"type.googleapis.com/google.cloud.functions.v1.CloudFunction","name":"projects/end-of-time-94cd3/locations/us-central1/functions/sendEmailNotification","eventTrigger":{"eventType":"providers/cloud.firestore/eventTypes/document.create","resource":"projects/end-of-time-94cd3/databases/(default)/documents/emailQueue/{docId}","failurePolicy":{}},"entryPoint":"sendEmailNotification","updateTime":"1970-01-01T00:00:00Z","labels":{"deployment-tool":"cli-firebase","firebase-functions-hash":"abeb78fe080798b6edb30006e6a0e5ea74a57c45"},"sourceUploadUrl":"https://storage.googleapis.com/uploads-942337535895.us-central1.cloudfunctions.appspot.com/8344b6c7-d4fe-4114-9f2b-a8efe8f014e9.zip?GoogleAccessId=service-628602476853@gcf-admin-robot.iam.gserviceaccount.com&Expires=1759355312&Signature=x%2FA%2FVgPXfN7NUzJH6BrqGv3buCPx%2BzfFnKNXyw4of%2BLvBhCGUPKJP6nnd%2Bo2cLIPzAHpbtt9w5k2e%2Fe29itEBAbE4GFuz5rSIrQN8Vj7%2BfsuoWoNcMeML%2BKJKVlPMXHfPVnFaB8Z%2FYTsR9xgZfOuqaZra2W5NZ%2FXt1P9SKI%2B9Xfz3z6kH0O8zCxjtN6IwyqIEl2HTCyi6a%2F7VLcLCbQSvXoTQhAGdV7DAb%2BUfptV9J0gmWotGxPEXFZe%2BTSeMRnxzUfY1a6eeqNh0AvEu8qztEZQRJL6%2FBB24bMhW6lZtuMksTk82HNmBOA1NQmirkjO5vtB5h3myvmuYRQOWZINnA%3D%3D","environmentVariables":{"FIREBASE_CONFIG":"{\"projectId\":\"end-of-time-94cd3\",\"storageBucket\":\"end-of-time-94cd3.firebasestorage.app\"}","GCLOUD_PROJECT":"end-of-time-94cd3","EVENTARC_CLOUD_EVENT_SOURCE":"projects/end-of-time-94cd3/locations/us-central1/functions/sendEmailNotification"},"runtime":"nodejs18","buildEnvironmentVariables":{"GOOGLE_NODE_RUN_SCRIPTS":""},"dockerRegistry":"ARTIFACT_REGISTRY"},"versionId":"1","updateTime":"2025-10-01T21:18:37.180892697Z"}}
[debug] [2025-10-01T21:18:42.382Z] <<< [apiv2][status] GET https://cloudfunctions.googleapis.com/v2/projects/end-of-time-94cd3/locations/us-central1/operations/operation-1759353516748-6401f69666dd4-d971faf7-965cb102 200
[debug] [2025-10-01T21:18:42.382Z] <<< [apiv2][body] GET https://cloudfunctions.googleapis.com/v2/projects/end-of-time-94cd3/locations/us-central1/operations/operation-1759353516748-6401f69666dd4-d971faf7-965cb102 {"name":"projects/end-of-time-94cd3/locations/us-central1/operations/operation-1759353516748-6401f69666dd4-d971faf7-965cb102","metadata":{"@type":"type.googleapis.com/google.cloud.functions.v2.OperationMetadata","createTime":"2025-10-01T21:18:39.033084671Z","target":"projects/end-of-time-94cd3/locations/us-central1/functions/onInteractionCreate","verb":"update","cancelRequested":false,"apiVersion":"v2","requestResource":{"@type":"type.googleapis.com/google.cloud.functions.v2.Function","name":"projects/end-of-time-94cd3/locations/us-central1/functions/onInteractionCreate","buildConfig":{"runtime":"nodejs18","entryPoint":"onInteractionCreate","source":{"storageSource":{"bucket":"gcf-v2-sources-628602476853-us-central1","object":"onInteractionCreate/function-source.zip","generation":"1759353518940758"}},"environmentVariables":{"GOOGLE_NODE_RUN_SCRIPTS":""},"dockerRepository":"projects/end-of-time-94cd3/locations/us-central1/repositories/gcf-artifacts","sourceProvenance":{"resolvedStorageSource":{"bucket":"gcf-v2-sources-628602476853-us-central1","object":"onInteractionCreate/function-source.zip","generation":"1759323737984811"}},"dockerRegistry":"ARTIFACT_REGISTRY","serviceAccount":"projects/end-of-time-94cd3/serviceAccounts/628602476853-compute@developer.gserviceaccount.com","automaticUpdatePolicy":{}},"serviceConfig":{"service":"projects/end-of-time-94cd3/locations/us-central1/services/oninteractioncreate","timeoutSeconds":60,"environmentVariables":{"FIREBASE_CONFIG":"{\"projectId\":\"end-of-time-94cd3\",\"storageBucket\":\"end-of-time-94cd3.firebasestorage.app\"}","GCLOUD_PROJECT":"end-of-time-94cd3","EVENTARC_CLOUD_EVENT_SOURCE":"projects/end-of-time-94cd3/locations/us-central1/services/onInteractionCreate","FUNCTION_SIGNATURE_TYPE":"cloudevent","FUNCTION_TARGET":"onInteractionCreate","LOG_EXECUTION_ID":"true"},"ingressSettings":"ALLOW_ALL","uri":"https://oninteractioncreate-rvcuhoocya-uc.a.run.app","serviceAccountEmail":"628602476853-compute@developer.gserviceaccount.com","availableMemory":"256Mi","allTrafficOnLatestRevision":true,"revision":"oninteractioncreate-00002-gaz","maxInstanceRequestConcurrency":80,"availableCpu":"1"},"eventTrigger":{"trigger":"projects/end-of-time-94cd3/locations/africa-south1/triggers/oninteractioncreate-479781","triggerRegion":"africa-south1","eventType":"google.cloud.firestore.document.v1.created","eventFilters":[{"attribute":"database","value":"(default)"},{"attribute":"namespace","value":"(default)"},{"attribute":"document","value":"prayers/{prayerId}/interactions/{interactionId}","operator":"match-path-pattern"}],"pubsubTopic":"projects/end-of-time-94cd3/topics/eventarc-africa-south1-oninteractioncreate-479781-469","serviceAccountEmail":"628602476853-compute@developer.gserviceaccount.com","retryPolicy":"RETRY_POLICY_DO_NOT_RETRY"},"state":"ACTIVE","labels":{"deployment-tool":"cli-firebase","firebase-functions-hash":"76991da653c0df60e123106c1d99cae146712f90"},"environment":"GEN_2","url":"https://us-central1-end-of-time-94cd3.cloudfunctions.net/onInteractionCreate","satisfiesPzi":true},"stages":[{"name":"BUILD","message":"Creating build","state":"IN_PROGRESS","resource":"projects/628602476853/locations/us-central1/builds/2b33f0dc-3fbb-46e3-baab-5d8bbfaf6fb8","resourceUri":"https://console.cloud.google.com/cloud-build/builds;region=us-central1/2b33f0dc-3fbb-46e3-baab-5d8bbfaf6fb8?project=628602476853"},{"name":"SERVICE","state":"NOT_STARTED"},{"name":"TRIGGER","state":"NOT_STARTED"}],"operationType":"UPDATE_FUNCTION","buildName":"projects/628602476853/locations/us-central1/builds/2b33f0dc-3fbb-46e3-baab-5d8bbfaf6fb8"},"done":false}
[debug] [2025-10-01T21:18:42.887Z] [update-default-us-central1-onInteractionCreate] Retrying task index 0
[debug] [2025-10-01T21:18:42.887Z] Checked if tokens are valid: true, expires at: 1759356586532
[debug] [2025-10-01T21:18:42.887Z] Checked if tokens are valid: true, expires at: 1759356586532
[debug] [2025-10-01T21:18:42.887Z] >>> [apiv2][query] GET https://cloudfunctions.googleapis.com/v2/projects/end-of-time-94cd3/locations/us-central1/operations/operation-1759353516748-6401f69666dd4-d971faf7-965cb102 [none]
[debug] [2025-10-01T21:18:43.709Z] <<< [apiv2][status] GET https://cloudfunctions.googleapis.com/v2/projects/end-of-time-94cd3/locations/us-central1/operations/operation-1759353516748-6401f69666dd4-d971faf7-965cb102 200
[debug] [2025-10-01T21:18:43.709Z] <<< [apiv2][body] GET https://cloudfunctions.googleapis.com/v2/projects/end-of-time-94cd3/locations/us-central1/operations/operation-1759353516748-6401f69666dd4-d971faf7-965cb102 {"name":"projects/end-of-time-94cd3/locations/us-central1/operations/operation-1759353516748-6401f69666dd4-d971faf7-965cb102","metadata":{"@type":"type.googleapis.com/google.cloud.functions.v2.OperationMetadata","createTime":"2025-10-01T21:18:39.033084671Z","target":"projects/end-of-time-94cd3/locations/us-central1/functions/onInteractionCreate","verb":"update","cancelRequested":false,"apiVersion":"v2","requestResource":{"@type":"type.googleapis.com/google.cloud.functions.v2.Function","name":"projects/end-of-time-94cd3/locations/us-central1/functions/onInteractionCreate","buildConfig":{"runtime":"nodejs18","entryPoint":"onInteractionCreate","source":{"storageSource":{"bucket":"gcf-v2-sources-628602476853-us-central1","object":"onInteractionCreate/function-source.zip","generation":"1759353518940758"}},"environmentVariables":{"GOOGLE_NODE_RUN_SCRIPTS":""},"dockerRepository":"projects/end-of-time-94cd3/locations/us-central1/repositories/gcf-artifacts","sourceProvenance":{"resolvedStorageSource":{"bucket":"gcf-v2-sources-628602476853-us-central1","object":"onInteractionCreate/function-source.zip","generation":"1759323737984811"}},"dockerRegistry":"ARTIFACT_REGISTRY","serviceAccount":"projects/end-of-time-94cd3/serviceAccounts/628602476853-compute@developer.gserviceaccount.com","automaticUpdatePolicy":{}},"serviceConfig":{"service":"projects/end-of-time-94cd3/locations/us-central1/services/oninteractioncreate","timeoutSeconds":60,"environmentVariables":{"FIREBASE_CONFIG":"{\"projectId\":\"end-of-time-94cd3\",\"storageBucket\":\"end-of-time-94cd3.firebasestorage.app\"}","GCLOUD_PROJECT":"end-of-time-94cd3","EVENTARC_CLOUD_EVENT_SOURCE":"projects/end-of-time-94cd3/locations/us-central1/services/onInteractionCreate","FUNCTION_SIGNATURE_TYPE":"cloudevent","FUNCTION_TARGET":"onInteractionCreate","LOG_EXECUTION_ID":"true"},"ingressSettings":"ALLOW_ALL","uri":"https://oninteractioncreate-rvcuhoocya-uc.a.run.app","serviceAccountEmail":"628602476853-compute@developer.gserviceaccount.com","availableMemory":"256Mi","allTrafficOnLatestRevision":true,"revision":"oninteractioncreate-00002-gaz","maxInstanceRequestConcurrency":80,"availableCpu":"1"},"eventTrigger":{"trigger":"projects/end-of-time-94cd3/locations/africa-south1/triggers/oninteractioncreate-479781","triggerRegion":"africa-south1","eventType":"google.cloud.firestore.document.v1.created","eventFilters":[{"attribute":"database","value":"(default)"},{"attribute":"namespace","value":"(default)"},{"attribute":"document","value":"prayers/{prayerId}/interactions/{interactionId}","operator":"match-path-pattern"}],"pubsubTopic":"projects/end-of-time-94cd3/topics/eventarc-africa-south1-oninteractioncreate-479781-469","serviceAccountEmail":"628602476853-compute@developer.gserviceaccount.com","retryPolicy":"RETRY_POLICY_DO_NOT_RETRY"},"state":"ACTIVE","labels":{"deployment-tool":"cli-firebase","firebase-functions-hash":"76991da653c0df60e123106c1d99cae146712f90"},"environment":"GEN_2","url":"https://us-central1-end-of-time-94cd3.cloudfunctions.net/onInteractionCreate","satisfiesPzi":true},"stages":[{"name":"BUILD","message":"Build in progress","state":"IN_PROGRESS","resource":"projects/628602476853/locations/us-central1/builds/2b33f0dc-3fbb-46e3-baab-5d8bbfaf6fb8","resourceUri":"https://console.cloud.google.com/cloud-build/builds;region=us-central1/2b33f0dc-3fbb-46e3-baab-5d8bbfaf6fb8?project=628602476853"},{"name":"SERVICE","state":"NOT_STARTED"},{"name":"TRIGGER","state":"NOT_STARTED"}],"operationType":"UPDATE_FUNCTION","buildName":"projects/628602476853/locations/us-central1/builds/2b33f0dc-3fbb-46e3-baab-5d8bbfaf6fb8"},"done":false}
[debug] [2025-10-01T21:18:44.283Z] [create-default-us-central1-sendEmailNotification] Retrying task index 0
[debug] [2025-10-01T21:18:44.283Z] Checked if tokens are valid: true, expires at: 1759356586532
[debug] [2025-10-01T21:18:44.283Z] Checked if tokens are valid: true, expires at: 1759356586532
[debug] [2025-10-01T21:18:44.284Z] >>> [apiv2][query] GET https://cloudfunctions.googleapis.com/v1/operations/cHJvamVjdHMvZW5kLW9mLXRpbWUtOTRjZDMvbG9jYXRpb25zL3VzLWNlbnRyYWwxL29wZXJhdGlvbnMvb3BlcmF0aW9uLTE3NTkzNTM1MTY3NjktNjQwMWY2OTY2YzIxNi1kNmEyZDMwMC1iNmU5YzVhNw [none]
[debug] [2025-10-01T21:18:44.624Z] <<< [apiv2][status] GET https://cloudfunctions.googleapis.com/v1/operations/cHJvamVjdHMvZW5kLW9mLXRpbWUtOTRjZDMvbG9jYXRpb25zL3VzLWNlbnRyYWwxL29wZXJhdGlvbnMvb3BlcmF0aW9uLTE3NTkzNTM1MTY3NjktNjQwMWY2OTY2YzIxNi1kNmEyZDMwMC1iNmU5YzVhNw 200
[debug] [2025-10-01T21:18:44.625Z] <<< [apiv2][body] GET https://cloudfunctions.googleapis.com/v1/operations/cHJvamVjdHMvZW5kLW9mLXRpbWUtOTRjZDMvbG9jYXRpb25zL3VzLWNlbnRyYWwxL29wZXJhdGlvbnMvb3BlcmF0aW9uLTE3NTkzNTM1MTY3NjktNjQwMWY2OTY2YzIxNi1kNmEyZDMwMC1iNmU5YzVhNw {"name":"operations/cHJvamVjdHMvZW5kLW9mLXRpbWUtOTRjZDMvbG9jYXRpb25zL3VzLWNlbnRyYWwxL29wZXJhdGlvbnMvb3BlcmF0aW9uLTE3NTkzNTM1MTY3NjktNjQwMWY2OTY2YzIxNi1kNmEyZDMwMC1iNmU5YzVhNw","metadata":{"@type":"type.googleapis.com/google.cloud.functions.v1.OperationMetadataV1","target":"projects/end-of-time-94cd3/locations/us-central1/functions/sendEmailNotification","type":"CREATE_FUNCTION","request":{"@type":"type.googleapis.com/google.cloud.functions.v1.CloudFunction","name":"projects/end-of-time-94cd3/locations/us-central1/functions/sendEmailNotification","eventTrigger":{"eventType":"providers/cloud.firestore/eventTypes/document.create","resource":"projects/end-of-time-94cd3/databases/(default)/documents/emailQueue/{docId}","failurePolicy":{}},"entryPoint":"sendEmailNotification","updateTime":"1970-01-01T00:00:00Z","labels":{"deployment-tool":"cli-firebase","firebase-functions-hash":"abeb78fe080798b6edb30006e6a0e5ea74a57c45"},"sourceUploadUrl":"https://storage.googleapis.com/uploads-942337535895.us-central1.cloudfunctions.appspot.com/8344b6c7-d4fe-4114-9f2b-a8efe8f014e9.zip?GoogleAccessId=service-628602476853@gcf-admin-robot.iam.gserviceaccount.com&Expires=1759355312&Signature=x%2FA%2FVgPXfN7NUzJH6BrqGv3buCPx%2BzfFnKNXyw4of%2BLvBhCGUPKJP6nnd%2Bo2cLIPzAHpbtt9w5k2e%2Fe29itEBAbE4GFuz5rSIrQN8Vj7%2BfsuoWoNcMeML%2BKJKVlPMXHfPVnFaB8Z%2FYTsR9xgZfOuqaZra2W5NZ%2FXt1P9SKI%2B9Xfz3z6kH0O8zCxjtN6IwyqIEl2HTCyi6a%2F7VLcLCbQSvXoTQhAGdV7DAb%2BUfptV9J0gmWotGxPEXFZe%2BTSeMRnxzUfY1a6eeqNh0AvEu8qztEZQRJL6%2FBB24bMhW6lZtuMksTk82HNmBOA1NQmirkjO5vtB5h3myvmuYRQOWZINnA%3D%3D","environmentVariables":{"FIREBASE_CONFIG":"{\"projectId\":\"end-of-time-94cd3\",\"storageBucket\":\"end-of-time-94cd3.firebasestorage.app\"}","GCLOUD_PROJECT":"end-of-time-94cd3","EVENTARC_CLOUD_EVENT_SOURCE":"projects/end-of-time-94cd3/locations/us-central1/functions/sendEmailNotification"},"runtime":"nodejs18","buildEnvironmentVariables":{"GOOGLE_NODE_RUN_SCRIPTS":""},"dockerRegistry":"ARTIFACT_REGISTRY"},"versionId":"1","updateTime":"2025-10-01T21:18:37.180892697Z","buildId":"0dfde81f-3944-471f-9606-8a11b2240aec","buildName":"projects/628602476853/locations/us-central1/builds/0dfde81f-3944-471f-9606-8a11b2240aec"}}
[debug] [2025-10-01T21:18:44.717Z] [update-default-us-central1-onInteractionCreate] Retrying task index 0
[debug] [2025-10-01T21:18:44.717Z] Checked if tokens are valid: true, expires at: 1759356586532
[debug] [2025-10-01T21:18:44.717Z] Checked if tokens are valid: true, expires at: 1759356586532
[debug] [2025-10-01T21:18:44.717Z] >>> [apiv2][query] GET https://cloudfunctions.googleapis.com/v2/projects/end-of-time-94cd3/locations/us-central1/operations/operation-1759353516748-6401f69666dd4-d971faf7-965cb102 [none]
[debug] [2025-10-01T21:18:45.559Z] <<< [apiv2][status] GET https://cloudfunctions.googleapis.com/v2/projects/end-of-time-94cd3/locations/us-central1/operations/operation-1759353516748-6401f69666dd4-d971faf7-965cb102 200
[debug] [2025-10-01T21:18:45.559Z] <<< [apiv2][body] GET https://cloudfunctions.googleapis.com/v2/projects/end-of-time-94cd3/locations/us-central1/operations/operation-1759353516748-6401f69666dd4-d971faf7-965cb102 {"name":"projects/end-of-time-94cd3/locations/us-central1/operations/operation-1759353516748-6401f69666dd4-d971faf7-965cb102","metadata":{"@type":"type.googleapis.com/google.cloud.functions.v2.OperationMetadata","createTime":"2025-10-01T21:18:39.033084671Z","target":"projects/end-of-time-94cd3/locations/us-central1/functions/onInteractionCreate","verb":"update","cancelRequested":false,"apiVersion":"v2","requestResource":{"@type":"type.googleapis.com/google.cloud.functions.v2.Function","name":"projects/end-of-time-94cd3/locations/us-central1/functions/onInteractionCreate","buildConfig":{"runtime":"nodejs18","entryPoint":"onInteractionCreate","source":{"storageSource":{"bucket":"gcf-v2-sources-628602476853-us-central1","object":"onInteractionCreate/function-source.zip","generation":"1759353518940758"}},"environmentVariables":{"GOOGLE_NODE_RUN_SCRIPTS":""},"dockerRepository":"projects/end-of-time-94cd3/locations/us-central1/repositories/gcf-artifacts","sourceProvenance":{"resolvedStorageSource":{"bucket":"gcf-v2-sources-628602476853-us-central1","object":"onInteractionCreate/function-source.zip","generation":"1759323737984811"}},"dockerRegistry":"ARTIFACT_REGISTRY","serviceAccount":"projects/end-of-time-94cd3/serviceAccounts/628602476853-compute@developer.gserviceaccount.com","automaticUpdatePolicy":{}},"serviceConfig":{"service":"projects/end-of-time-94cd3/locations/us-central1/services/oninteractioncreate","timeoutSeconds":60,"environmentVariables":{"FIREBASE_CONFIG":"{\"projectId\":\"end-of-time-94cd3\",\"storageBucket\":\"end-of-time-94cd3.firebasestorage.app\"}","GCLOUD_PROJECT":"end-of-time-94cd3","EVENTARC_CLOUD_EVENT_SOURCE":"projects/end-of-time-94cd3/locations/us-central1/services/onInteractionCreate","FUNCTION_SIGNATURE_TYPE":"cloudevent","FUNCTION_TARGET":"onInteractionCreate","LOG_EXECUTION_ID":"true"},"ingressSettings":"ALLOW_ALL","uri":"https://oninteractioncreate-rvcuhoocya-uc.a.run.app","serviceAccountEmail":"628602476853-compute@developer.gserviceaccount.com","availableMemory":"256Mi","allTrafficOnLatestRevision":true,"revision":"oninteractioncreate-00002-gaz","maxInstanceRequestConcurrency":80,"availableCpu":"1"},"eventTrigger":{"trigger":"projects/end-of-time-94cd3/locations/africa-south1/triggers/oninteractioncreate-479781","triggerRegion":"africa-south1","eventType":"google.cloud.firestore.document.v1.created","eventFilters":[{"attribute":"database","value":"(default)"},{"attribute":"namespace","value":"(default)"},{"attribute":"document","value":"prayers/{prayerId}/interactions/{interactionId}","operator":"match-path-pattern"}],"pubsubTopic":"projects/end-of-time-94cd3/topics/eventarc-africa-south1-oninteractioncreate-479781-469","serviceAccountEmail":"628602476853-compute@developer.gserviceaccount.com","retryPolicy":"RETRY_POLICY_DO_NOT_RETRY"},"state":"ACTIVE","labels":{"deployment-tool":"cli-firebase","firebase-functions-hash":"76991da653c0df60e123106c1d99cae146712f90"},"environment":"GEN_2","url":"https://us-central1-end-of-time-94cd3.cloudfunctions.net/onInteractionCreate","satisfiesPzi":true},"stages":[{"name":"BUILD","message":"Build in progress","state":"IN_PROGRESS","resource":"projects/628602476853/locations/us-central1/builds/2b33f0dc-3fbb-46e3-baab-5d8bbfaf6fb8","resourceUri":"https://console.cloud.google.com/cloud-build/builds;region=us-central1/2b33f0dc-3fbb-46e3-baab-5d8bbfaf6fb8?project=628602476853"},{"name":"SERVICE","state":"NOT_STARTED"},{"name":"TRIGGER","state":"NOT_STARTED"}],"operationType":"UPDATE_FUNCTION","buildName":"projects/628602476853/locations/us-central1/builds/2b33f0dc-3fbb-46e3-baab-5d8bbfaf6fb8"},"done":false}
[debug] [2025-10-01T21:18:47.570Z] [update-default-us-central1-onInteractionCreate] Retrying task index 0
[debug] [2025-10-01T21:18:47.570Z] Checked if tokens are valid: true, expires at: 1759356586532
[debug] [2025-10-01T21:18:47.570Z] Checked if tokens are valid: true, expires at: 1759356586532
[debug] [2025-10-01T21:18:47.570Z] >>> [apiv2][query] GET https://cloudfunctions.googleapis.com/v2/projects/end-of-time-94cd3/locations/us-central1/operations/operation-1759353516748-6401f69666dd4-d971faf7-965cb102 [none]
[debug] [2025-10-01T21:18:48.411Z] <<< [apiv2][status] GET https://cloudfunctions.googleapis.com/v2/projects/end-of-time-94cd3/locations/us-central1/operations/operation-1759353516748-6401f69666dd4-d971faf7-965cb102 200
[debug] [2025-10-01T21:18:48.411Z] <<< [apiv2][body] GET https://cloudfunctions.googleapis.com/v2/projects/end-of-time-94cd3/locations/us-central1/operations/operation-1759353516748-6401f69666dd4-d971faf7-965cb102 {"name":"projects/end-of-time-94cd3/locations/us-central1/operations/operation-1759353516748-6401f69666dd4-d971faf7-965cb102","metadata":{"@type":"type.googleapis.com/google.cloud.functions.v2.OperationMetadata","createTime":"2025-10-01T21:18:39.033084671Z","target":"projects/end-of-time-94cd3/locations/us-central1/functions/onInteractionCreate","verb":"update","cancelRequested":false,"apiVersion":"v2","requestResource":{"@type":"type.googleapis.com/google.cloud.functions.v2.Function","name":"projects/end-of-time-94cd3/locations/us-central1/functions/onInteractionCreate","buildConfig":{"runtime":"nodejs18","entryPoint":"onInteractionCreate","source":{"storageSource":{"bucket":"gcf-v2-sources-628602476853-us-central1","object":"onInteractionCreate/function-source.zip","generation":"1759353518940758"}},"environmentVariables":{"GOOGLE_NODE_RUN_SCRIPTS":""},"dockerRepository":"projects/end-of-time-94cd3/locations/us-central1/repositories/gcf-artifacts","sourceProvenance":{"resolvedStorageSource":{"bucket":"gcf-v2-sources-628602476853-us-central1","object":"onInteractionCreate/function-source.zip","generation":"1759323737984811"}},"dockerRegistry":"ARTIFACT_REGISTRY","serviceAccount":"projects/end-of-time-94cd3/serviceAccounts/628602476853-compute@developer.gserviceaccount.com","automaticUpdatePolicy":{}},"serviceConfig":{"service":"projects/end-of-time-94cd3/locations/us-central1/services/oninteractioncreate","timeoutSeconds":60,"environmentVariables":{"FIREBASE_CONFIG":"{\"projectId\":\"end-of-time-94cd3\",\"storageBucket\":\"end-of-time-94cd3.firebasestorage.app\"}","GCLOUD_PROJECT":"end-of-time-94cd3","EVENTARC_CLOUD_EVENT_SOURCE":"projects/end-of-time-94cd3/locations/us-central1/services/onInteractionCreate","FUNCTION_SIGNATURE_TYPE":"cloudevent","FUNCTION_TARGET":"onInteractionCreate","LOG_EXECUTION_ID":"true"},"ingressSettings":"ALLOW_ALL","uri":"https://oninteractioncreate-rvcuhoocya-uc.a.run.app","serviceAccountEmail":"628602476853-compute@developer.gserviceaccount.com","availableMemory":"256Mi","allTrafficOnLatestRevision":true,"revision":"oninteractioncreate-00002-gaz","maxInstanceRequestConcurrency":80,"availableCpu":"1"},"eventTrigger":{"trigger":"projects/end-of-time-94cd3/locations/africa-south1/triggers/oninteractioncreate-479781","triggerRegion":"africa-south1","eventType":"google.cloud.firestore.document.v1.created","eventFilters":[{"attribute":"database","value":"(default)"},{"attribute":"namespace","value":"(default)"},{"attribute":"document","value":"prayers/{prayerId}/interactions/{interactionId}","operator":"match-path-pattern"}],"pubsubTopic":"projects/end-of-time-94cd3/topics/eventarc-africa-south1-oninteractioncreate-479781-469","serviceAccountEmail":"628602476853-compute@developer.gserviceaccount.com","retryPolicy":"RETRY_POLICY_DO_NOT_RETRY"},"state":"ACTIVE","labels":{"deployment-tool":"cli-firebase","firebase-functions-hash":"76991da653c0df60e123106c1d99cae146712f90"},"environment":"GEN_2","url":"https://us-central1-end-of-time-94cd3.cloudfunctions.net/onInteractionCreate","satisfiesPzi":true},"stages":[{"name":"BUILD","message":"Build in progress","state":"IN_PROGRESS","resource":"projects/628602476853/locations/us-central1/builds/2b33f0dc-3fbb-46e3-baab-5d8bbfaf6fb8","resourceUri":"https://console.cloud.google.com/cloud-build/builds;region=us-central1/2b33f0dc-3fbb-46e3-baab-5d8bbfaf6fb8?project=628602476853"},{"name":"SERVICE","state":"NOT_STARTED"},{"name":"TRIGGER","state":"NOT_STARTED"}],"operationType":"UPDATE_FUNCTION","buildName":"projects/628602476853/locations/us-central1/builds/2b33f0dc-3fbb-46e3-baab-5d8bbfaf6fb8"},"done":false}
[debug] [2025-10-01T21:18:48.632Z] [create-default-us-central1-sendEmailNotification] Retrying task index 0
[debug] [2025-10-01T21:18:48.633Z] Checked if tokens are valid: true, expires at: 1759356586532
[debug] [2025-10-01T21:18:48.633Z] Checked if tokens are valid: true, expires at: 1759356586532
[debug] [2025-10-01T21:18:48.633Z] >>> [apiv2][query] GET https://cloudfunctions.googleapis.com/v1/operations/cHJvamVjdHMvZW5kLW9mLXRpbWUtOTRjZDMvbG9jYXRpb25zL3VzLWNlbnRyYWwxL29wZXJhdGlvbnMvb3BlcmF0aW9uLTE3NTkzNTM1MTY3NjktNjQwMWY2OTY2YzIxNi1kNmEyZDMwMC1iNmU5YzVhNw [none]
[debug] [2025-10-01T21:18:48.991Z] <<< [apiv2][status] GET https://cloudfunctions.googleapis.com/v1/operations/cHJvamVjdHMvZW5kLW9mLXRpbWUtOTRjZDMvbG9jYXRpb25zL3VzLWNlbnRyYWwxL29wZXJhdGlvbnMvb3BlcmF0aW9uLTE3NTkzNTM1MTY3NjktNjQwMWY2OTY2YzIxNi1kNmEyZDMwMC1iNmU5YzVhNw 200
[debug] [2025-10-01T21:18:48.991Z] <<< [apiv2][body] GET https://cloudfunctions.googleapis.com/v1/operations/cHJvamVjdHMvZW5kLW9mLXRpbWUtOTRjZDMvbG9jYXRpb25zL3VzLWNlbnRyYWwxL29wZXJhdGlvbnMvb3BlcmF0aW9uLTE3NTkzNTM1MTY3NjktNjQwMWY2OTY2YzIxNi1kNmEyZDMwMC1iNmU5YzVhNw {"name":"operations/cHJvamVjdHMvZW5kLW9mLXRpbWUtOTRjZDMvbG9jYXRpb25zL3VzLWNlbnRyYWwxL29wZXJhdGlvbnMvb3BlcmF0aW9uLTE3NTkzNTM1MTY3NjktNjQwMWY2OTY2YzIxNi1kNmEyZDMwMC1iNmU5YzVhNw","metadata":{"@type":"type.googleapis.com/google.cloud.functions.v1.OperationMetadataV1","target":"projects/end-of-time-94cd3/locations/us-central1/functions/sendEmailNotification","type":"CREATE_FUNCTION","request":{"@type":"type.googleapis.com/google.cloud.functions.v1.CloudFunction","name":"projects/end-of-time-94cd3/locations/us-central1/functions/sendEmailNotification","eventTrigger":{"eventType":"providers/cloud.firestore/eventTypes/document.create","resource":"projects/end-of-time-94cd3/databases/(default)/documents/emailQueue/{docId}","failurePolicy":{}},"entryPoint":"sendEmailNotification","updateTime":"1970-01-01T00:00:00Z","labels":{"deployment-tool":"cli-firebase","firebase-functions-hash":"abeb78fe080798b6edb30006e6a0e5ea74a57c45"},"sourceUploadUrl":"https://storage.googleapis.com/uploads-942337535895.us-central1.cloudfunctions.appspot.com/8344b6c7-d4fe-4114-9f2b-a8efe8f014e9.zip?GoogleAccessId=service-628602476853@gcf-admin-robot.iam.gserviceaccount.com&Expires=1759355312&Signature=x%2FA%2FVgPXfN7NUzJH6BrqGv3buCPx%2BzfFnKNXyw4of%2BLvBhCGUPKJP6nnd%2Bo2cLIPzAHpbtt9w5k2e%2Fe29itEBAbE4GFuz5rSIrQN8Vj7%2BfsuoWoNcMeML%2BKJKVlPMXHfPVnFaB8Z%2FYTsR9xgZfOuqaZra2W5NZ%2FXt1P9SKI%2B9Xfz3z6kH0O8zCxjtN6IwyqIEl2HTCyi6a%2F7VLcLCbQSvXoTQhAGdV7DAb%2BUfptV9J0gmWotGxPEXFZe%2BTSeMRnxzUfY1a6eeqNh0AvEu8qztEZQRJL6%2FBB24bMhW6lZtuMksTk82HNmBOA1NQmirkjO5vtB5h3myvmuYRQOWZINnA%3D%3D","environmentVariables":{"FIREBASE_CONFIG":"{\"projectId\":\"end-of-time-94cd3\",\"storageBucket\":\"end-of-time-94cd3.firebasestorage.app\"}","GCLOUD_PROJECT":"end-of-time-94cd3","EVENTARC_CLOUD_EVENT_SOURCE":"projects/end-of-time-94cd3/locations/us-central1/functions/sendEmailNotification"},"runtime":"nodejs18","buildEnvironmentVariables":{"GOOGLE_NODE_RUN_SCRIPTS":""},"dockerRegistry":"ARTIFACT_REGISTRY"},"versionId":"1","updateTime":"2025-10-01T21:18:37.180892697Z","buildId":"0dfde81f-3944-471f-9606-8a11b2240aec","buildName":"projects/628602476853/locations/us-central1/builds/0dfde81f-3944-471f-9606-8a11b2240aec"}}
[debug] [2025-10-01T21:18:52.417Z] [update-default-us-central1-onInteractionCreate] Retrying task index 0
[debug] [2025-10-01T21:18:52.417Z] Checked if tokens are valid: true, expires at: 1759356586532
[debug] [2025-10-01T21:18:52.417Z] Checked if tokens are valid: true, expires at: 1759356586532
[debug] [2025-10-01T21:18:52.418Z] >>> [apiv2][query] GET https://cloudfunctions.googleapis.com/v2/projects/end-of-time-94cd3/locations/us-central1/operations/operation-1759353516748-6401f69666dd4-d971faf7-965cb102 [none]
[debug] [2025-10-01T21:18:53.258Z] <<< [apiv2][status] GET https://cloudfunctions.googleapis.com/v2/projects/end-of-time-94cd3/locations/us-central1/operations/operation-1759353516748-6401f69666dd4-d971faf7-965cb102 200
[debug] [2025-10-01T21:18:53.258Z] <<< [apiv2][body] GET https://cloudfunctions.googleapis.com/v2/projects/end-of-time-94cd3/locations/us-central1/operations/operation-1759353516748-6401f69666dd4-d971faf7-965cb102 {"name":"projects/end-of-time-94cd3/locations/us-central1/operations/operation-1759353516748-6401f69666dd4-d971faf7-965cb102","metadata":{"@type":"type.googleapis.com/google.cloud.functions.v2.OperationMetadata","createTime":"2025-10-01T21:18:39.033084671Z","target":"projects/end-of-time-94cd3/locations/us-central1/functions/onInteractionCreate","verb":"update","cancelRequested":false,"apiVersion":"v2","requestResource":{"@type":"type.googleapis.com/google.cloud.functions.v2.Function","name":"projects/end-of-time-94cd3/locations/us-central1/functions/onInteractionCreate","buildConfig":{"runtime":"nodejs18","entryPoint":"onInteractionCreate","source":{"storageSource":{"bucket":"gcf-v2-sources-628602476853-us-central1","object":"onInteractionCreate/function-source.zip","generation":"1759353518940758"}},"environmentVariables":{"GOOGLE_NODE_RUN_SCRIPTS":""},"dockerRepository":"projects/end-of-time-94cd3/locations/us-central1/repositories/gcf-artifacts","sourceProvenance":{"resolvedStorageSource":{"bucket":"gcf-v2-sources-628602476853-us-central1","object":"onInteractionCreate/function-source.zip","generation":"1759323737984811"}},"dockerRegistry":"ARTIFACT_REGISTRY","serviceAccount":"projects/end-of-time-94cd3/serviceAccounts/628602476853-compute@developer.gserviceaccount.com","automaticUpdatePolicy":{}},"serviceConfig":{"service":"projects/end-of-time-94cd3/locations/us-central1/services/oninteractioncreate","timeoutSeconds":60,"environmentVariables":{"FIREBASE_CONFIG":"{\"projectId\":\"end-of-time-94cd3\",\"storageBucket\":\"end-of-time-94cd3.firebasestorage.app\"}","GCLOUD_PROJECT":"end-of-time-94cd3","EVENTARC_CLOUD_EVENT_SOURCE":"projects/end-of-time-94cd3/locations/us-central1/services/onInteractionCreate","FUNCTION_SIGNATURE_TYPE":"cloudevent","FUNCTION_TARGET":"onInteractionCreate","LOG_EXECUTION_ID":"true"},"ingressSettings":"ALLOW_ALL","uri":"https://oninteractioncreate-rvcuhoocya-uc.a.run.app","serviceAccountEmail":"628602476853-compute@developer.gserviceaccount.com","availableMemory":"256Mi","allTrafficOnLatestRevision":true,"revision":"oninteractioncreate-00002-gaz","maxInstanceRequestConcurrency":80,"availableCpu":"1"},"eventTrigger":{"trigger":"projects/end-of-time-94cd3/locations/africa-south1/triggers/oninteractioncreate-479781","triggerRegion":"africa-south1","eventType":"google.cloud.firestore.document.v1.created","eventFilters":[{"attribute":"database","value":"(default)"},{"attribute":"namespace","value":"(default)"},{"attribute":"document","value":"prayers/{prayerId}/interactions/{interactionId}","operator":"match-path-pattern"}],"pubsubTopic":"projects/end-of-time-94cd3/topics/eventarc-africa-south1-oninteractioncreate-479781-469","serviceAccountEmail":"628602476853-compute@developer.gserviceaccount.com","retryPolicy":"RETRY_POLICY_DO_NOT_RETRY"},"state":"ACTIVE","labels":{"deployment-tool":"cli-firebase","firebase-functions-hash":"76991da653c0df60e123106c1d99cae146712f90"},"environment":"GEN_2","url":"https://us-central1-end-of-time-94cd3.cloudfunctions.net/onInteractionCreate","satisfiesPzi":true},"stages":[{"name":"BUILD","message":"Build in progress","state":"IN_PROGRESS","resource":"projects/628602476853/locations/us-central1/builds/2b33f0dc-3fbb-46e3-baab-5d8bbfaf6fb8","resourceUri":"https://console.cloud.google.com/cloud-build/builds;region=us-central1/2b33f0dc-3fbb-46e3-baab-5d8bbfaf6fb8?project=628602476853"},{"name":"SERVICE","state":"NOT_STARTED"},{"name":"TRIGGER","state":"NOT_STARTED"}],"operationType":"UPDATE_FUNCTION","buildName":"projects/628602476853/locations/us-central1/builds/2b33f0dc-3fbb-46e3-baab-5d8bbfaf6fb8"},"done":false}
[debug] [2025-10-01T21:18:57.004Z] [create-default-us-central1-sendEmailNotification] Retrying task index 0
[debug] [2025-10-01T21:18:57.004Z] Checked if tokens are valid: true, expires at: 1759356586532
[debug] [2025-10-01T21:18:57.004Z] Checked if tokens are valid: true, expires at: 1759356586532
[debug] [2025-10-01T21:18:57.004Z] >>> [apiv2][query] GET https://cloudfunctions.googleapis.com/v1/operations/cHJvamVjdHMvZW5kLW9mLXRpbWUtOTRjZDMvbG9jYXRpb25zL3VzLWNlbnRyYWwxL29wZXJhdGlvbnMvb3BlcmF0aW9uLTE3NTkzNTM1MTY3NjktNjQwMWY2OTY2YzIxNi1kNmEyZDMwMC1iNmU5YzVhNw [none]
[debug] [2025-10-01T21:18:57.331Z] <<< [apiv2][status] GET https://cloudfunctions.googleapis.com/v1/operations/cHJvamVjdHMvZW5kLW9mLXRpbWUtOTRjZDMvbG9jYXRpb25zL3VzLWNlbnRyYWwxL29wZXJhdGlvbnMvb3BlcmF0aW9uLTE3NTkzNTM1MTY3NjktNjQwMWY2OTY2YzIxNi1kNmEyZDMwMC1iNmU5YzVhNw 200
[debug] [2025-10-01T21:18:57.331Z] <<< [apiv2][body] GET https://cloudfunctions.googleapis.com/v1/operations/cHJvamVjdHMvZW5kLW9mLXRpbWUtOTRjZDMvbG9jYXRpb25zL3VzLWNlbnRyYWwxL29wZXJhdGlvbnMvb3BlcmF0aW9uLTE3NTkzNTM1MTY3NjktNjQwMWY2OTY2YzIxNi1kNmEyZDMwMC1iNmU5YzVhNw {"name":"operations/cHJvamVjdHMvZW5kLW9mLXRpbWUtOTRjZDMvbG9jYXRpb25zL3VzLWNlbnRyYWwxL29wZXJhdGlvbnMvb3BlcmF0aW9uLTE3NTkzNTM1MTY3NjktNjQwMWY2OTY2YzIxNi1kNmEyZDMwMC1iNmU5YzVhNw","metadata":{"@type":"type.googleapis.com/google.cloud.functions.v1.OperationMetadataV1","target":"projects/end-of-time-94cd3/locations/us-central1/functions/sendEmailNotification","type":"CREATE_FUNCTION","request":{"@type":"type.googleapis.com/google.cloud.functions.v1.CloudFunction","name":"projects/end-of-time-94cd3/locations/us-central1/functions/sendEmailNotification","eventTrigger":{"eventType":"providers/cloud.firestore/eventTypes/document.create","resource":"projects/end-of-time-94cd3/databases/(default)/documents/emailQueue/{docId}","failurePolicy":{}},"entryPoint":"sendEmailNotification","updateTime":"1970-01-01T00:00:00Z","labels":{"deployment-tool":"cli-firebase","firebase-functions-hash":"abeb78fe080798b6edb30006e6a0e5ea74a57c45"},"sourceUploadUrl":"https://storage.googleapis.com/uploads-942337535895.us-central1.cloudfunctions.appspot.com/8344b6c7-d4fe-4114-9f2b-a8efe8f014e9.zip?GoogleAccessId=service-628602476853@gcf-admin-robot.iam.gserviceaccount.com&Expires=1759355312&Signature=x%2FA%2FVgPXfN7NUzJH6BrqGv3buCPx%2BzfFnKNXyw4of%2BLvBhCGUPKJP6nnd%2Bo2cLIPzAHpbtt9w5k2e%2Fe29itEBAbE4GFuz5rSIrQN8Vj7%2BfsuoWoNcMeML%2BKJKVlPMXHfPVnFaB8Z%2FYTsR9xgZfOuqaZra2W5NZ%2FXt1P9SKI%2B9Xfz3z6kH0O8zCxjtN6IwyqIEl2HTCyi6a%2F7VLcLCbQSvXoTQhAGdV7DAb%2BUfptV9J0gmWotGxPEXFZe%2BTSeMRnxzUfY1a6eeqNh0AvEu8qztEZQRJL6%2FBB24bMhW6lZtuMksTk82HNmBOA1NQmirkjO5vtB5h3myvmuYRQOWZINnA%3D%3D","environmentVariables":{"FIREBASE_CONFIG":"{\"projectId\":\"end-of-time-94cd3\",\"storageBucket\":\"end-of-time-94cd3.firebasestorage.app\"}","GCLOUD_PROJECT":"end-of-time-94cd3","EVENTARC_CLOUD_EVENT_SOURCE":"projects/end-of-time-94cd3/locations/us-central1/functions/sendEmailNotification"},"runtime":"nodejs18","buildEnvironmentVariables":{"GOOGLE_NODE_RUN_SCRIPTS":""},"dockerRegistry":"ARTIFACT_REGISTRY"},"versionId":"1","updateTime":"2025-10-01T21:18:37.180892697Z","buildId":"0dfde81f-3944-471f-9606-8a11b2240aec","buildName":"projects/628602476853/locations/us-central1/builds/0dfde81f-3944-471f-9606-8a11b2240aec"}}
[debug] [2025-10-01T21:19:01.273Z] [update-default-us-central1-onInteractionCreate] Retrying task index 0
[debug] [2025-10-01T21:19:01.273Z] Checked if tokens are valid: true, expires at: 1759356586532
[debug] [2025-10-01T21:19:01.273Z] Checked if tokens are valid: true, expires at: 1759356586532
[debug] [2025-10-01T21:19:01.273Z] >>> [apiv2][query] GET https://cloudfunctions.googleapis.com/v2/projects/end-of-time-94cd3/locations/us-central1/operations/operation-1759353516748-6401f69666dd4-d971faf7-965cb102 [none]
[debug] [2025-10-01T21:19:01.573Z] <<< [apiv2][status] GET https://cloudfunctions.googleapis.com/v2/projects/end-of-time-94cd3/locations/us-central1/operations/operation-1759353516748-6401f69666dd4-d971faf7-965cb102 200
[debug] [2025-10-01T21:19:01.573Z] <<< [apiv2][body] GET https://cloudfunctions.googleapis.com/v2/projects/end-of-time-94cd3/locations/us-central1/operations/operation-1759353516748-6401f69666dd4-d971faf7-965cb102 {"name":"projects/end-of-time-94cd3/locations/us-central1/operations/operation-1759353516748-6401f69666dd4-d971faf7-965cb102","metadata":{"@type":"type.googleapis.com/google.cloud.functions.v2.OperationMetadata","createTime":"2025-10-01T21:18:39.033084671Z","target":"projects/end-of-time-94cd3/locations/us-central1/functions/onInteractionCreate","verb":"update","cancelRequested":false,"apiVersion":"v2","requestResource":{"@type":"type.googleapis.com/google.cloud.functions.v2.Function","name":"projects/end-of-time-94cd3/locations/us-central1/functions/onInteractionCreate","buildConfig":{"runtime":"nodejs18","entryPoint":"onInteractionCreate","source":{"storageSource":{"bucket":"gcf-v2-sources-628602476853-us-central1","object":"onInteractionCreate/function-source.zip","generation":"1759353518940758"}},"environmentVariables":{"GOOGLE_NODE_RUN_SCRIPTS":""},"dockerRepository":"projects/end-of-time-94cd3/locations/us-central1/repositories/gcf-artifacts","sourceProvenance":{"resolvedStorageSource":{"bucket":"gcf-v2-sources-628602476853-us-central1","object":"onInteractionCreate/function-source.zip","generation":"1759323737984811"}},"dockerRegistry":"ARTIFACT_REGISTRY","serviceAccount":"projects/end-of-time-94cd3/serviceAccounts/628602476853-compute@developer.gserviceaccount.com","automaticUpdatePolicy":{}},"serviceConfig":{"service":"projects/end-of-time-94cd3/locations/us-central1/services/oninteractioncreate","timeoutSeconds":60,"environmentVariables":{"FIREBASE_CONFIG":"{\"projectId\":\"end-of-time-94cd3\",\"storageBucket\":\"end-of-time-94cd3.firebasestorage.app\"}","GCLOUD_PROJECT":"end-of-time-94cd3","EVENTARC_CLOUD_EVENT_SOURCE":"projects/end-of-time-94cd3/locations/us-central1/services/onInteractionCreate","FUNCTION_SIGNATURE_TYPE":"cloudevent","FUNCTION_TARGET":"onInteractionCreate","LOG_EXECUTION_ID":"true"},"ingressSettings":"ALLOW_ALL","uri":"https://oninteractioncreate-rvcuhoocya-uc.a.run.app","serviceAccountEmail":"628602476853-compute@developer.gserviceaccount.com","availableMemory":"256Mi","allTrafficOnLatestRevision":true,"revision":"oninteractioncreate-00002-gaz","maxInstanceRequestConcurrency":80,"availableCpu":"1"},"eventTrigger":{"trigger":"projects/end-of-time-94cd3/locations/africa-south1/triggers/oninteractioncreate-479781","triggerRegion":"africa-south1","eventType":"google.cloud.firestore.document.v1.created","eventFilters":[{"attribute":"database","value":"(default)"},{"attribute":"namespace","value":"(default)"},{"attribute":"document","value":"prayers/{prayerId}/interactions/{interactionId}","operator":"match-path-pattern"}],"pubsubTopic":"projects/end-of-time-94cd3/topics/eventarc-africa-south1-oninteractioncreate-479781-469","serviceAccountEmail":"628602476853-compute@developer.gserviceaccount.com","retryPolicy":"RETRY_POLICY_DO_NOT_RETRY"},"state":"ACTIVE","labels":{"deployment-tool":"cli-firebase","firebase-functions-hash":"76991da653c0df60e123106c1d99cae146712f90"},"environment":"GEN_2","url":"https://us-central1-end-of-time-94cd3.cloudfunctions.net/onInteractionCreate","satisfiesPzi":true},"stages":[{"name":"BUILD","message":"Build in progress","state":"IN_PROGRESS","resource":"projects/628602476853/locations/us-central1/builds/2b33f0dc-3fbb-46e3-baab-5d8bbfaf6fb8","resourceUri":"https://console.cloud.google.com/cloud-build/builds;region=us-central1/2b33f0dc-3fbb-46e3-baab-5d8bbfaf6fb8?project=628602476853"},{"name":"SERVICE","state":"NOT_STARTED"},{"name":"TRIGGER","state":"NOT_STARTED"}],"operationType":"UPDATE_FUNCTION","buildName":"projects/628602476853/locations/us-central1/builds/2b33f0dc-3fbb-46e3-baab-5d8bbfaf6fb8"},"done":false}
[debug] [2025-10-01T21:19:07.345Z] [create-default-us-central1-sendEmailNotification] Retrying task index 0
[debug] [2025-10-01T21:19:07.345Z] Checked if tokens are valid: true, expires at: 1759356586532
[debug] [2025-10-01T21:19:07.345Z] Checked if tokens are valid: true, expires at: 1759356586532
[debug] [2025-10-01T21:19:07.345Z] >>> [apiv2][query] GET https://cloudfunctions.googleapis.com/v1/operations/cHJvamVjdHMvZW5kLW9mLXRpbWUtOTRjZDMvbG9jYXRpb25zL3VzLWNlbnRyYWwxL29wZXJhdGlvbnMvb3BlcmF0aW9uLTE3NTkzNTM1MTY3NjktNjQwMWY2OTY2YzIxNi1kNmEyZDMwMC1iNmU5YzVhNw [none]
[debug] [2025-10-01T21:19:07.871Z] <<< [apiv2][status] GET https://cloudfunctions.googleapis.com/v1/operations/cHJvamVjdHMvZW5kLW9mLXRpbWUtOTRjZDMvbG9jYXRpb25zL3VzLWNlbnRyYWwxL29wZXJhdGlvbnMvb3BlcmF0aW9uLTE3NTkzNTM1MTY3NjktNjQwMWY2OTY2YzIxNi1kNmEyZDMwMC1iNmU5YzVhNw 200
[debug] [2025-10-01T21:19:07.872Z] <<< [apiv2][body] GET https://cloudfunctions.googleapis.com/v1/operations/cHJvamVjdHMvZW5kLW9mLXRpbWUtOTRjZDMvbG9jYXRpb25zL3VzLWNlbnRyYWwxL29wZXJhdGlvbnMvb3BlcmF0aW9uLTE3NTkzNTM1MTY3NjktNjQwMWY2OTY2YzIxNi1kNmEyZDMwMC1iNmU5YzVhNw {"name":"operations/cHJvamVjdHMvZW5kLW9mLXRpbWUtOTRjZDMvbG9jYXRpb25zL3VzLWNlbnRyYWwxL29wZXJhdGlvbnMvb3BlcmF0aW9uLTE3NTkzNTM1MTY3NjktNjQwMWY2OTY2YzIxNi1kNmEyZDMwMC1iNmU5YzVhNw","metadata":{"@type":"type.googleapis.com/google.cloud.functions.v1.OperationMetadataV1","target":"projects/end-of-time-94cd3/locations/us-central1/functions/sendEmailNotification","type":"CREATE_FUNCTION","request":{"@type":"type.googleapis.com/google.cloud.functions.v1.CloudFunction","name":"projects/end-of-time-94cd3/locations/us-central1/functions/sendEmailNotification","eventTrigger":{"eventType":"providers/cloud.firestore/eventTypes/document.create","resource":"projects/end-of-time-94cd3/databases/(default)/documents/emailQueue/{docId}","failurePolicy":{}},"entryPoint":"sendEmailNotification","updateTime":"1970-01-01T00:00:00Z","labels":{"deployment-tool":"cli-firebase","firebase-functions-hash":"abeb78fe080798b6edb30006e6a0e5ea74a57c45"},"sourceUploadUrl":"https://storage.googleapis.com/uploads-942337535895.us-central1.cloudfunctions.appspot.com/8344b6c7-d4fe-4114-9f2b-a8efe8f014e9.zip?GoogleAccessId=service-628602476853@gcf-admin-robot.iam.gserviceaccount.com&Expires=1759355312&Signature=x%2FA%2FVgPXfN7NUzJH6BrqGv3buCPx%2BzfFnKNXyw4of%2BLvBhCGUPKJP6nnd%2Bo2cLIPzAHpbtt9w5k2e%2Fe29itEBAbE4GFuz5rSIrQN8Vj7%2BfsuoWoNcMeML%2BKJKVlPMXHfPVnFaB8Z%2FYTsR9xgZfOuqaZra2W5NZ%2FXt1P9SKI%2B9Xfz3z6kH0O8zCxjtN6IwyqIEl2HTCyi6a%2F7VLcLCbQSvXoTQhAGdV7DAb%2BUfptV9J0gmWotGxPEXFZe%2BTSeMRnxzUfY1a6eeqNh0AvEu8qztEZQRJL6%2FBB24bMhW6lZtuMksTk82HNmBOA1NQmirkjO5vtB5h3myvmuYRQOWZINnA%3D%3D","environmentVariables":{"FIREBASE_CONFIG":"{\"projectId\":\"end-of-time-94cd3\",\"storageBucket\":\"end-of-time-94cd3.firebasestorage.app\"}","GCLOUD_PROJECT":"end-of-time-94cd3","EVENTARC_CLOUD_EVENT_SOURCE":"projects/end-of-time-94cd3/locations/us-central1/functions/sendEmailNotification"},"runtime":"nodejs18","buildEnvironmentVariables":{"GOOGLE_NODE_RUN_SCRIPTS":""},"dockerRegistry":"ARTIFACT_REGISTRY"},"versionId":"1","updateTime":"2025-10-01T21:18:37.180892697Z","buildId":"0dfde81f-3944-471f-9606-8a11b2240aec","buildName":"projects/628602476853/locations/us-central1/builds/0dfde81f-3944-471f-9606-8a11b2240aec"}}
[debug] [2025-10-01T21:19:11.580Z] [update-default-us-central1-onInteractionCreate] Retrying task index 0
[debug] [2025-10-01T21:19:11.581Z] Checked if tokens are valid: true, expires at: 1759356586532
[debug] [2025-10-01T21:19:11.582Z] Checked if tokens are valid: true, expires at: 1759356586532
[debug] [2025-10-01T21:19:11.582Z] >>> [apiv2][query] GET https://cloudfunctions.googleapis.com/v2/projects/end-of-time-94cd3/locations/us-central1/operations/operation-1759353516748-6401f69666dd4-d971faf7-965cb102 [none]
[debug] [2025-10-01T21:19:12.426Z] <<< [apiv2][status] GET https://cloudfunctions.googleapis.com/v2/projects/end-of-time-94cd3/locations/us-central1/operations/operation-1759353516748-6401f69666dd4-d971faf7-965cb102 200
[debug] [2025-10-01T21:19:12.426Z] <<< [apiv2][body] GET https://cloudfunctions.googleapis.com/v2/projects/end-of-time-94cd3/locations/us-central1/operations/operation-1759353516748-6401f69666dd4-d971faf7-965cb102 {"name":"projects/end-of-time-94cd3/locations/us-central1/operations/operation-1759353516748-6401f69666dd4-d971faf7-965cb102","metadata":{"@type":"type.googleapis.com/google.cloud.functions.v2.OperationMetadata","createTime":"2025-10-01T21:18:39.033084671Z","target":"projects/end-of-time-94cd3/locations/us-central1/functions/onInteractionCreate","verb":"update","cancelRequested":false,"apiVersion":"v2","requestResource":{"@type":"type.googleapis.com/google.cloud.functions.v2.Function","name":"projects/end-of-time-94cd3/locations/us-central1/functions/onInteractionCreate","buildConfig":{"runtime":"nodejs18","entryPoint":"onInteractionCreate","source":{"storageSource":{"bucket":"gcf-v2-sources-628602476853-us-central1","object":"onInteractionCreate/function-source.zip","generation":"1759353518940758"}},"environmentVariables":{"GOOGLE_NODE_RUN_SCRIPTS":""},"dockerRepository":"projects/end-of-time-94cd3/locations/us-central1/repositories/gcf-artifacts","sourceProvenance":{"resolvedStorageSource":{"bucket":"gcf-v2-sources-628602476853-us-central1","object":"onInteractionCreate/function-source.zip","generation":"1759323737984811"}},"dockerRegistry":"ARTIFACT_REGISTRY","serviceAccount":"projects/end-of-time-94cd3/serviceAccounts/628602476853-compute@developer.gserviceaccount.com","automaticUpdatePolicy":{}},"serviceConfig":{"service":"projects/end-of-time-94cd3/locations/us-central1/services/oninteractioncreate","timeoutSeconds":60,"environmentVariables":{"FIREBASE_CONFIG":"{\"projectId\":\"end-of-time-94cd3\",\"storageBucket\":\"end-of-time-94cd3.firebasestorage.app\"}","GCLOUD_PROJECT":"end-of-time-94cd3","EVENTARC_CLOUD_EVENT_SOURCE":"projects/end-of-time-94cd3/locations/us-central1/services/onInteractionCreate","FUNCTION_SIGNATURE_TYPE":"cloudevent","FUNCTION_TARGET":"onInteractionCreate","LOG_EXECUTION_ID":"true"},"ingressSettings":"ALLOW_ALL","uri":"https://oninteractioncreate-rvcuhoocya-uc.a.run.app","serviceAccountEmail":"628602476853-compute@developer.gserviceaccount.com","availableMemory":"256Mi","allTrafficOnLatestRevision":true,"revision":"oninteractioncreate-00002-gaz","maxInstanceRequestConcurrency":80,"availableCpu":"1"},"eventTrigger":{"trigger":"projects/end-of-time-94cd3/locations/africa-south1/triggers/oninteractioncreate-479781","triggerRegion":"africa-south1","eventType":"google.cloud.firestore.document.v1.created","eventFilters":[{"attribute":"database","value":"(default)"},{"attribute":"namespace","value":"(default)"},{"attribute":"document","value":"prayers/{prayerId}/interactions/{interactionId}","operator":"match-path-pattern"}],"pubsubTopic":"projects/end-of-time-94cd3/topics/eventarc-africa-south1-oninteractioncreate-479781-469","serviceAccountEmail":"628602476853-compute@developer.gserviceaccount.com","retryPolicy":"RETRY_POLICY_DO_NOT_RETRY"},"state":"ACTIVE","labels":{"deployment-tool":"cli-firebase","firebase-functions-hash":"76991da653c0df60e123106c1d99cae146712f90"},"environment":"GEN_2","url":"https://us-central1-end-of-time-94cd3.cloudfunctions.net/onInteractionCreate","satisfiesPzi":true},"stages":[{"name":"BUILD","message":"Build in progress","state":"IN_PROGRESS","resource":"projects/628602476853/locations/us-central1/builds/2b33f0dc-3fbb-46e3-baab-5d8bbfaf6fb8","resourceUri":"https://console.cloud.google.com/cloud-build/builds;region=us-central1/2b33f0dc-3fbb-46e3-baab-5d8bbfaf6fb8?project=628602476853"},{"name":"SERVICE","state":"NOT_STARTED"},{"name":"TRIGGER","state":"NOT_STARTED"}],"operationType":"UPDATE_FUNCTION","buildName":"projects/628602476853/locations/us-central1/builds/2b33f0dc-3fbb-46e3-baab-5d8bbfaf6fb8"},"done":false}
[debug] [2025-10-01T21:19:17.883Z] [create-default-us-central1-sendEmailNotification] Retrying task index 0
[debug] [2025-10-01T21:19:17.884Z] Checked if tokens are valid: true, expires at: 1759356586532
[debug] [2025-10-01T21:19:17.884Z] Checked if tokens are valid: true, expires at: 1759356586532
[debug] [2025-10-01T21:19:17.884Z] >>> [apiv2][query] GET https://cloudfunctions.googleapis.com/v1/operations/cHJvamVjdHMvZW5kLW9mLXRpbWUtOTRjZDMvbG9jYXRpb25zL3VzLWNlbnRyYWwxL29wZXJhdGlvbnMvb3BlcmF0aW9uLTE3NTkzNTM1MTY3NjktNjQwMWY2OTY2YzIxNi1kNmEyZDMwMC1iNmU5YzVhNw [none]
[debug] [2025-10-01T21:19:18.408Z] <<< [apiv2][status] GET https://cloudfunctions.googleapis.com/v1/operations/cHJvamVjdHMvZW5kLW9mLXRpbWUtOTRjZDMvbG9jYXRpb25zL3VzLWNlbnRyYWwxL29wZXJhdGlvbnMvb3BlcmF0aW9uLTE3NTkzNTM1MTY3NjktNjQwMWY2OTY2YzIxNi1kNmEyZDMwMC1iNmU5YzVhNw 200
[debug] [2025-10-01T21:19:18.408Z] <<< [apiv2][body] GET https://cloudfunctions.googleapis.com/v1/operations/cHJvamVjdHMvZW5kLW9mLXRpbWUtOTRjZDMvbG9jYXRpb25zL3VzLWNlbnRyYWwxL29wZXJhdGlvbnMvb3BlcmF0aW9uLTE3NTkzNTM1MTY3NjktNjQwMWY2OTY2YzIxNi1kNmEyZDMwMC1iNmU5YzVhNw {"name":"operations/cHJvamVjdHMvZW5kLW9mLXRpbWUtOTRjZDMvbG9jYXRpb25zL3VzLWNlbnRyYWwxL29wZXJhdGlvbnMvb3BlcmF0aW9uLTE3NTkzNTM1MTY3NjktNjQwMWY2OTY2YzIxNi1kNmEyZDMwMC1iNmU5YzVhNw","metadata":{"@type":"type.googleapis.com/google.cloud.functions.v1.OperationMetadataV1","target":"projects/end-of-time-94cd3/locations/us-central1/functions/sendEmailNotification","type":"CREATE_FUNCTION","request":{"@type":"type.googleapis.com/google.cloud.functions.v1.CloudFunction","name":"projects/end-of-time-94cd3/locations/us-central1/functions/sendEmailNotification","eventTrigger":{"eventType":"providers/cloud.firestore/eventTypes/document.create","resource":"projects/end-of-time-94cd3/databases/(default)/documents/emailQueue/{docId}","failurePolicy":{}},"entryPoint":"sendEmailNotification","updateTime":"1970-01-01T00:00:00Z","labels":{"deployment-tool":"cli-firebase","firebase-functions-hash":"abeb78fe080798b6edb30006e6a0e5ea74a57c45"},"sourceUploadUrl":"https://storage.googleapis.com/uploads-942337535895.us-central1.cloudfunctions.appspot.com/8344b6c7-d4fe-4114-9f2b-a8efe8f014e9.zip?GoogleAccessId=service-628602476853@gcf-admin-robot.iam.gserviceaccount.com&Expires=1759355312&Signature=x%2FA%2FVgPXfN7NUzJH6BrqGv3buCPx%2BzfFnKNXyw4of%2BLvBhCGUPKJP6nnd%2Bo2cLIPzAHpbtt9w5k2e%2Fe29itEBAbE4GFuz5rSIrQN8Vj7%2BfsuoWoNcMeML%2BKJKVlPMXHfPVnFaB8Z%2FYTsR9xgZfOuqaZra2W5NZ%2FXt1P9SKI%2B9Xfz3z6kH0O8zCxjtN6IwyqIEl2HTCyi6a%2F7VLcLCbQSvXoTQhAGdV7DAb%2BUfptV9J0gmWotGxPEXFZe%2BTSeMRnxzUfY1a6eeqNh0AvEu8qztEZQRJL6%2FBB24bMhW6lZtuMksTk82HNmBOA1NQmirkjO5vtB5h3myvmuYRQOWZINnA%3D%3D","environmentVariables":{"FIREBASE_CONFIG":"{\"projectId\":\"end-of-time-94cd3\",\"storageBucket\":\"end-of-time-94cd3.firebasestorage.app\"}","GCLOUD_PROJECT":"end-of-time-94cd3","EVENTARC_CLOUD_EVENT_SOURCE":"projects/end-of-time-94cd3/locations/us-central1/functions/sendEmailNotification"},"runtime":"nodejs18","buildEnvironmentVariables":{"GOOGLE_NODE_RUN_SCRIPTS":""},"dockerRegistry":"ARTIFACT_REGISTRY"},"versionId":"1","updateTime":"2025-10-01T21:18:37.180892697Z","buildId":"0dfde81f-3944-471f-9606-8a11b2240aec","buildName":"projects/628602476853/locations/us-central1/builds/0dfde81f-3944-471f-9606-8a11b2240aec"}}
[debug] [2025-10-01T21:19:22.436Z] [update-default-us-central1-onInteractionCreate] Retrying task index 0
[debug] [2025-10-01T21:19:22.436Z] Checked if tokens are valid: true, expires at: 1759356586532
[debug] [2025-10-01T21:19:22.436Z] Checked if tokens are valid: true, expires at: 1759356586532
[debug] [2025-10-01T21:19:22.436Z] >>> [apiv2][query] GET https://cloudfunctions.googleapis.com/v2/projects/end-of-time-94cd3/locations/us-central1/operations/operation-1759353516748-6401f69666dd4-d971faf7-965cb102 [none]
[debug] [2025-10-01T21:19:22.800Z] <<< [apiv2][status] GET https://cloudfunctions.googleapis.com/v2/projects/end-of-time-94cd3/locations/us-central1/operations/operation-1759353516748-6401f69666dd4-d971faf7-965cb102 200
[debug] [2025-10-01T21:19:22.800Z] <<< [apiv2][body] GET https://cloudfunctions.googleapis.com/v2/projects/end-of-time-94cd3/locations/us-central1/operations/operation-1759353516748-6401f69666dd4-d971faf7-965cb102 {"name":"projects/end-of-time-94cd3/locations/us-central1/operations/operation-1759353516748-6401f69666dd4-d971faf7-965cb102","metadata":{"@type":"type.googleapis.com/google.cloud.functions.v2.OperationMetadata","createTime":"2025-10-01T21:18:39.033084671Z","target":"projects/end-of-time-94cd3/locations/us-central1/functions/onInteractionCreate","verb":"update","cancelRequested":false,"apiVersion":"v2","requestResource":{"@type":"type.googleapis.com/google.cloud.functions.v2.Function","name":"projects/end-of-time-94cd3/locations/us-central1/functions/onInteractionCreate","buildConfig":{"runtime":"nodejs18","entryPoint":"onInteractionCreate","source":{"storageSource":{"bucket":"gcf-v2-sources-628602476853-us-central1","object":"onInteractionCreate/function-source.zip","generation":"1759353518940758"}},"environmentVariables":{"GOOGLE_NODE_RUN_SCRIPTS":""},"dockerRepository":"projects/end-of-time-94cd3/locations/us-central1/repositories/gcf-artifacts","sourceProvenance":{"resolvedStorageSource":{"bucket":"gcf-v2-sources-628602476853-us-central1","object":"onInteractionCreate/function-source.zip","generation":"1759323737984811"}},"dockerRegistry":"ARTIFACT_REGISTRY","serviceAccount":"projects/end-of-time-94cd3/serviceAccounts/628602476853-compute@developer.gserviceaccount.com","automaticUpdatePolicy":{}},"serviceConfig":{"service":"projects/end-of-time-94cd3/locations/us-central1/services/oninteractioncreate","timeoutSeconds":60,"environmentVariables":{"FIREBASE_CONFIG":"{\"projectId\":\"end-of-time-94cd3\",\"storageBucket\":\"end-of-time-94cd3.firebasestorage.app\"}","GCLOUD_PROJECT":"end-of-time-94cd3","EVENTARC_CLOUD_EVENT_SOURCE":"projects/end-of-time-94cd3/locations/us-central1/services/onInteractionCreate","FUNCTION_SIGNATURE_TYPE":"cloudevent","FUNCTION_TARGET":"onInteractionCreate","LOG_EXECUTION_ID":"true"},"ingressSettings":"ALLOW_ALL","uri":"https://oninteractioncreate-rvcuhoocya-uc.a.run.app","serviceAccountEmail":"628602476853-compute@developer.gserviceaccount.com","availableMemory":"256Mi","allTrafficOnLatestRevision":true,"revision":"oninteractioncreate-00002-gaz","maxInstanceRequestConcurrency":80,"availableCpu":"1"},"eventTrigger":{"trigger":"projects/end-of-time-94cd3/locations/africa-south1/triggers/oninteractioncreate-479781","triggerRegion":"africa-south1","eventType":"google.cloud.firestore.document.v1.created","eventFilters":[{"attribute":"database","value":"(default)"},{"attribute":"namespace","value":"(default)"},{"attribute":"document","value":"prayers/{prayerId}/interactions/{interactionId}","operator":"match-path-pattern"}],"pubsubTopic":"projects/end-of-time-94cd3/topics/eventarc-africa-south1-oninteractioncreate-479781-469","serviceAccountEmail":"628602476853-compute@developer.gserviceaccount.com","retryPolicy":"RETRY_POLICY_DO_NOT_RETRY"},"state":"ACTIVE","labels":{"deployment-tool":"cli-firebase","firebase-functions-hash":"76991da653c0df60e123106c1d99cae146712f90"},"environment":"GEN_2","url":"https://us-central1-end-of-time-94cd3.cloudfunctions.net/onInteractionCreate","satisfiesPzi":true},"stages":[{"name":"BUILD","message":"Build in progress","state":"IN_PROGRESS","resource":"projects/628602476853/locations/us-central1/builds/2b33f0dc-3fbb-46e3-baab-5d8bbfaf6fb8","resourceUri":"https://console.cloud.google.com/cloud-build/builds;region=us-central1/2b33f0dc-3fbb-46e3-baab-5d8bbfaf6fb8?project=628602476853"},{"name":"SERVICE","state":"NOT_STARTED"},{"name":"TRIGGER","state":"NOT_STARTED"}],"operationType":"UPDATE_FUNCTION","buildName":"projects/628602476853/locations/us-central1/builds/2b33f0dc-3fbb-46e3-baab-5d8bbfaf6fb8"},"done":false}
[debug] [2025-10-01T21:19:28.419Z] [create-default-us-central1-sendEmailNotification] Retrying task index 0
[debug] [2025-10-01T21:19:28.419Z] Checked if tokens are valid: true, expires at: 1759356586532
[debug] [2025-10-01T21:19:28.419Z] Checked if tokens are valid: true, expires at: 1759356586532
[debug] [2025-10-01T21:19:28.419Z] >>> [apiv2][query] GET https://cloudfunctions.googleapis.com/v1/operations/cHJvamVjdHMvZW5kLW9mLXRpbWUtOTRjZDMvbG9jYXRpb25zL3VzLWNlbnRyYWwxL29wZXJhdGlvbnMvb3BlcmF0aW9uLTE3NTkzNTM1MTY3NjktNjQwMWY2OTY2YzIxNi1kNmEyZDMwMC1iNmU5YzVhNw [none]
[debug] [2025-10-01T21:19:28.947Z] <<< [apiv2][status] GET https://cloudfunctions.googleapis.com/v1/operations/cHJvamVjdHMvZW5kLW9mLXRpbWUtOTRjZDMvbG9jYXRpb25zL3VzLWNlbnRyYWwxL29wZXJhdGlvbnMvb3BlcmF0aW9uLTE3NTkzNTM1MTY3NjktNjQwMWY2OTY2YzIxNi1kNmEyZDMwMC1iNmU5YzVhNw 200
[debug] [2025-10-01T21:19:28.947Z] <<< [apiv2][body] GET https://cloudfunctions.googleapis.com/v1/operations/cHJvamVjdHMvZW5kLW9mLXRpbWUtOTRjZDMvbG9jYXRpb25zL3VzLWNlbnRyYWwxL29wZXJhdGlvbnMvb3BlcmF0aW9uLTE3NTkzNTM1MTY3NjktNjQwMWY2OTY2YzIxNi1kNmEyZDMwMC1iNmU5YzVhNw {"name":"operations/cHJvamVjdHMvZW5kLW9mLXRpbWUtOTRjZDMvbG9jYXRpb25zL3VzLWNlbnRyYWwxL29wZXJhdGlvbnMvb3BlcmF0aW9uLTE3NTkzNTM1MTY3NjktNjQwMWY2OTY2YzIxNi1kNmEyZDMwMC1iNmU5YzVhNw","metadata":{"@type":"type.googleapis.com/google.cloud.functions.v1.OperationMetadataV1","target":"projects/end-of-time-94cd3/locations/us-central1/functions/sendEmailNotification","type":"CREATE_FUNCTION","request":{"@type":"type.googleapis.com/google.cloud.functions.v1.CloudFunction","name":"projects/end-of-time-94cd3/locations/us-central1/functions/sendEmailNotification","eventTrigger":{"eventType":"providers/cloud.firestore/eventTypes/document.create","resource":"projects/end-of-time-94cd3/databases/(default)/documents/emailQueue/{docId}","failurePolicy":{}},"entryPoint":"sendEmailNotification","updateTime":"1970-01-01T00:00:00Z","labels":{"deployment-tool":"cli-firebase","firebase-functions-hash":"abeb78fe080798b6edb30006e6a0e5ea74a57c45"},"sourceUploadUrl":"https://storage.googleapis.com/uploads-942337535895.us-central1.cloudfunctions.appspot.com/8344b6c7-d4fe-4114-9f2b-a8efe8f014e9.zip?GoogleAccessId=service-628602476853@gcf-admin-robot.iam.gserviceaccount.com&Expires=1759355312&Signature=x%2FA%2FVgPXfN7NUzJH6BrqGv3buCPx%2BzfFnKNXyw4of%2BLvBhCGUPKJP6nnd%2Bo2cLIPzAHpbtt9w5k2e%2Fe29itEBAbE4GFuz5rSIrQN8Vj7%2BfsuoWoNcMeML%2BKJKVlPMXHfPVnFaB8Z%2FYTsR9xgZfOuqaZra2W5NZ%2FXt1P9SKI%2B9Xfz3z6kH0O8zCxjtN6IwyqIEl2HTCyi6a%2F7VLcLCbQSvXoTQhAGdV7DAb%2BUfptV9J0gmWotGxPEXFZe%2BTSeMRnxzUfY1a6eeqNh0AvEu8qztEZQRJL6%2FBB24bMhW6lZtuMksTk82HNmBOA1NQmirkjO5vtB5h3myvmuYRQOWZINnA%3D%3D","environmentVariables":{"FIREBASE_CONFIG":"{\"projectId\":\"end-of-time-94cd3\",\"storageBucket\":\"end-of-time-94cd3.firebasestorage.app\"}","GCLOUD_PROJECT":"end-of-time-94cd3","EVENTARC_CLOUD_EVENT_SOURCE":"projects/end-of-time-94cd3/locations/us-central1/functions/sendEmailNotification"},"runtime":"nodejs18","buildEnvironmentVariables":{"GOOGLE_NODE_RUN_SCRIPTS":""},"dockerRegistry":"ARTIFACT_REGISTRY"},"versionId":"1","updateTime":"2025-10-01T21:18:37.180892697Z","buildId":"0dfde81f-3944-471f-9606-8a11b2240aec","buildName":"projects/628602476853/locations/us-central1/builds/0dfde81f-3944-471f-9606-8a11b2240aec"}}
[debug] [2025-10-01T21:19:32.813Z] [update-default-us-central1-onInteractionCreate] Retrying task index 0
[debug] [2025-10-01T21:19:32.813Z] Checked if tokens are valid: true, expires at: 1759356586532
[debug] [2025-10-01T21:19:32.813Z] Checked if tokens are valid: true, expires at: 1759356586532
[debug] [2025-10-01T21:19:32.813Z] >>> [apiv2][query] GET https://cloudfunctions.googleapis.com/v2/projects/end-of-time-94cd3/locations/us-central1/operations/operation-1759353516748-6401f69666dd4-d971faf7-965cb102 [none]
[debug] [2025-10-01T21:19:33.633Z] <<< [apiv2][status] GET https://cloudfunctions.googleapis.com/v2/projects/end-of-time-94cd3/locations/us-central1/operations/operation-1759353516748-6401f69666dd4-d971faf7-965cb102 200
[debug] [2025-10-01T21:19:33.633Z] <<< [apiv2][body] GET https://cloudfunctions.googleapis.com/v2/projects/end-of-time-94cd3/locations/us-central1/operations/operation-1759353516748-6401f69666dd4-d971faf7-965cb102 {"name":"projects/end-of-time-94cd3/locations/us-central1/operations/operation-1759353516748-6401f69666dd4-d971faf7-965cb102","metadata":{"@type":"type.googleapis.com/google.cloud.functions.v2.OperationMetadata","createTime":"2025-10-01T21:18:39.033084671Z","target":"projects/end-of-time-94cd3/locations/us-central1/functions/onInteractionCreate","verb":"update","cancelRequested":false,"apiVersion":"v2","requestResource":{"@type":"type.googleapis.com/google.cloud.functions.v2.Function","name":"projects/end-of-time-94cd3/locations/us-central1/functions/onInteractionCreate","buildConfig":{"runtime":"nodejs18","entryPoint":"onInteractionCreate","source":{"storageSource":{"bucket":"gcf-v2-sources-628602476853-us-central1","object":"onInteractionCreate/function-source.zip","generation":"1759353518940758"}},"environmentVariables":{"GOOGLE_NODE_RUN_SCRIPTS":""},"dockerRepository":"projects/end-of-time-94cd3/locations/us-central1/repositories/gcf-artifacts","sourceProvenance":{"resolvedStorageSource":{"bucket":"gcf-v2-sources-628602476853-us-central1","object":"onInteractionCreate/function-source.zip","generation":"1759323737984811"}},"dockerRegistry":"ARTIFACT_REGISTRY","serviceAccount":"projects/end-of-time-94cd3/serviceAccounts/628602476853-compute@developer.gserviceaccount.com","automaticUpdatePolicy":{}},"serviceConfig":{"service":"projects/end-of-time-94cd3/locations/us-central1/services/oninteractioncreate","timeoutSeconds":60,"environmentVariables":{"FIREBASE_CONFIG":"{\"projectId\":\"end-of-time-94cd3\",\"storageBucket\":\"end-of-time-94cd3.firebasestorage.app\"}","GCLOUD_PROJECT":"end-of-time-94cd3","EVENTARC_CLOUD_EVENT_SOURCE":"projects/end-of-time-94cd3/locations/us-central1/services/onInteractionCreate","FUNCTION_SIGNATURE_TYPE":"cloudevent","FUNCTION_TARGET":"onInteractionCreate","LOG_EXECUTION_ID":"true"},"ingressSettings":"ALLOW_ALL","uri":"https://oninteractioncreate-rvcuhoocya-uc.a.run.app","serviceAccountEmail":"628602476853-compute@developer.gserviceaccount.com","availableMemory":"256Mi","allTrafficOnLatestRevision":true,"revision":"oninteractioncreate-00002-gaz","maxInstanceRequestConcurrency":80,"availableCpu":"1"},"eventTrigger":{"trigger":"projects/end-of-time-94cd3/locations/africa-south1/triggers/oninteractioncreate-479781","triggerRegion":"africa-south1","eventType":"google.cloud.firestore.document.v1.created","eventFilters":[{"attribute":"database","value":"(default)"},{"attribute":"namespace","value":"(default)"},{"attribute":"document","value":"prayers/{prayerId}/interactions/{interactionId}","operator":"match-path-pattern"}],"pubsubTopic":"projects/end-of-time-94cd3/topics/eventarc-africa-south1-oninteractioncreate-479781-469","serviceAccountEmail":"628602476853-compute@developer.gserviceaccount.com","retryPolicy":"RETRY_POLICY_DO_NOT_RETRY"},"state":"ACTIVE","labels":{"deployment-tool":"cli-firebase","firebase-functions-hash":"76991da653c0df60e123106c1d99cae146712f90"},"environment":"GEN_2","url":"https://us-central1-end-of-time-94cd3.cloudfunctions.net/onInteractionCreate","satisfiesPzi":true},"stages":[{"name":"BUILD","message":"Build in progress","state":"IN_PROGRESS","resource":"projects/628602476853/locations/us-central1/builds/2b33f0dc-3fbb-46e3-baab-5d8bbfaf6fb8","resourceUri":"https://console.cloud.google.com/cloud-build/builds;region=us-central1/2b33f0dc-3fbb-46e3-baab-5d8bbfaf6fb8?project=628602476853"},{"name":"SERVICE","state":"NOT_STARTED"},{"name":"TRIGGER","state":"NOT_STARTED"}],"operationType":"UPDATE_FUNCTION","buildName":"projects/628602476853/locations/us-central1/builds/2b33f0dc-3fbb-46e3-baab-5d8bbfaf6fb8"},"done":false}
[debug] [2025-10-01T21:19:38.951Z] [create-default-us-central1-sendEmailNotification] Retrying task index 0
[debug] [2025-10-01T21:19:38.952Z] Checked if tokens are valid: true, expires at: 1759356586532
[debug] [2025-10-01T21:19:38.952Z] Checked if tokens are valid: true, expires at: 1759356586532
[debug] [2025-10-01T21:19:38.952Z] >>> [apiv2][query] GET https://cloudfunctions.googleapis.com/v1/operations/cHJvamVjdHMvZW5kLW9mLXRpbWUtOTRjZDMvbG9jYXRpb25zL3VzLWNlbnRyYWwxL29wZXJhdGlvbnMvb3BlcmF0aW9uLTE3NTkzNTM1MTY3NjktNjQwMWY2OTY2YzIxNi1kNmEyZDMwMC1iNmU5YzVhNw [none]
[debug] [2025-10-01T21:19:39.494Z] <<< [apiv2][status] GET https://cloudfunctions.googleapis.com/v1/operations/cHJvamVjdHMvZW5kLW9mLXRpbWUtOTRjZDMvbG9jYXRpb25zL3VzLWNlbnRyYWwxL29wZXJhdGlvbnMvb3BlcmF0aW9uLTE3NTkzNTM1MTY3NjktNjQwMWY2OTY2YzIxNi1kNmEyZDMwMC1iNmU5YzVhNw 200
[debug] [2025-10-01T21:19:39.495Z] <<< [apiv2][body] GET https://cloudfunctions.googleapis.com/v1/operations/cHJvamVjdHMvZW5kLW9mLXRpbWUtOTRjZDMvbG9jYXRpb25zL3VzLWNlbnRyYWwxL29wZXJhdGlvbnMvb3BlcmF0aW9uLTE3NTkzNTM1MTY3NjktNjQwMWY2OTY2YzIxNi1kNmEyZDMwMC1iNmU5YzVhNw {"name":"operations/cHJvamVjdHMvZW5kLW9mLXRpbWUtOTRjZDMvbG9jYXRpb25zL3VzLWNlbnRyYWwxL29wZXJhdGlvbnMvb3BlcmF0aW9uLTE3NTkzNTM1MTY3NjktNjQwMWY2OTY2YzIxNi1kNmEyZDMwMC1iNmU5YzVhNw","metadata":{"@type":"type.googleapis.com/google.cloud.functions.v1.OperationMetadataV1","target":"projects/end-of-time-94cd3/locations/us-central1/functions/sendEmailNotification","type":"CREATE_FUNCTION","request":{"@type":"type.googleapis.com/google.cloud.functions.v1.CloudFunction","name":"projects/end-of-time-94cd3/locations/us-central1/functions/sendEmailNotification","eventTrigger":{"eventType":"providers/cloud.firestore/eventTypes/document.create","resource":"projects/end-of-time-94cd3/databases/(default)/documents/emailQueue/{docId}","failurePolicy":{}},"entryPoint":"sendEmailNotification","updateTime":"1970-01-01T00:00:00Z","labels":{"deployment-tool":"cli-firebase","firebase-functions-hash":"abeb78fe080798b6edb30006e6a0e5ea74a57c45"},"sourceUploadUrl":"https://storage.googleapis.com/uploads-942337535895.us-central1.cloudfunctions.appspot.com/8344b6c7-d4fe-4114-9f2b-a8efe8f014e9.zip?GoogleAccessId=service-628602476853@gcf-admin-robot.iam.gserviceaccount.com&Expires=1759355312&Signature=x%2FA%2FVgPXfN7NUzJH6BrqGv3buCPx%2BzfFnKNXyw4of%2BLvBhCGUPKJP6nnd%2Bo2cLIPzAHpbtt9w5k2e%2Fe29itEBAbE4GFuz5rSIrQN8Vj7%2BfsuoWoNcMeML%2BKJKVlPMXHfPVnFaB8Z%2FYTsR9xgZfOuqaZra2W5NZ%2FXt1P9SKI%2B9Xfz3z6kH0O8zCxjtN6IwyqIEl2HTCyi6a%2F7VLcLCbQSvXoTQhAGdV7DAb%2BUfptV9J0gmWotGxPEXFZe%2BTSeMRnxzUfY1a6eeqNh0AvEu8qztEZQRJL6%2FBB24bMhW6lZtuMksTk82HNmBOA1NQmirkjO5vtB5h3myvmuYRQOWZINnA%3D%3D","environmentVariables":{"FIREBASE_CONFIG":"{\"projectId\":\"end-of-time-94cd3\",\"storageBucket\":\"end-of-time-94cd3.firebasestorage.app\"}","GCLOUD_PROJECT":"end-of-time-94cd3","EVENTARC_CLOUD_EVENT_SOURCE":"projects/end-of-time-94cd3/locations/us-central1/functions/sendEmailNotification"},"runtime":"nodejs18","buildEnvironmentVariables":{"GOOGLE_NODE_RUN_SCRIPTS":""},"dockerRegistry":"ARTIFACT_REGISTRY"},"versionId":"1","updateTime":"2025-10-01T21:18:37.180892697Z","buildId":"0dfde81f-3944-471f-9606-8a11b2240aec","buildName":"projects/628602476853/locations/us-central1/builds/0dfde81f-3944-471f-9606-8a11b2240aec"}}
[debug] [2025-10-01T21:19:43.648Z] [update-default-us-central1-onInteractionCreate] Retrying task index 0
[debug] [2025-10-01T21:19:43.648Z] Checked if tokens are valid: true, expires at: 1759356586532
[debug] [2025-10-01T21:19:43.649Z] Checked if tokens are valid: true, expires at: 1759356586532
[debug] [2025-10-01T21:19:43.649Z] >>> [apiv2][query] GET https://cloudfunctions.googleapis.com/v2/projects/end-of-time-94cd3/locations/us-central1/operations/operation-1759353516748-6401f69666dd4-d971faf7-965cb102 [none]
[debug] [2025-10-01T21:19:44.480Z] <<< [apiv2][status] GET https://cloudfunctions.googleapis.com/v2/projects/end-of-time-94cd3/locations/us-central1/operations/operation-1759353516748-6401f69666dd4-d971faf7-965cb102 200
[debug] [2025-10-01T21:19:44.480Z] <<< [apiv2][body] GET https://cloudfunctions.googleapis.com/v2/projects/end-of-time-94cd3/locations/us-central1/operations/operation-1759353516748-6401f69666dd4-d971faf7-965cb102 {"name":"projects/end-of-time-94cd3/locations/us-central1/operations/operation-1759353516748-6401f69666dd4-d971faf7-965cb102","metadata":{"@type":"type.googleapis.com/google.cloud.functions.v2.OperationMetadata","createTime":"2025-10-01T21:18:39.033084671Z","target":"projects/end-of-time-94cd3/locations/us-central1/functions/onInteractionCreate","verb":"update","cancelRequested":false,"apiVersion":"v2","requestResource":{"@type":"type.googleapis.com/google.cloud.functions.v2.Function","name":"projects/end-of-time-94cd3/locations/us-central1/functions/onInteractionCreate","buildConfig":{"runtime":"nodejs18","entryPoint":"onInteractionCreate","source":{"storageSource":{"bucket":"gcf-v2-sources-628602476853-us-central1","object":"onInteractionCreate/function-source.zip","generation":"1759353518940758"}},"environmentVariables":{"GOOGLE_NODE_RUN_SCRIPTS":""},"dockerRepository":"projects/end-of-time-94cd3/locations/us-central1/repositories/gcf-artifacts","sourceProvenance":{"resolvedStorageSource":{"bucket":"gcf-v2-sources-628602476853-us-central1","object":"onInteractionCreate/function-source.zip","generation":"1759323737984811"}},"dockerRegistry":"ARTIFACT_REGISTRY","serviceAccount":"projects/end-of-time-94cd3/serviceAccounts/628602476853-compute@developer.gserviceaccount.com","automaticUpdatePolicy":{}},"serviceConfig":{"service":"projects/end-of-time-94cd3/locations/us-central1/services/oninteractioncreate","timeoutSeconds":60,"environmentVariables":{"FIREBASE_CONFIG":"{\"projectId\":\"end-of-time-94cd3\",\"storageBucket\":\"end-of-time-94cd3.firebasestorage.app\"}","GCLOUD_PROJECT":"end-of-time-94cd3","EVENTARC_CLOUD_EVENT_SOURCE":"projects/end-of-time-94cd3/locations/us-central1/services/onInteractionCreate","FUNCTION_SIGNATURE_TYPE":"cloudevent","FUNCTION_TARGET":"onInteractionCreate","LOG_EXECUTION_ID":"true"},"ingressSettings":"ALLOW_ALL","uri":"https://oninteractioncreate-rvcuhoocya-uc.a.run.app","serviceAccountEmail":"628602476853-compute@developer.gserviceaccount.com","availableMemory":"256Mi","allTrafficOnLatestRevision":true,"revision":"oninteractioncreate-00002-gaz","maxInstanceRequestConcurrency":80,"availableCpu":"1"},"eventTrigger":{"trigger":"projects/end-of-time-94cd3/locations/africa-south1/triggers/oninteractioncreate-479781","triggerRegion":"africa-south1","eventType":"google.cloud.firestore.document.v1.created","eventFilters":[{"attribute":"database","value":"(default)"},{"attribute":"namespace","value":"(default)"},{"attribute":"document","value":"prayers/{prayerId}/interactions/{interactionId}","operator":"match-path-pattern"}],"pubsubTopic":"projects/end-of-time-94cd3/topics/eventarc-africa-south1-oninteractioncreate-479781-469","serviceAccountEmail":"628602476853-compute@developer.gserviceaccount.com","retryPolicy":"RETRY_POLICY_DO_NOT_RETRY"},"state":"ACTIVE","labels":{"deployment-tool":"cli-firebase","firebase-functions-hash":"76991da653c0df60e123106c1d99cae146712f90"},"environment":"GEN_2","url":"https://us-central1-end-of-time-94cd3.cloudfunctions.net/onInteractionCreate","satisfiesPzi":true},"stages":[{"name":"BUILD","message":"Build finished","state":"COMPLETE","resource":"projects/628602476853/locations/us-central1/builds/2b33f0dc-3fbb-46e3-baab-5d8bbfaf6fb8","resourceUri":"https://console.cloud.google.com/cloud-build/builds;region=us-central1/2b33f0dc-3fbb-46e3-baab-5d8bbfaf6fb8?project=628602476853"},{"name":"SERVICE","message":"Updating Cloud Run service","state":"IN_PROGRESS","resource":"projects/end-of-time-94cd3/locations/us-central1/services/oninteractioncreate","resourceUri":"https://console.cloud.google.com/run/detail/us-central1/oninteractioncreate?project=end-of-time-94cd3","stateMessages":[{"severity":"INFO","type":"CloudRunServiceNewRevisionTrafficInfo","message":"A new revision will be deployed serving with 100% traffic."}]},{"name":"TRIGGER","state":"NOT_STARTED"}],"sourceToken":"Cldwcm9qZWN0cy82Mjg2MDI0NzY4NTMvbG9jYXRpb25zL3VzLWNlbnRyYWwxL2J1aWxkcy8yYjMzZjBkYy0zZmJiLTQ2ZTMtYmFhYi01ZDhiYmZhZjZmYjgSfnVzLWNlbnRyYWwxLWRvY2tlci5wa2cuZGV2L2VuZC1vZi10aW1lLTk0Y2QzL2djZi1hcnRpZmFjdHMvZW5kLS1vZi0tdGltZS0tOTRjZDNfX3VzLS1jZW50cmFsMV9fb25faW50ZXJhY3Rpb25fY3JlYXRlOnZlcnNpb25fMRi1soLdpRIiTnByb2plY3RzL2VuZC1vZi10aW1lLTk0Y2QzL2xvY2F0aW9ucy91cy1jZW50cmFsMS9mdW5jdGlvbnMvb25JbnRlcmFjdGlvbkNyZWF0ZSoMCOu19sYGELjh5rECMghub2RlanMxODp2CiNnY3IuaW8vZ2FlLXJ1bnRpbWVzL25vZGVqczE4OnN0YWJsZRJPdXMtY2VudHJhbDEtZG9ja2VyLnBrZy5kZXYvc2VydmVybGVzcy1ydW50aW1lcy9nb29nbGUtMjItZnVsbC9ydW50aW1lcy9ub2RlanMxOEAB","operationType":"UPDATE_FUNCTION","buildName":"projects/628602476853/locations/us-central1/builds/2b33f0dc-3fbb-46e3-baab-5d8bbfaf6fb8"},"done":false}
[debug] [2025-10-01T21:19:44.480Z] Got source token Cldwcm9qZWN0cy82Mjg2MDI0NzY4NTMvbG9jYXRpb25zL3VzLWNlbnRyYWwxL2J1aWxkcy8yYjMzZjBkYy0zZmJiLTQ2ZTMtYmFhYi01ZDhiYmZhZjZmYjgSfnVzLWNlbnRyYWwxLWRvY2tlci5wa2cuZGV2L2VuZC1vZi10aW1lLTk0Y2QzL2djZi1hcnRpZmFjdHMvZW5kLS1vZi0tdGltZS0tOTRjZDNfX3VzLS1jZW50cmFsMV9fb25faW50ZXJhY3Rpb25fY3JlYXRlOnZlcnNpb25fMRi1soLdpRIiTnByb2plY3RzL2VuZC1vZi10aW1lLTk0Y2QzL2xvY2F0aW9ucy91cy1jZW50cmFsMS9mdW5jdGlvbnMvb25JbnRlcmFjdGlvbkNyZWF0ZSoMCOu19sYGELjh5rECMghub2RlanMxODp2CiNnY3IuaW8vZ2FlLXJ1bnRpbWVzL25vZGVqczE4OnN0YWJsZRJPdXMtY2VudHJhbDEtZG9ja2VyLnBrZy5kZXYvc2VydmVybGVzcy1ydW50aW1lcy9nb29nbGUtMjItZnVsbC9ydW50aW1lcy9ub2RlanMxOEAB for region us-central1
[debug] [2025-10-01T21:19:49.498Z] [create-default-us-central1-sendEmailNotification] Retrying task index 0
[debug] [2025-10-01T21:19:49.498Z] Checked if tokens are valid: true, expires at: 1759356586532
[debug] [2025-10-01T21:19:49.498Z] Checked if tokens are valid: true, expires at: 1759356586532
[debug] [2025-10-01T21:19:49.498Z] >>> [apiv2][query] GET https://cloudfunctions.googleapis.com/v1/operations/cHJvamVjdHMvZW5kLW9mLXRpbWUtOTRjZDMvbG9jYXRpb25zL3VzLWNlbnRyYWwxL29wZXJhdGlvbnMvb3BlcmF0aW9uLTE3NTkzNTM1MTY3NjktNjQwMWY2OTY2YzIxNi1kNmEyZDMwMC1iNmU5YzVhNw [none]
[debug] [2025-10-01T21:19:50.026Z] <<< [apiv2][status] GET https://cloudfunctions.googleapis.com/v1/operations/cHJvamVjdHMvZW5kLW9mLXRpbWUtOTRjZDMvbG9jYXRpb25zL3VzLWNlbnRyYWwxL29wZXJhdGlvbnMvb3BlcmF0aW9uLTE3NTkzNTM1MTY3NjktNjQwMWY2OTY2YzIxNi1kNmEyZDMwMC1iNmU5YzVhNw 200
[debug] [2025-10-01T21:19:50.026Z] <<< [apiv2][body] GET https://cloudfunctions.googleapis.com/v1/operations/cHJvamVjdHMvZW5kLW9mLXRpbWUtOTRjZDMvbG9jYXRpb25zL3VzLWNlbnRyYWwxL29wZXJhdGlvbnMvb3BlcmF0aW9uLTE3NTkzNTM1MTY3NjktNjQwMWY2OTY2YzIxNi1kNmEyZDMwMC1iNmU5YzVhNw {"name":"operations/cHJvamVjdHMvZW5kLW9mLXRpbWUtOTRjZDMvbG9jYXRpb25zL3VzLWNlbnRyYWwxL29wZXJhdGlvbnMvb3BlcmF0aW9uLTE3NTkzNTM1MTY3NjktNjQwMWY2OTY2YzIxNi1kNmEyZDMwMC1iNmU5YzVhNw","metadata":{"@type":"type.googleapis.com/google.cloud.functions.v1.OperationMetadataV1","target":"projects/end-of-time-94cd3/locations/us-central1/functions/sendEmailNotification","type":"CREATE_FUNCTION","request":{"@type":"type.googleapis.com/google.cloud.functions.v1.CloudFunction","name":"projects/end-of-time-94cd3/locations/us-central1/functions/sendEmailNotification","eventTrigger":{"eventType":"providers/cloud.firestore/eventTypes/document.create","resource":"projects/end-of-time-94cd3/databases/(default)/documents/emailQueue/{docId}","failurePolicy":{}},"entryPoint":"sendEmailNotification","updateTime":"1970-01-01T00:00:00Z","labels":{"deployment-tool":"cli-firebase","firebase-functions-hash":"abeb78fe080798b6edb30006e6a0e5ea74a57c45"},"sourceUploadUrl":"https://storage.googleapis.com/uploads-942337535895.us-central1.cloudfunctions.appspot.com/8344b6c7-d4fe-4114-9f2b-a8efe8f014e9.zip?GoogleAccessId=service-628602476853@gcf-admin-robot.iam.gserviceaccount.com&Expires=1759355312&Signature=x%2FA%2FVgPXfN7NUzJH6BrqGv3buCPx%2BzfFnKNXyw4of%2BLvBhCGUPKJP6nnd%2Bo2cLIPzAHpbtt9w5k2e%2Fe29itEBAbE4GFuz5rSIrQN8Vj7%2BfsuoWoNcMeML%2BKJKVlPMXHfPVnFaB8Z%2FYTsR9xgZfOuqaZra2W5NZ%2FXt1P9SKI%2B9Xfz3z6kH0O8zCxjtN6IwyqIEl2HTCyi6a%2F7VLcLCbQSvXoTQhAGdV7DAb%2BUfptV9J0gmWotGxPEXFZe%2BTSeMRnxzUfY1a6eeqNh0AvEu8qztEZQRJL6%2FBB24bMhW6lZtuMksTk82HNmBOA1NQmirkjO5vtB5h3myvmuYRQOWZINnA%3D%3D","environmentVariables":{"FIREBASE_CONFIG":"{\"projectId\":\"end-of-time-94cd3\",\"storageBucket\":\"end-of-time-94cd3.firebasestorage.app\"}","GCLOUD_PROJECT":"end-of-time-94cd3","EVENTARC_CLOUD_EVENT_SOURCE":"projects/end-of-time-94cd3/locations/us-central1/functions/sendEmailNotification"},"runtime":"nodejs18","buildEnvironmentVariables":{"GOOGLE_NODE_RUN_SCRIPTS":""},"dockerRegistry":"ARTIFACT_REGISTRY"},"versionId":"1","updateTime":"2025-10-01T21:18:37.180892697Z","buildId":"0dfde81f-3944-471f-9606-8a11b2240aec","sourceToken":"eb99d895-98a1-4828-9d59-febda437bf98","buildName":"projects/628602476853/locations/us-central1/builds/0dfde81f-3944-471f-9606-8a11b2240aec"}}
[debug] [2025-10-01T21:19:50.026Z] Got source token eb99d895-98a1-4828-9d59-febda437bf98 for region us-central1
[debug] [2025-10-01T21:19:54.481Z] [update-default-us-central1-onInteractionCreate] Retrying task index 0
[debug] [2025-10-01T21:19:54.481Z] Checked if tokens are valid: true, expires at: 1759356586532
[debug] [2025-10-01T21:19:54.481Z] Checked if tokens are valid: true, expires at: 1759356586532
[debug] [2025-10-01T21:19:54.481Z] >>> [apiv2][query] GET https://cloudfunctions.googleapis.com/v2/projects/end-of-time-94cd3/locations/us-central1/operations/operation-1759353516748-6401f69666dd4-d971faf7-965cb102 [none]
[debug] [2025-10-01T21:19:54.825Z] <<< [apiv2][status] GET https://cloudfunctions.googleapis.com/v2/projects/end-of-time-94cd3/locations/us-central1/operations/operation-1759353516748-6401f69666dd4-d971faf7-965cb102 200
[debug] [2025-10-01T21:19:54.825Z] <<< [apiv2][body] GET https://cloudfunctions.googleapis.com/v2/projects/end-of-time-94cd3/locations/us-central1/operations/operation-1759353516748-6401f69666dd4-d971faf7-965cb102 {"name":"projects/end-of-time-94cd3/locations/us-central1/operations/operation-1759353516748-6401f69666dd4-d971faf7-965cb102","metadata":{"@type":"type.googleapis.com/google.cloud.functions.v2.OperationMetadata","createTime":"2025-10-01T21:18:39.033084671Z","endTime":"2025-10-01T21:19:50.747360784Z","target":"projects/end-of-time-94cd3/locations/us-central1/functions/onInteractionCreate","verb":"update","cancelRequested":false,"apiVersion":"v2","requestResource":{"@type":"type.googleapis.com/google.cloud.functions.v2.Function","name":"projects/end-of-time-94cd3/locations/us-central1/functions/onInteractionCreate","buildConfig":{"runtime":"nodejs18","entryPoint":"onInteractionCreate","source":{"storageSource":{"bucket":"gcf-v2-sources-628602476853-us-central1","object":"onInteractionCreate/function-source.zip","generation":"1759353518940758"}},"environmentVariables":{"GOOGLE_NODE_RUN_SCRIPTS":""},"dockerRepository":"projects/end-of-time-94cd3/locations/us-central1/repositories/gcf-artifacts","sourceProvenance":{"resolvedStorageSource":{"bucket":"gcf-v2-sources-628602476853-us-central1","object":"onInteractionCreate/function-source.zip","generation":"1759323737984811"}},"dockerRegistry":"ARTIFACT_REGISTRY","serviceAccount":"projects/end-of-time-94cd3/serviceAccounts/628602476853-compute@developer.gserviceaccount.com","automaticUpdatePolicy":{}},"serviceConfig":{"service":"projects/end-of-time-94cd3/locations/us-central1/services/oninteractioncreate","timeoutSeconds":60,"environmentVariables":{"FIREBASE_CONFIG":"{\"projectId\":\"end-of-time-94cd3\",\"storageBucket\":\"end-of-time-94cd3.firebasestorage.app\"}","GCLOUD_PROJECT":"end-of-time-94cd3","EVENTARC_CLOUD_EVENT_SOURCE":"projects/end-of-time-94cd3/locations/us-central1/services/onInteractionCreate","FUNCTION_SIGNATURE_TYPE":"cloudevent","FUNCTION_TARGET":"onInteractionCreate","LOG_EXECUTION_ID":"true"},"ingressSettings":"ALLOW_ALL","uri":"https://oninteractioncreate-rvcuhoocya-uc.a.run.app","serviceAccountEmail":"628602476853-compute@developer.gserviceaccount.com","availableMemory":"256Mi","allTrafficOnLatestRevision":true,"revision":"oninteractioncreate-00002-gaz","maxInstanceRequestConcurrency":80,"availableCpu":"1"},"eventTrigger":{"trigger":"projects/end-of-time-94cd3/locations/africa-south1/triggers/oninteractioncreate-479781","triggerRegion":"africa-south1","eventType":"google.cloud.firestore.document.v1.created","eventFilters":[{"attribute":"database","value":"(default)"},{"attribute":"namespace","value":"(default)"},{"attribute":"document","value":"prayers/{prayerId}/interactions/{interactionId}","operator":"match-path-pattern"}],"pubsubTopic":"projects/end-of-time-94cd3/topics/eventarc-africa-south1-oninteractioncreate-479781-469","serviceAccountEmail":"628602476853-compute@developer.gserviceaccount.com","retryPolicy":"RETRY_POLICY_DO_NOT_RETRY"},"state":"ACTIVE","labels":{"deployment-tool":"cli-firebase","firebase-functions-hash":"76991da653c0df60e123106c1d99cae146712f90"},"environment":"GEN_2","url":"https://us-central1-end-of-time-94cd3.cloudfunctions.net/onInteractionCreate","satisfiesPzi":true},"stages":[{"name":"SERVICE","state":"NOT_STARTED"},{"name":"TRIGGER","state":"NOT_STARTED"}],"operationType":"UPDATE_FUNCTION"},"done":true,"error":{"code":3,"message":"Could not create or update Cloud Run service oninteractioncreate, Container Healthcheck failed. Revision 'oninteractioncreate-00003-kuf' is not ready and cannot serve traffic. The user-provided container failed to start and listen on the port defined provided by the PORT=8080 environment variable within the allocated timeout. This can happen when the container port is misconfigured or if the timeout is too short. The health check timeout can be extended. Logs for this revision might contain more information.\n\nLogs URL: https://console.cloud.google.com/logs/viewer?project=end-of-time-94cd3&resource=cloud_run_revision/service_name/oninteractioncreate/revision_name/oninteractioncreate-00003-kuf&advancedFilter=resource.type%3D%22cloud_run_revision%22%0Aresource.labels.service_name%3D%22oninteractioncreate%22%0Aresource.labels.revision_name%3D%22oninteractioncreate-00003-kuf%22 \nFor more troubleshooting guidance, see https://cloud.google.com/run/docs/troubleshooting#container-failed-to-start"}}
[debug] [2025-10-01T21:19:54.825Z] Got source token undefined for region us-central1
[error] Could not create or update Cloud Run service oninteractioncreate, Container Healthcheck failed. Revision 'oninteractioncreate-00003-kuf' is not ready and cannot serve traffic. The user-provided container failed to start and listen on the port defined provided by the PORT=8080 environment variable within the allocated timeout. This can happen when the container port is misconfigured or if the timeout is too short. The health check timeout can be extended. Logs for this revision might contain more information.

Logs URL: https://console.cloud.google.com/logs/viewer?project=end-of-time-94cd3&resource=cloud_run_revision/service_name/oninteractioncreate/revision_name/oninteractioncreate-00003-kuf&advancedFilter=resource.type%3D%22cloud_run_revision%22%0Aresource.labels.service_name%3D%22oninteractioncreate%22%0Aresource.labels.revision_name%3D%22oninteractioncreate-00003-kuf%22 
For more troubleshooting guidance, see https://cloud.google.com/run/docs/troubleshooting#container-failed-to-start
[debug] [2025-10-01T21:20:00.031Z] [create-default-us-central1-sendEmailNotification] Retrying task index 0
[debug] [2025-10-01T21:20:00.031Z] Checked if tokens are valid: true, expires at: 1759356586532
[debug] [2025-10-01T21:20:00.031Z] Checked if tokens are valid: true, expires at: 1759356586532
[debug] [2025-10-01T21:20:00.032Z] >>> [apiv2][query] GET https://cloudfunctions.googleapis.com/v1/operations/cHJvamVjdHMvZW5kLW9mLXRpbWUtOTRjZDMvbG9jYXRpb25zL3VzLWNlbnRyYWwxL29wZXJhdGlvbnMvb3BlcmF0aW9uLTE3NTkzNTM1MTY3NjktNjQwMWY2OTY2YzIxNi1kNmEyZDMwMC1iNmU5YzVhNw [none]
[debug] [2025-10-01T21:20:00.577Z] <<< [apiv2][status] GET https://cloudfunctions.googleapis.com/v1/operations/cHJvamVjdHMvZW5kLW9mLXRpbWUtOTRjZDMvbG9jYXRpb25zL3VzLWNlbnRyYWwxL29wZXJhdGlvbnMvb3BlcmF0aW9uLTE3NTkzNTM1MTY3NjktNjQwMWY2OTY2YzIxNi1kNmEyZDMwMC1iNmU5YzVhNw 200
[debug] [2025-10-01T21:20:00.578Z] <<< [apiv2][body] GET https://cloudfunctions.googleapis.com/v1/operations/cHJvamVjdHMvZW5kLW9mLXRpbWUtOTRjZDMvbG9jYXRpb25zL3VzLWNlbnRyYWwxL29wZXJhdGlvbnMvb3BlcmF0aW9uLTE3NTkzNTM1MTY3NjktNjQwMWY2OTY2YzIxNi1kNmEyZDMwMC1iNmU5YzVhNw {"name":"operations/cHJvamVjdHMvZW5kLW9mLXRpbWUtOTRjZDMvbG9jYXRpb25zL3VzLWNlbnRyYWwxL29wZXJhdGlvbnMvb3BlcmF0aW9uLTE3NTkzNTM1MTY3NjktNjQwMWY2OTY2YzIxNi1kNmEyZDMwMC1iNmU5YzVhNw","metadata":{"@type":"type.googleapis.com/google.cloud.functions.v1.OperationMetadataV1","target":"projects/end-of-time-94cd3/locations/us-central1/functions/sendEmailNotification","type":"CREATE_FUNCTION","request":{"@type":"type.googleapis.com/google.cloud.functions.v1.CloudFunction","name":"projects/end-of-time-94cd3/locations/us-central1/functions/sendEmailNotification","eventTrigger":{"eventType":"providers/cloud.firestore/eventTypes/document.create","resource":"projects/end-of-time-94cd3/databases/(default)/documents/emailQueue/{docId}","failurePolicy":{}},"entryPoint":"sendEmailNotification","updateTime":"1970-01-01T00:00:00Z","labels":{"deployment-tool":"cli-firebase","firebase-functions-hash":"abeb78fe080798b6edb30006e6a0e5ea74a57c45"},"sourceUploadUrl":"https://storage.googleapis.com/uploads-942337535895.us-central1.cloudfunctions.appspot.com/8344b6c7-d4fe-4114-9f2b-a8efe8f014e9.zip?GoogleAccessId=service-628602476853@gcf-admin-robot.iam.gserviceaccount.com&Expires=1759355312&Signature=x%2FA%2FVgPXfN7NUzJH6BrqGv3buCPx%2BzfFnKNXyw4of%2BLvBhCGUPKJP6nnd%2Bo2cLIPzAHpbtt9w5k2e%2Fe29itEBAbE4GFuz5rSIrQN8Vj7%2BfsuoWoNcMeML%2BKJKVlPMXHfPVnFaB8Z%2FYTsR9xgZfOuqaZra2W5NZ%2FXt1P9SKI%2B9Xfz3z6kH0O8zCxjtN6IwyqIEl2HTCyi6a%2F7VLcLCbQSvXoTQhAGdV7DAb%2BUfptV9J0gmWotGxPEXFZe%2BTSeMRnxzUfY1a6eeqNh0AvEu8qztEZQRJL6%2FBB24bMhW6lZtuMksTk82HNmBOA1NQmirkjO5vtB5h3myvmuYRQOWZINnA%3D%3D","environmentVariables":{"FIREBASE_CONFIG":"{\"projectId\":\"end-of-time-94cd3\",\"storageBucket\":\"end-of-time-94cd3.firebasestorage.app\"}","GCLOUD_PROJECT":"end-of-time-94cd3","EVENTARC_CLOUD_EVENT_SOURCE":"projects/end-of-time-94cd3/locations/us-central1/functions/sendEmailNotification"},"runtime":"nodejs18","buildEnvironmentVariables":{"GOOGLE_NODE_RUN_SCRIPTS":""},"dockerRegistry":"ARTIFACT_REGISTRY"},"versionId":"1","updateTime":"2025-10-01T21:18:37.180892697Z","buildId":"0dfde81f-3944-471f-9606-8a11b2240aec","sourceToken":"eb99d895-98a1-4828-9d59-febda437bf98","buildName":"projects/628602476853/locations/us-central1/builds/0dfde81f-3944-471f-9606-8a11b2240aec"}}
[debug] [2025-10-01T21:20:00.578Z] Got source token eb99d895-98a1-4828-9d59-febda437bf98 for region us-central1
[debug] [2025-10-01T21:20:10.584Z] [create-default-us-central1-sendEmailNotification] Retrying task index 0
[debug] [2025-10-01T21:20:10.585Z] Checked if tokens are valid: true, expires at: 1759356586532
[debug] [2025-10-01T21:20:10.585Z] Checked if tokens are valid: true, expires at: 1759356586532
[debug] [2025-10-01T21:20:10.585Z] >>> [apiv2][query] GET https://cloudfunctions.googleapis.com/v1/operations/cHJvamVjdHMvZW5kLW9mLXRpbWUtOTRjZDMvbG9jYXRpb25zL3VzLWNlbnRyYWwxL29wZXJhdGlvbnMvb3BlcmF0aW9uLTE3NTkzNTM1MTY3NjktNjQwMWY2OTY2YzIxNi1kNmEyZDMwMC1iNmU5YzVhNw [none]
[debug] [2025-10-01T21:20:11.116Z] <<< [apiv2][status] GET https://cloudfunctions.googleapis.com/v1/operations/cHJvamVjdHMvZW5kLW9mLXRpbWUtOTRjZDMvbG9jYXRpb25zL3VzLWNlbnRyYWwxL29wZXJhdGlvbnMvb3BlcmF0aW9uLTE3NTkzNTM1MTY3NjktNjQwMWY2OTY2YzIxNi1kNmEyZDMwMC1iNmU5YzVhNw 200
[debug] [2025-10-01T21:20:11.116Z] <<< [apiv2][body] GET https://cloudfunctions.googleapis.com/v1/operations/cHJvamVjdHMvZW5kLW9mLXRpbWUtOTRjZDMvbG9jYXRpb25zL3VzLWNlbnRyYWwxL29wZXJhdGlvbnMvb3BlcmF0aW9uLTE3NTkzNTM1MTY3NjktNjQwMWY2OTY2YzIxNi1kNmEyZDMwMC1iNmU5YzVhNw {"name":"operations/cHJvamVjdHMvZW5kLW9mLXRpbWUtOTRjZDMvbG9jYXRpb25zL3VzLWNlbnRyYWwxL29wZXJhdGlvbnMvb3BlcmF0aW9uLTE3NTkzNTM1MTY3NjktNjQwMWY2OTY2YzIxNi1kNmEyZDMwMC1iNmU5YzVhNw","metadata":{"@type":"type.googleapis.com/google.cloud.functions.v1.OperationMetadataV1","target":"projects/end-of-time-94cd3/locations/us-central1/functions/sendEmailNotification","type":"CREATE_FUNCTION","request":{"@type":"type.googleapis.com/google.cloud.functions.v1.CloudFunction","name":"projects/end-of-time-94cd3/locations/us-central1/functions/sendEmailNotification","eventTrigger":{"eventType":"providers/cloud.firestore/eventTypes/document.create","resource":"projects/end-of-time-94cd3/databases/(default)/documents/emailQueue/{docId}","failurePolicy":{}},"entryPoint":"sendEmailNotification","updateTime":"1970-01-01T00:00:00Z","labels":{"deployment-tool":"cli-firebase","firebase-functions-hash":"abeb78fe080798b6edb30006e6a0e5ea74a57c45"},"sourceUploadUrl":"https://storage.googleapis.com/uploads-942337535895.us-central1.cloudfunctions.appspot.com/8344b6c7-d4fe-4114-9f2b-a8efe8f014e9.zip?GoogleAccessId=service-628602476853@gcf-admin-robot.iam.gserviceaccount.com&Expires=1759355312&Signature=x%2FA%2FVgPXfN7NUzJH6BrqGv3buCPx%2BzfFnKNXyw4of%2BLvBhCGUPKJP6nnd%2Bo2cLIPzAHpbtt9w5k2e%2Fe29itEBAbE4GFuz5rSIrQN8Vj7%2BfsuoWoNcMeML%2BKJKVlPMXHfPVnFaB8Z%2FYTsR9xgZfOuqaZra2W5NZ%2FXt1P9SKI%2B9Xfz3z6kH0O8zCxjtN6IwyqIEl2HTCyi6a%2F7VLcLCbQSvXoTQhAGdV7DAb%2BUfptV9J0gmWotGxPEXFZe%2BTSeMRnxzUfY1a6eeqNh0AvEu8qztEZQRJL6%2FBB24bMhW6lZtuMksTk82HNmBOA1NQmirkjO5vtB5h3myvmuYRQOWZINnA%3D%3D","environmentVariables":{"FIREBASE_CONFIG":"{\"projectId\":\"end-of-time-94cd3\",\"storageBucket\":\"end-of-time-94cd3.firebasestorage.app\"}","GCLOUD_PROJECT":"end-of-time-94cd3","EVENTARC_CLOUD_EVENT_SOURCE":"projects/end-of-time-94cd3/locations/us-central1/functions/sendEmailNotification"},"runtime":"nodejs18","buildEnvironmentVariables":{"GOOGLE_NODE_RUN_SCRIPTS":""},"dockerRegistry":"ARTIFACT_REGISTRY"},"versionId":"1","updateTime":"2025-10-01T21:18:37.180892697Z","buildId":"0dfde81f-3944-471f-9606-8a11b2240aec","sourceToken":"eb99d895-98a1-4828-9d59-febda437bf98","buildName":"projects/628602476853/locations/us-central1/builds/0dfde81f-3944-471f-9606-8a11b2240aec"}}
[debug] [2025-10-01T21:20:11.116Z] Got source token eb99d895-98a1-4828-9d59-febda437bf98 for region us-central1
[debug] [2025-10-01T21:20:21.117Z] [create-default-us-central1-sendEmailNotification] Retrying task index 0
[debug] [2025-10-01T21:20:21.118Z] Checked if tokens are valid: true, expires at: 1759356586532
[debug] [2025-10-01T21:20:21.118Z] Checked if tokens are valid: true, expires at: 1759356586532
[debug] [2025-10-01T21:20:21.118Z] >>> [apiv2][query] GET https://cloudfunctions.googleapis.com/v1/operations/cHJvamVjdHMvZW5kLW9mLXRpbWUtOTRjZDMvbG9jYXRpb25zL3VzLWNlbnRyYWwxL29wZXJhdGlvbnMvb3BlcmF0aW9uLTE3NTkzNTM1MTY3NjktNjQwMWY2OTY2YzIxNi1kNmEyZDMwMC1iNmU5YzVhNw [none]
[debug] [2025-10-01T21:20:21.643Z] <<< [apiv2][status] GET https://cloudfunctions.googleapis.com/v1/operations/cHJvamVjdHMvZW5kLW9mLXRpbWUtOTRjZDMvbG9jYXRpb25zL3VzLWNlbnRyYWwxL29wZXJhdGlvbnMvb3BlcmF0aW9uLTE3NTkzNTM1MTY3NjktNjQwMWY2OTY2YzIxNi1kNmEyZDMwMC1iNmU5YzVhNw 200
[debug] [2025-10-01T21:20:21.643Z] <<< [apiv2][body] GET https://cloudfunctions.googleapis.com/v1/operations/cHJvamVjdHMvZW5kLW9mLXRpbWUtOTRjZDMvbG9jYXRpb25zL3VzLWNlbnRyYWwxL29wZXJhdGlvbnMvb3BlcmF0aW9uLTE3NTkzNTM1MTY3NjktNjQwMWY2OTY2YzIxNi1kNmEyZDMwMC1iNmU5YzVhNw {"name":"operations/cHJvamVjdHMvZW5kLW9mLXRpbWUtOTRjZDMvbG9jYXRpb25zL3VzLWNlbnRyYWwxL29wZXJhdGlvbnMvb3BlcmF0aW9uLTE3NTkzNTM1MTY3NjktNjQwMWY2OTY2YzIxNi1kNmEyZDMwMC1iNmU5YzVhNw","metadata":{"@type":"type.googleapis.com/google.cloud.functions.v1.OperationMetadataV1","target":"projects/end-of-time-94cd3/locations/us-central1/functions/sendEmailNotification","type":"CREATE_FUNCTION","request":{"@type":"type.googleapis.com/google.cloud.functions.v1.CloudFunction","name":"projects/end-of-time-94cd3/locations/us-central1/functions/sendEmailNotification","eventTrigger":{"eventType":"providers/cloud.firestore/eventTypes/document.create","resource":"projects/end-of-time-94cd3/databases/(default)/documents/emailQueue/{docId}","failurePolicy":{}},"entryPoint":"sendEmailNotification","updateTime":"1970-01-01T00:00:00Z","labels":{"deployment-tool":"cli-firebase","firebase-functions-hash":"abeb78fe080798b6edb30006e6a0e5ea74a57c45"},"sourceUploadUrl":"https://storage.googleapis.com/uploads-942337535895.us-central1.cloudfunctions.appspot.com/8344b6c7-d4fe-4114-9f2b-a8efe8f014e9.zip?GoogleAccessId=service-628602476853@gcf-admin-robot.iam.gserviceaccount.com&Expires=1759355312&Signature=x%2FA%2FVgPXfN7NUzJH6BrqGv3buCPx%2BzfFnKNXyw4of%2BLvBhCGUPKJP6nnd%2Bo2cLIPzAHpbtt9w5k2e%2Fe29itEBAbE4GFuz5rSIrQN8Vj7%2BfsuoWoNcMeML%2BKJKVlPMXHfPVnFaB8Z%2FYTsR9xgZfOuqaZra2W5NZ%2FXt1P9SKI%2B9Xfz3z6kH0O8zCxjtN6IwyqIEl2HTCyi6a%2F7VLcLCbQSvXoTQhAGdV7DAb%2BUfptV9J0gmWotGxPEXFZe%2BTSeMRnxzUfY1a6eeqNh0AvEu8qztEZQRJL6%2FBB24bMhW6lZtuMksTk82HNmBOA1NQmirkjO5vtB5h3myvmuYRQOWZINnA%3D%3D","environmentVariables":{"FIREBASE_CONFIG":"{\"projectId\":\"end-of-time-94cd3\",\"storageBucket\":\"end-of-time-94cd3.firebasestorage.app\"}","GCLOUD_PROJECT":"end-of-time-94cd3","EVENTARC_CLOUD_EVENT_SOURCE":"projects/end-of-time-94cd3/locations/us-central1/functions/sendEmailNotification"},"runtime":"nodejs18","buildEnvironmentVariables":{"GOOGLE_NODE_RUN_SCRIPTS":""},"dockerRegistry":"ARTIFACT_REGISTRY"},"versionId":"1","updateTime":"2025-10-01T21:18:37.180892697Z","buildId":"0dfde81f-3944-471f-9606-8a11b2240aec","sourceToken":"eb99d895-98a1-4828-9d59-febda437bf98","buildName":"projects/628602476853/locations/us-central1/builds/0dfde81f-3944-471f-9606-8a11b2240aec"}}
[debug] [2025-10-01T21:20:21.643Z] Got source token eb99d895-98a1-4828-9d59-febda437bf98 for region us-central1
[debug] [2025-10-01T21:20:31.649Z] [create-default-us-central1-sendEmailNotification] Retrying task index 0
[debug] [2025-10-01T21:20:31.649Z] Checked if tokens are valid: true, expires at: 1759356586532
[debug] [2025-10-01T21:20:31.649Z] Checked if tokens are valid: true, expires at: 1759356586532
[debug] [2025-10-01T21:20:31.649Z] >>> [apiv2][query] GET https://cloudfunctions.googleapis.com/v1/operations/cHJvamVjdHMvZW5kLW9mLXRpbWUtOTRjZDMvbG9jYXRpb25zL3VzLWNlbnRyYWwxL29wZXJhdGlvbnMvb3BlcmF0aW9uLTE3NTkzNTM1MTY3NjktNjQwMWY2OTY2YzIxNi1kNmEyZDMwMC1iNmU5YzVhNw [none]
[debug] [2025-10-01T21:20:32.188Z] <<< [apiv2][status] GET https://cloudfunctions.googleapis.com/v1/operations/cHJvamVjdHMvZW5kLW9mLXRpbWUtOTRjZDMvbG9jYXRpb25zL3VzLWNlbnRyYWwxL29wZXJhdGlvbnMvb3BlcmF0aW9uLTE3NTkzNTM1MTY3NjktNjQwMWY2OTY2YzIxNi1kNmEyZDMwMC1iNmU5YzVhNw 200
[debug] [2025-10-01T21:20:32.188Z] <<< [apiv2][body] GET https://cloudfunctions.googleapis.com/v1/operations/cHJvamVjdHMvZW5kLW9mLXRpbWUtOTRjZDMvbG9jYXRpb25zL3VzLWNlbnRyYWwxL29wZXJhdGlvbnMvb3BlcmF0aW9uLTE3NTkzNTM1MTY3NjktNjQwMWY2OTY2YzIxNi1kNmEyZDMwMC1iNmU5YzVhNw {"name":"operations/cHJvamVjdHMvZW5kLW9mLXRpbWUtOTRjZDMvbG9jYXRpb25zL3VzLWNlbnRyYWwxL29wZXJhdGlvbnMvb3BlcmF0aW9uLTE3NTkzNTM1MTY3NjktNjQwMWY2OTY2YzIxNi1kNmEyZDMwMC1iNmU5YzVhNw","metadata":{"@type":"type.googleapis.com/google.cloud.functions.v1.OperationMetadataV1","target":"projects/end-of-time-94cd3/locations/us-central1/functions/sendEmailNotification","type":"CREATE_FUNCTION","request":{"@type":"type.googleapis.com/google.cloud.functions.v1.CloudFunction","name":"projects/end-of-time-94cd3/locations/us-central1/functions/sendEmailNotification","eventTrigger":{"eventType":"providers/cloud.firestore/eventTypes/document.create","resource":"projects/end-of-time-94cd3/databases/(default)/documents/emailQueue/{docId}","failurePolicy":{}},"entryPoint":"sendEmailNotification","updateTime":"1970-01-01T00:00:00Z","labels":{"deployment-tool":"cli-firebase","firebase-functions-hash":"abeb78fe080798b6edb30006e6a0e5ea74a57c45"},"sourceUploadUrl":"https://storage.googleapis.com/uploads-942337535895.us-central1.cloudfunctions.appspot.com/8344b6c7-d4fe-4114-9f2b-a8efe8f014e9.zip?GoogleAccessId=service-628602476853@gcf-admin-robot.iam.gserviceaccount.com&Expires=1759355312&Signature=x%2FA%2FVgPXfN7NUzJH6BrqGv3buCPx%2BzfFnKNXyw4of%2BLvBhCGUPKJP6nnd%2Bo2cLIPzAHpbtt9w5k2e%2Fe29itEBAbE4GFuz5rSIrQN8Vj7%2BfsuoWoNcMeML%2BKJKVlPMXHfPVnFaB8Z%2FYTsR9xgZfOuqaZra2W5NZ%2FXt1P9SKI%2B9Xfz3z6kH0O8zCxjtN6IwyqIEl2HTCyi6a%2F7VLcLCbQSvXoTQhAGdV7DAb%2BUfptV9J0gmWotGxPEXFZe%2BTSeMRnxzUfY1a6eeqNh0AvEu8qztEZQRJL6%2FBB24bMhW6lZtuMksTk82HNmBOA1NQmirkjO5vtB5h3myvmuYRQOWZINnA%3D%3D","environmentVariables":{"FIREBASE_CONFIG":"{\"projectId\":\"end-of-time-94cd3\",\"storageBucket\":\"end-of-time-94cd3.firebasestorage.app\"}","GCLOUD_PROJECT":"end-of-time-94cd3","EVENTARC_CLOUD_EVENT_SOURCE":"projects/end-of-time-94cd3/locations/us-central1/functions/sendEmailNotification"},"runtime":"nodejs18","buildEnvironmentVariables":{"GOOGLE_NODE_RUN_SCRIPTS":""},"dockerRegistry":"ARTIFACT_REGISTRY"},"versionId":"1","updateTime":"2025-10-01T21:20:20.513339293Z","buildId":"0dfde81f-3944-471f-9606-8a11b2240aec","sourceToken":"eb99d895-98a1-4828-9d59-febda437bf98","buildName":"projects/628602476853/locations/us-central1/builds/0dfde81f-3944-471f-9606-8a11b2240aec"},"done":true,"response":{"@type":"type.googleapis.com/google.cloud.functions.v1.CloudFunction","name":"projects/end-of-time-94cd3/locations/us-central1/functions/sendEmailNotification","eventTrigger":{"eventType":"providers/cloud.firestore/eventTypes/document.create","resource":"projects/end-of-time-94cd3/databases/(default)/documents/emailQueue/{docId}","service":"firestore.googleapis.com","failurePolicy":{}},"status":"ACTIVE","entryPoint":"sendEmailNotification","timeout":"60s","availableMemoryMb":256,"serviceAccountEmail":"end-of-time-94cd3@appspot.gserviceaccount.com","updateTime":"2025-10-01T21:18:37.177580977Z","versionId":"1","labels":{"deployment-tool":"cli-firebase","firebase-functions-hash":"abeb78fe080798b6edb30006e6a0e5ea74a57c45"},"sourceUploadUrl":"https://storage.googleapis.com/uploads-942337535895.us-central1.cloudfunctions.appspot.com/8344b6c7-d4fe-4114-9f2b-a8efe8f014e9.zip","environmentVariables":{"FIREBASE_CONFIG":"{\"projectId\":\"end-of-time-94cd3\",\"storageBucket\":\"end-of-time-94cd3.firebasestorage.app\"}","GCLOUD_PROJECT":"end-of-time-94cd3","EVENTARC_CLOUD_EVENT_SOURCE":"projects/end-of-time-94cd3/locations/us-central1/functions/sendEmailNotification"},"runtime":"nodejs18","maxInstances":3000,"ingressSettings":"ALLOW_ALL","buildId":"0dfde81f-3944-471f-9606-8a11b2240aec","buildEnvironmentVariables":{"GOOGLE_NODE_RUN_SCRIPTS":""},"buildName":"projects/628602476853/locations/us-central1/builds/0dfde81f-3944-471f-9606-8a11b2240aec","dockerRegistry":"ARTIFACT_REGISTRY","automaticUpdatePolicy":{},"buildServiceAccount":"projects/end-of-time-94cd3/serviceAccounts/628602476853-compute@developer.gserviceaccount.com","satisfiesPzi":true}}
[debug] [2025-10-01T21:20:32.189Z] Got source token eb99d895-98a1-4828-9d59-febda437bf98 for region us-central1
[info] +  functions[sendEmailNotification(us-central1)] Successful create operation. 
[debug] [2025-10-01T21:20:32.193Z] Total Function Deployment time: 113287
[debug] [2025-10-01T21:20:32.193Z] 2 Functions Deployed
[debug] [2025-10-01T21:20:32.193Z] 1 Functions Errored
[debug] [2025-10-01T21:20:32.193Z] 0 Function Deployments Aborted
[debug] [2025-10-01T21:20:32.193Z] Average Function Deployment time: 94605
[info] 
[info] Functions deploy had errors with the following functions:
	onInteractionCreate(us-central1)
[debug] [2025-10-01T21:20:32.586Z] Checked if tokens are valid: true, expires at: 1759356586532
[debug] [2025-10-01T21:20:32.586Z] Checked if tokens are valid: true, expires at: 1759356586532
[debug] [2025-10-01T21:20:32.586Z] >>> [apiv2][query] GET https://artifactregistry.googleapis.com/v1/projects/end-of-time-94cd3/locations/us-central1/repositories/gcf-artifacts [none]
[debug] [2025-10-01T21:20:33.810Z] <<< [apiv2][status] GET https://artifactregistry.googleapis.com/v1/projects/end-of-time-94cd3/locations/us-central1/repositories/gcf-artifacts 200
[debug] [2025-10-01T21:20:33.810Z] <<< [apiv2][body] GET https://artifactregistry.googleapis.com/v1/projects/end-of-time-94cd3/locations/us-central1/repositories/gcf-artifacts {"name":"projects/end-of-time-94cd3/locations/us-central1/repositories/gcf-artifacts","format":"DOCKER","description":"This repository is created and used by Cloud Functions for storing function docker images.","labels":{"goog-managed-by":"cloudfunctions"},"createTime":"2025-08-12T15:11:38.287758Z","updateTime":"2025-10-01T21:19:37.041525Z","mode":"STANDARD_REPOSITORY","cleanupPolicies":{"firebase-functions-cleanup":{"id":"firebase-functions-cleanup","action":"DELETE","condition":{"tagState":"ANY","olderThan":"86400s"}}},"sizeBytes":"728549180","vulnerabilityScanningConfig":{"lastEnableTime":"2025-08-12T15:11:22.961152282Z","enablementState":"SCANNING_DISABLED","enablementStateReason":"API containerscanning.googleapis.com is not enabled."},"satisfiesPzi":true,"registryUri":"us-central1-docker.pkg.dev/end-of-time-94cd3/gcf-artifacts"}
[debug] [2025-10-01T21:20:33.811Z] Functions deploy failed.
[debug] [2025-10-01T21:20:33.811Z] {
  "endpoint": {
    "id": "onInteractionCreate",
    "project": "end-of-time-94cd3",
    "region": "us-central1",
    "entryPoint": "onInteractionCreate",
    "platform": "gcfv2",
    "runtime": "nodejs18",
    "eventTrigger": {
      "eventType": "google.cloud.firestore.document.v1.created",
      "retry": false,
      "eventFilters": {
        "database": "(default)",
        "namespace": "(default)"
      },
      "eventFilterPathPatterns": {
        "document": "prayers/{prayerId}/interactions/{interactionId}"
      },
      "region": "africa-south1"
    },
    "labels": {
      "deployment-tool": "cli-firebase"
    },
    "serviceAccount": null,
    "ingressSettings": null,
    "availableMemoryMb": null,
    "timeoutSeconds": null,
    "maxInstances": null,
    "minInstances": null,
    "concurrency": 80,
    "vpc": null,
    "environmentVariables": {
      "FIREBASE_CONFIG": "{\"projectId\":\"end-of-time-94cd3\",\"storageBucket\":\"end-of-time-94cd3.firebasestorage.app\"}",
      "GCLOUD_PROJECT": "end-of-time-94cd3",
      "EVENTARC_CLOUD_EVENT_SOURCE": "projects/end-of-time-94cd3/locations/us-central1/services/onInteractionCreate",
      "FUNCTION_SIGNATURE_TYPE": "cloudevent",
      "FUNCTION_TARGET": "onInteractionCreate",
      "LOG_EXECUTION_ID": "true"
    },
    "codebase": "default",
    "runServiceId": "oninteractioncreate",
    "cpu": 1,
    "securityLevel": "SECURE_ALWAYS",
    "targetedByOnly": false,
    "hash": "76991da653c0df60e123106c1d99cae146712f90"
  },
  "op": "update",
  "original": {
    "name": "FirebaseError",
    "children": [],
    "exit": 1,
    "message": "Could not create or update Cloud Run service oninteractioncreate, Container Healthcheck failed. Revision 'oninteractioncreate-00003-kuf' is not ready and cannot serve traffic. The user-provided container failed to start and listen on the port defined provided by the PORT=8080 environment variable within the allocated timeout. This can happen when the container port is misconfigured or if the timeout is too short. The health check timeout can be extended. Logs for this revision might contain more information.\n\nLogs URL: https://console.cloud.google.com/logs/viewer?project=end-of-time-94cd3&resource=cloud_run_revision/service_name/oninteractioncreate/revision_name/oninteractioncreate-00003-kuf&advancedFilter=resource.type%3D%22cloud_run_revision%22%0Aresource.labels.service_name%3D%22oninteractioncreate%22%0Aresource.labels.revision_name%3D%22oninteractioncreate-00003-kuf%22 \nFor more troubleshooting guidance, see https://cloud.google.com/run/docs/troubleshooting#container-failed-to-start",
    "original": {
      "code": 3,
      "message": "Could not create or update Cloud Run service oninteractioncreate, Container Healthcheck failed. Revision 'oninteractioncreate-00003-kuf' is not ready and cannot serve traffic. The user-provided container failed to start and listen on the port defined provided by the PORT=8080 environment variable within the allocated timeout. This can happen when the container port is misconfigured or if the timeout is too short. The health check timeout can be extended. Logs for this revision might contain more information.\n\nLogs URL: https://console.cloud.google.com/logs/viewer?project=end-of-time-94cd3&resource=cloud_run_revision/service_name/oninteractioncreate/revision_name/oninteractioncreate-00003-kuf&advancedFilter=resource.type%3D%22cloud_run_revision%22%0Aresource.labels.service_name%3D%22oninteractioncreate%22%0Aresource.labels.revision_name%3D%22oninteractioncreate-00003-kuf%22 \nFor more troubleshooting guidance, see https://cloud.google.com/run/docs/troubleshooting#container-failed-to-start"
    },
    "status": 3,
    "code": 3
  }
}
[debug] [2025-10-01T21:20:33.992Z] Error: Failed to update function onInteractionCreate in region us-central1
    at C:\Users\fanel\AppData\Roaming\npm\node_modules\firebase-tools\lib\deploy\functions\release\fabricator.js:399:19
    at process.processTicksAndRejections (node:internal/process/task_queues:105:5)
    at async Fabricator.updateV2Function (C:\Users\fanel\AppData\Roaming\npm\node_modules\firebase-tools\lib\deploy\functions\release\fabricator.js:388:32)
    at async Fabricator.updateEndpoint (C:\Users\fanel\AppData\Roaming\npm\node_modules\firebase-tools\lib\deploy\functions\release\fabricator.js:155:13)
    at async handle (C:\Users\fanel\AppData\Roaming\npm\node_modules\firebase-tools\lib\deploy\functions\release\fabricator.js:89:17)
[error] 
[error] Error: There was an error deploying functions
[debug] [2025-10-01T21:20:59.705Z] ----------------------------------------------------------------------
[debug] [2025-10-01T21:20:59.708Z] Command:       C:\Program Files\nodejs\node.exe C:\Users\fanel\AppData\Roaming\npm\node_modules\firebase-tools\lib\bin\firebase.js functions:delete onInteractionCreate --region us-central1 --force
[debug] [2025-10-01T21:20:59.708Z] CLI Version:   14.12.0
[debug] [2025-10-01T21:20:59.708Z] Platform:      win32
[debug] [2025-10-01T21:20:59.708Z] Node Version:  v24.5.0
[debug] [2025-10-01T21:20:59.708Z] Time:          Wed Oct 01 2025 23:20:59 GMT+0200 (South Africa Standard Time)
[debug] [2025-10-01T21:20:59.708Z] ----------------------------------------------------------------------
[debug] 
[debug] [2025-10-01T21:20:59.878Z] > command requires scopes: ["email","openid","https://www.googleapis.com/auth/cloudplatformprojects.readonly","https://www.googleapis.com/auth/firebase","https://www.googleapis.com/auth/cloud-platform"]
[debug] [2025-10-01T21:20:59.879Z] > authorizing via signed-in user (fanelesibonge50@gmail.com)
[debug] [2025-10-01T21:20:59.879Z] [iam] checking project end-of-time-94cd3 for permissions ["cloudfunctions.functions.delete","cloudfunctions.functions.list","firebase.projects.get"]
[debug] [2025-10-01T21:20:59.880Z] Checked if tokens are valid: true, expires at: 1759356586532
[debug] [2025-10-01T21:20:59.880Z] Checked if tokens are valid: true, expires at: 1759356586532
[debug] [2025-10-01T21:20:59.881Z] >>> [apiv2][query] POST https://cloudresourcemanager.googleapis.com/v1/projects/end-of-time-94cd3:testIamPermissions [none]
[debug] [2025-10-01T21:20:59.881Z] >>> [apiv2][(partial)header] POST https://cloudresourcemanager.googleapis.com/v1/projects/end-of-time-94cd3:testIamPermissions x-goog-quota-user=projects/end-of-time-94cd3
[debug] [2025-10-01T21:20:59.881Z] >>> [apiv2][body] POST https://cloudresourcemanager.googleapis.com/v1/projects/end-of-time-94cd3:testIamPermissions {"permissions":["cloudfunctions.functions.delete","cloudfunctions.functions.list","firebase.projects.get"]}
[debug] [2025-10-01T21:21:01.529Z] <<< [apiv2][status] POST https://cloudresourcemanager.googleapis.com/v1/projects/end-of-time-94cd3:testIamPermissions 200
[debug] [2025-10-01T21:21:01.530Z] <<< [apiv2][body] POST https://cloudresourcemanager.googleapis.com/v1/projects/end-of-time-94cd3:testIamPermissions {"permissions":["cloudfunctions.functions.delete","cloudfunctions.functions.list","firebase.projects.get"]}
[debug] [2025-10-01T21:21:01.530Z] Checked if tokens are valid: true, expires at: 1759356586532
[debug] [2025-10-01T21:21:01.530Z] Checked if tokens are valid: true, expires at: 1759356586532
[debug] [2025-10-01T21:21:01.531Z] Checked if tokens are valid: true, expires at: 1759356586532
[debug] [2025-10-01T21:21:01.531Z] Checked if tokens are valid: true, expires at: 1759356586532
[debug] [2025-10-01T21:21:01.531Z] >>> [apiv2][query] GET https://firebase.googleapis.com/v1beta1/projects/end-of-time-94cd3/adminSdkConfig [none]
[debug] [2025-10-01T21:21:01.532Z] >>> [apiv2][query] GET https://cloudfunctions.googleapis.com/v1/projects/end-of-time-94cd3/locations/-/functions [none]
[debug] [2025-10-01T21:21:02.069Z] <<< [apiv2][status] GET https://firebase.googleapis.com/v1beta1/projects/end-of-time-94cd3/adminSdkConfig 200
[debug] [2025-10-01T21:21:02.069Z] <<< [apiv2][body] GET https://firebase.googleapis.com/v1beta1/projects/end-of-time-94cd3/adminSdkConfig {"projectId":"end-of-time-94cd3","storageBucket":"end-of-time-94cd3.firebasestorage.app"}
[debug] [2025-10-01T21:21:03.702Z] <<< [apiv2][status] GET https://cloudfunctions.googleapis.com/v1/projects/end-of-time-94cd3/locations/-/functions 200
[debug] [2025-10-01T21:21:03.702Z] <<< [apiv2][body] GET https://cloudfunctions.googleapis.com/v1/projects/end-of-time-94cd3/locations/-/functions {"functions":[{"name":"projects/end-of-time-94cd3/locations/us-central1/functions/sendEmailNotification","eventTrigger":{"eventType":"providers/cloud.firestore/eventTypes/document.create","resource":"projects/end-of-time-94cd3/databases/(default)/documents/emailQueue/{docId}","service":"firestore.googleapis.com","failurePolicy":{}},"status":"ACTIVE","entryPoint":"sendEmailNotification","timeout":"60s","availableMemoryMb":256,"serviceAccountEmail":"end-of-time-94cd3@appspot.gserviceaccount.com","updateTime":"2025-10-01T21:20:20.620964902Z","versionId":"1","labels":{"deployment-tool":"cli-firebase","firebase-functions-hash":"abeb78fe080798b6edb30006e6a0e5ea74a57c45"},"sourceUploadUrl":"https://storage.googleapis.com/uploads-942337535895.us-central1.cloudfunctions.appspot.com/8344b6c7-d4fe-4114-9f2b-a8efe8f014e9.zip","environmentVariables":{"FIREBASE_CONFIG":"{\"projectId\":\"end-of-time-94cd3\",\"storageBucket\":\"end-of-time-94cd3.firebasestorage.app\"}","GCLOUD_PROJECT":"end-of-time-94cd3","EVENTARC_CLOUD_EVENT_SOURCE":"projects/end-of-time-94cd3/locations/us-central1/functions/sendEmailNotification"},"runtime":"nodejs18","maxInstances":3000,"ingressSettings":"ALLOW_ALL","buildId":"0dfde81f-3944-471f-9606-8a11b2240aec","buildEnvironmentVariables":{"GOOGLE_NODE_RUN_SCRIPTS":""},"buildName":"projects/628602476853/locations/us-central1/builds/0dfde81f-3944-471f-9606-8a11b2240aec","dockerRegistry":"ARTIFACT_REGISTRY","automaticUpdatePolicy":{},"buildServiceAccount":"projects/end-of-time-94cd3/serviceAccounts/628602476853-compute@developer.gserviceaccount.com","satisfiesPzi":true}]}
[debug] [2025-10-01T21:21:03.703Z] Checked if tokens are valid: true, expires at: 1759356586532
[debug] [2025-10-01T21:21:03.703Z] Checked if tokens are valid: true, expires at: 1759356586532
[debug] [2025-10-01T21:21:03.703Z] >>> [apiv2][query] GET https://cloudfunctions.googleapis.com/v2/projects/end-of-time-94cd3/locations/-/functions filter=environment%3D%22GEN_2%22
[debug] [2025-10-01T21:21:05.992Z] <<< [apiv2][status] GET https://cloudfunctions.googleapis.com/v2/projects/end-of-time-94cd3/locations/-/functions 200
[debug] [2025-10-01T21:21:05.992Z] <<< [apiv2][body] GET https://cloudfunctions.googleapis.com/v2/projects/end-of-time-94cd3/locations/-/functions {"functions":[{"name":"projects/end-of-time-94cd3/locations/us-central1/functions/onInteractionCreate","buildConfig":{"build":"projects/628602476853/locations/us-central1/builds/2b33f0dc-3fbb-46e3-baab-5d8bbfaf6fb8","runtime":"nodejs18","entryPoint":"onInteractionCreate","source":{"storageSource":{"bucket":"gcf-v2-sources-628602476853-us-central1","object":"onInteractionCreate/function-source.zip","generation":"1759353518940758"}},"environmentVariables":{"GOOGLE_NODE_RUN_SCRIPTS":""},"dockerRepository":"projects/end-of-time-94cd3/locations/us-central1/repositories/gcf-artifacts","serviceAccount":"projects/end-of-time-94cd3/serviceAccounts/628602476853-compute@developer.gserviceaccount.com","automaticUpdatePolicy":{}},"serviceConfig":{"service":"projects/end-of-time-94cd3/locations/us-central1/services/oninteractioncreate","timeoutSeconds":60,"environmentVariables":{"FIREBASE_CONFIG":"{\"projectId\":\"end-of-time-94cd3\",\"storageBucket\":\"end-of-time-94cd3.firebasestorage.app\"}","GCLOUD_PROJECT":"end-of-time-94cd3","EVENTARC_CLOUD_EVENT_SOURCE":"projects/end-of-time-94cd3/locations/us-central1/services/onInteractionCreate","FUNCTION_SIGNATURE_TYPE":"cloudevent","FUNCTION_TARGET":"onInteractionCreate","LOG_EXECUTION_ID":"true"},"maxInstanceCount":20,"ingressSettings":"ALLOW_ALL","uri":"https://oninteractioncreate-rvcuhoocya-uc.a.run.app","serviceAccountEmail":"628602476853-compute@developer.gserviceaccount.com","availableMemory":"256Mi","allTrafficOnLatestRevision":true,"revision":"oninteractioncreate-00003-kuf","maxInstanceRequestConcurrency":80,"availableCpu":"1"},"eventTrigger":{"trigger":"projects/end-of-time-94cd3/locations/africa-south1/triggers/oninteractioncreate-479781","triggerRegion":"africa-south1","eventType":"google.cloud.firestore.document.v1.created","eventFilters":[{"attribute":"database","value":"(default)"},{"attribute":"namespace","value":"(default)"},{"attribute":"document","value":"prayers/{prayerId}/interactions/{interactionId}","operator":"match-path-pattern"}],"pubsubTopic":"projects/end-of-time-94cd3/topics/eventarc-africa-south1-oninteractioncreate-479781-469","serviceAccountEmail":"628602476853-compute@developer.gserviceaccount.com","retryPolicy":"RETRY_POLICY_DO_NOT_RETRY"},"state":"ACTIVE","updateTime":"2025-10-01T21:19:50.755055134Z","labels":{"deployment-tool":"cli-firebase","firebase-functions-hash":"76991da653c0df60e123106c1d99cae146712f90"},"environment":"GEN_2","url":"https://us-central1-end-of-time-94cd3.cloudfunctions.net/onInteractionCreate","createTime":"2025-10-01T09:13:44.568352042Z","satisfiesPzi":true}]}
[debug] [2025-10-01T21:21:05.994Z] Checked if tokens are valid: true, expires at: 1759356586532
[debug] [2025-10-01T21:21:05.994Z] Checked if tokens are valid: true, expires at: 1759356586532
[debug] [2025-10-01T21:21:05.994Z] >>> [apiv2][query] GET https://cloudresourcemanager.googleapis.com/v1/projects/end-of-time-94cd3 [none]
[debug] [2025-10-01T21:21:06.320Z] <<< [apiv2][status] GET https://cloudresourcemanager.googleapis.com/v1/projects/end-of-time-94cd3 200
[debug] [2025-10-01T21:21:06.320Z] <<< [apiv2][body] GET https://cloudresourcemanager.googleapis.com/v1/projects/end-of-time-94cd3 {"projectNumber":"628602476853","projectId":"end-of-time-94cd3","lifecycleState":"ACTIVE","name":"End of Time","labels":{"firebase":"enabled","firebase-core":"disabled"},"createTime":"2025-08-07T11:37:20.813282Z"}
[info] i  functions: deleting Node.js 18 (2nd Gen) function onInteractionCreate(us-central1)... 
[debug] [2025-10-01T21:21:06.322Z] Checked if tokens are valid: true, expires at: 1759356586532
[debug] [2025-10-01T21:21:06.322Z] Checked if tokens are valid: true, expires at: 1759356586532
[debug] [2025-10-01T21:21:06.323Z] >>> [apiv2][query] DELETE https://cloudfunctions.googleapis.com/v2/projects/end-of-time-94cd3/locations/us-central1/functions/onInteractionCreate [none]
[debug] [2025-10-01T21:21:07.198Z] <<< [apiv2][status] DELETE https://cloudfunctions.googleapis.com/v2/projects/end-of-time-94cd3/locations/us-central1/functions/onInteractionCreate 200
[debug] [2025-10-01T21:21:07.199Z] <<< [apiv2][body] DELETE https://cloudfunctions.googleapis.com/v2/projects/end-of-time-94cd3/locations/us-central1/functions/onInteractionCreate {"name":"projects/end-of-time-94cd3/locations/us-central1/operations/operation-1759353664653-6401f723749c5-22182e41-cf75121d","metadata":{"@type":"type.googleapis.com/google.cloud.functions.v2.OperationMetadata","createTime":"2025-10-01T21:21:04.679631178Z","target":"projects/end-of-time-94cd3/locations/us-central1/functions/onInteractionCreate","verb":"delete","cancelRequested":false,"apiVersion":"v2"},"done":false}
[debug] [2025-10-01T21:21:07.199Z] Checked if tokens are valid: true, expires at: 1759356586532
[debug] [2025-10-01T21:21:07.199Z] Checked if tokens are valid: true, expires at: 1759356586532
[debug] [2025-10-01T21:21:07.199Z] >>> [apiv2][query] GET https://cloudfunctions.googleapis.com/v2/projects/end-of-time-94cd3/locations/us-central1/operations/operation-1759353664653-6401f723749c5-22182e41-cf75121d [none]
[debug] [2025-10-01T21:21:08.041Z] <<< [apiv2][status] GET https://cloudfunctions.googleapis.com/v2/projects/end-of-time-94cd3/locations/us-central1/operations/operation-1759353664653-6401f723749c5-22182e41-cf75121d 200
[debug] [2025-10-01T21:21:08.041Z] <<< [apiv2][body] GET https://cloudfunctions.googleapis.com/v2/projects/end-of-time-94cd3/locations/us-central1/operations/operation-1759353664653-6401f723749c5-22182e41-cf75121d {"name":"projects/end-of-time-94cd3/locations/us-central1/operations/operation-1759353664653-6401f723749c5-22182e41-cf75121d","metadata":{"@type":"type.googleapis.com/google.cloud.functions.v2.OperationMetadata","createTime":"2025-10-01T21:21:04.679631178Z","target":"projects/end-of-time-94cd3/locations/us-central1/functions/onInteractionCreate","verb":"delete","cancelRequested":false,"apiVersion":"v2"},"done":false}
[debug] [2025-10-01T21:21:08.547Z] [delete-default-us-central1-onInteractionCreate] Retrying task index 0
[debug] [2025-10-01T21:21:08.548Z] Checked if tokens are valid: true, expires at: 1759356586532
[debug] [2025-10-01T21:21:08.548Z] Checked if tokens are valid: true, expires at: 1759356586532
[debug] [2025-10-01T21:21:08.548Z] >>> [apiv2][query] GET https://cloudfunctions.googleapis.com/v2/projects/end-of-time-94cd3/locations/us-central1/operations/operation-1759353664653-6401f723749c5-22182e41-cf75121d [none]
[debug] [2025-10-01T21:21:09.386Z] <<< [apiv2][status] GET https://cloudfunctions.googleapis.com/v2/projects/end-of-time-94cd3/locations/us-central1/operations/operation-1759353664653-6401f723749c5-22182e41-cf75121d 200
[debug] [2025-10-01T21:21:09.386Z] <<< [apiv2][body] GET https://cloudfunctions.googleapis.com/v2/projects/end-of-time-94cd3/locations/us-central1/operations/operation-1759353664653-6401f723749c5-22182e41-cf75121d {"name":"projects/end-of-time-94cd3/locations/us-central1/operations/operation-1759353664653-6401f723749c5-22182e41-cf75121d","metadata":{"@type":"type.googleapis.com/google.cloud.functions.v2.OperationMetadata","createTime":"2025-10-01T21:21:04.679631178Z","target":"projects/end-of-time-94cd3/locations/us-central1/functions/onInteractionCreate","verb":"delete","cancelRequested":false,"apiVersion":"v2","requestResource":{"@type":"type.googleapis.com/google.cloud.functions.v2.Function","name":"projects/end-of-time-94cd3/locations/us-central1/functions/onInteractionCreate","environment":"GEN_2"},"stages":[{"name":"ARTIFACT_REGISTRY","state":"NOT_STARTED"},{"name":"SERVICE","state":"NOT_STARTED"},{"name":"TRIGGER","message":"Deleting Eventarc trigger","state":"IN_PROGRESS","resource":"projects/end-of-time-94cd3/locations/africa-south1/triggers/oninteractioncreate-479781"}],"operationType":"DELETE_FUNCTION"},"done":false}
[debug] [2025-10-01T21:21:10.394Z] [delete-default-us-central1-onInteractionCreate] Retrying task index 0
[debug] [2025-10-01T21:21:10.395Z] Checked if tokens are valid: true, expires at: 1759356586532
[debug] [2025-10-01T21:21:10.395Z] Checked if tokens are valid: true, expires at: 1759356586532
[debug] [2025-10-01T21:21:10.395Z] >>> [apiv2][query] GET https://cloudfunctions.googleapis.com/v2/projects/end-of-time-94cd3/locations/us-central1/operations/operation-1759353664653-6401f723749c5-22182e41-cf75121d [none]
[debug] [2025-10-01T21:21:11.241Z] <<< [apiv2][status] GET https://cloudfunctions.googleapis.com/v2/projects/end-of-time-94cd3/locations/us-central1/operations/operation-1759353664653-6401f723749c5-22182e41-cf75121d 200
[debug] [2025-10-01T21:21:11.241Z] <<< [apiv2][body] GET https://cloudfunctions.googleapis.com/v2/projects/end-of-time-94cd3/locations/us-central1/operations/operation-1759353664653-6401f723749c5-22182e41-cf75121d {"name":"projects/end-of-time-94cd3/locations/us-central1/operations/operation-1759353664653-6401f723749c5-22182e41-cf75121d","metadata":{"@type":"type.googleapis.com/google.cloud.functions.v2.OperationMetadata","createTime":"2025-10-01T21:21:04.679631178Z","target":"projects/end-of-time-94cd3/locations/us-central1/functions/onInteractionCreate","verb":"delete","cancelRequested":false,"apiVersion":"v2","requestResource":{"@type":"type.googleapis.com/google.cloud.functions.v2.Function","name":"projects/end-of-time-94cd3/locations/us-central1/functions/onInteractionCreate","environment":"GEN_2"},"stages":[{"name":"ARTIFACT_REGISTRY","state":"NOT_STARTED"},{"name":"SERVICE","state":"NOT_STARTED"},{"name":"TRIGGER","message":"Deleting Eventarc trigger","state":"IN_PROGRESS","resource":"projects/end-of-time-94cd3/locations/africa-south1/triggers/oninteractioncreate-479781"}],"operationType":"DELETE_FUNCTION"},"done":false}
[debug] [2025-10-01T21:21:13.247Z] [delete-default-us-central1-onInteractionCreate] Retrying task index 0
[debug] [2025-10-01T21:21:13.247Z] Checked if tokens are valid: true, expires at: 1759356586532
[debug] [2025-10-01T21:21:13.247Z] Checked if tokens are valid: true, expires at: 1759356586532
[debug] [2025-10-01T21:21:13.247Z] >>> [apiv2][query] GET https://cloudfunctions.googleapis.com/v2/projects/end-of-time-94cd3/locations/us-central1/operations/operation-1759353664653-6401f723749c5-22182e41-cf75121d [none]
[debug] [2025-10-01T21:21:14.087Z] <<< [apiv2][status] GET https://cloudfunctions.googleapis.com/v2/projects/end-of-time-94cd3/locations/us-central1/operations/operation-1759353664653-6401f723749c5-22182e41-cf75121d 200
[debug] [2025-10-01T21:21:14.087Z] <<< [apiv2][body] GET https://cloudfunctions.googleapis.com/v2/projects/end-of-time-94cd3/locations/us-central1/operations/operation-1759353664653-6401f723749c5-22182e41-cf75121d {"name":"projects/end-of-time-94cd3/locations/us-central1/operations/operation-1759353664653-6401f723749c5-22182e41-cf75121d","metadata":{"@type":"type.googleapis.com/google.cloud.functions.v2.OperationMetadata","createTime":"2025-10-01T21:21:04.679631178Z","target":"projects/end-of-time-94cd3/locations/us-central1/functions/onInteractionCreate","verb":"delete","cancelRequested":false,"apiVersion":"v2","requestResource":{"@type":"type.googleapis.com/google.cloud.functions.v2.Function","name":"projects/end-of-time-94cd3/locations/us-central1/functions/onInteractionCreate","environment":"GEN_2"},"stages":[{"name":"ARTIFACT_REGISTRY","state":"NOT_STARTED"},{"name":"SERVICE","state":"NOT_STARTED"},{"name":"TRIGGER","message":"Deleting Eventarc trigger","state":"IN_PROGRESS","resource":"projects/end-of-time-94cd3/locations/africa-south1/triggers/oninteractioncreate-479781"}],"operationType":"DELETE_FUNCTION"},"done":false}
[debug] [2025-10-01T21:21:18.092Z] [delete-default-us-central1-onInteractionCreate] Retrying task index 0
[debug] [2025-10-01T21:21:18.092Z] Checked if tokens are valid: true, expires at: 1759356586532
[debug] [2025-10-01T21:21:18.092Z] Checked if tokens are valid: true, expires at: 1759356586532
[debug] [2025-10-01T21:21:18.092Z] >>> [apiv2][query] GET https://cloudfunctions.googleapis.com/v2/projects/end-of-time-94cd3/locations/us-central1/operations/operation-1759353664653-6401f723749c5-22182e41-cf75121d [none]
[debug] [2025-10-01T21:21:18.433Z] <<< [apiv2][status] GET https://cloudfunctions.googleapis.com/v2/projects/end-of-time-94cd3/locations/us-central1/operations/operation-1759353664653-6401f723749c5-22182e41-cf75121d 200
[debug] [2025-10-01T21:21:18.433Z] <<< [apiv2][body] GET https://cloudfunctions.googleapis.com/v2/projects/end-of-time-94cd3/locations/us-central1/operations/operation-1759353664653-6401f723749c5-22182e41-cf75121d {"name":"projects/end-of-time-94cd3/locations/us-central1/operations/operation-1759353664653-6401f723749c5-22182e41-cf75121d","metadata":{"@type":"type.googleapis.com/google.cloud.functions.v2.OperationMetadata","createTime":"2025-10-01T21:21:04.679631178Z","target":"projects/end-of-time-94cd3/locations/us-central1/functions/onInteractionCreate","verb":"delete","cancelRequested":false,"apiVersion":"v2","requestResource":{"@type":"type.googleapis.com/google.cloud.functions.v2.Function","name":"projects/end-of-time-94cd3/locations/us-central1/functions/onInteractionCreate","environment":"GEN_2"},"stages":[{"name":"ARTIFACT_REGISTRY","state":"NOT_STARTED"},{"name":"SERVICE","state":"NOT_STARTED"},{"name":"TRIGGER","message":"Deleting Eventarc trigger","state":"IN_PROGRESS","resource":"projects/end-of-time-94cd3/locations/africa-south1/triggers/oninteractioncreate-479781"}],"operationType":"DELETE_FUNCTION"},"done":false}
[debug] [2025-10-01T21:21:26.448Z] [delete-default-us-central1-onInteractionCreate] Retrying task index 0
[debug] [2025-10-01T21:21:26.449Z] Checked if tokens are valid: true, expires at: 1759356586532
[debug] [2025-10-01T21:21:26.449Z] Checked if tokens are valid: true, expires at: 1759356586532
[debug] [2025-10-01T21:21:26.449Z] >>> [apiv2][query] GET https://cloudfunctions.googleapis.com/v2/projects/end-of-time-94cd3/locations/us-central1/operations/operation-1759353664653-6401f723749c5-22182e41-cf75121d [none]
[debug] [2025-10-01T21:21:27.467Z] <<< [apiv2][status] GET https://cloudfunctions.googleapis.com/v2/projects/end-of-time-94cd3/locations/us-central1/operations/operation-1759353664653-6401f723749c5-22182e41-cf75121d 200
[debug] [2025-10-01T21:21:27.467Z] <<< [apiv2][body] GET https://cloudfunctions.googleapis.com/v2/projects/end-of-time-94cd3/locations/us-central1/operations/operation-1759353664653-6401f723749c5-22182e41-cf75121d {"name":"projects/end-of-time-94cd3/locations/us-central1/operations/operation-1759353664653-6401f723749c5-22182e41-cf75121d","metadata":{"@type":"type.googleapis.com/google.cloud.functions.v2.OperationMetadata","createTime":"2025-10-01T21:21:04.679631178Z","target":"projects/end-of-time-94cd3/locations/us-central1/functions/onInteractionCreate","verb":"delete","cancelRequested":false,"apiVersion":"v2","requestResource":{"@type":"type.googleapis.com/google.cloud.functions.v2.Function","name":"projects/end-of-time-94cd3/locations/us-central1/functions/onInteractionCreate","environment":"GEN_2"},"stages":[{"name":"ARTIFACT_REGISTRY","state":"NOT_STARTED"},{"name":"SERVICE","message":"Deleting Cloud Run service","state":"COMPLETE","resource":"projects/end-of-time-94cd3/locations/us-central1/services/oninteractioncreate"},{"name":"TRIGGER","message":"Deleting Eventarc trigger","state":"COMPLETE","resource":"projects/end-of-time-94cd3/locations/africa-south1/triggers/oninteractioncreate-479781"}],"operationType":"DELETE_FUNCTION"},"done":false}
[debug] [2025-10-01T21:21:37.481Z] [delete-default-us-central1-onInteractionCreate] Retrying task index 0
[debug] [2025-10-01T21:21:37.482Z] Checked if tokens are valid: true, expires at: 1759356586532
[debug] [2025-10-01T21:21:37.482Z] Checked if tokens are valid: true, expires at: 1759356586532
[debug] [2025-10-01T21:21:37.482Z] >>> [apiv2][query] GET https://cloudfunctions.googleapis.com/v2/projects/end-of-time-94cd3/locations/us-central1/operations/operation-1759353664653-6401f723749c5-22182e41-cf75121d [none]
[debug] [2025-10-01T21:21:38.496Z] <<< [apiv2][status] GET https://cloudfunctions.googleapis.com/v2/projects/end-of-time-94cd3/locations/us-central1/operations/operation-1759353664653-6401f723749c5-22182e41-cf75121d 200
[debug] [2025-10-01T21:21:38.496Z] <<< [apiv2][body] GET https://cloudfunctions.googleapis.com/v2/projects/end-of-time-94cd3/locations/us-central1/operations/operation-1759353664653-6401f723749c5-22182e41-cf75121d {"name":"projects/end-of-time-94cd3/locations/us-central1/operations/operation-1759353664653-6401f723749c5-22182e41-cf75121d","metadata":{"@type":"type.googleapis.com/google.cloud.functions.v2.OperationMetadata","createTime":"2025-10-01T21:21:04.679631178Z","endTime":"2025-10-01T21:21:25.262861338Z","target":"projects/end-of-time-94cd3/locations/us-central1/functions/onInteractionCreate","verb":"delete","cancelRequested":false,"apiVersion":"v2","requestResource":{"@type":"type.googleapis.com/google.cloud.functions.v2.Function","name":"projects/end-of-time-94cd3/locations/us-central1/functions/onInteractionCreate","environment":"GEN_2"},"stages":[{"name":"ARTIFACT_REGISTRY","message":"Deleting function artifacts in Artifact Registry","state":"COMPLETE"},{"name":"SERVICE","message":"Deleting Cloud Run service","state":"COMPLETE","resource":"projects/end-of-time-94cd3/locations/us-central1/services/oninteractioncreate"},{"name":"TRIGGER","message":"Deleting Eventarc trigger","state":"COMPLETE","resource":"projects/end-of-time-94cd3/locations/africa-south1/triggers/oninteractioncreate-479781"}],"operationType":"DELETE_FUNCTION"},"done":true,"response":{"@type":"type.googleapis.com/google.protobuf.Empty"}}
[info] +  functions[onInteractionCreate(us-central1)] Successful delete operation. 
[debug] [2025-10-01T21:21:38.500Z] Total Function Deployment time: 32176
[debug] [2025-10-01T21:21:38.500Z] 1 Functions Deployed
[debug] [2025-10-01T21:21:38.500Z] 0 Functions Errored
[debug] [2025-10-01T21:21:38.500Z] 0 Function Deployments Aborted
[debug] [2025-10-01T21:21:38.500Z] Average Function Deployment time: 32175
[debug] [2025-10-01T21:21:47.090Z] ----------------------------------------------------------------------
[debug] [2025-10-01T21:21:47.092Z] Command:       C:\Program Files\nodejs\node.exe C:\Users\fanel\AppData\Roaming\npm\node_modules\firebase-tools\lib\bin\firebase.js deploy --only firestore:rules,hosting,functions
[debug] [2025-10-01T21:21:47.092Z] CLI Version:   14.12.0
[debug] [2025-10-01T21:21:47.092Z] Platform:      win32
[debug] [2025-10-01T21:21:47.092Z] Node Version:  v24.5.0
[debug] [2025-10-01T21:21:47.092Z] Time:          Wed Oct 01 2025 23:21:47 GMT+0200 (South Africa Standard Time)
[debug] [2025-10-01T21:21:47.093Z] ----------------------------------------------------------------------
[debug] 
[debug] [2025-10-01T21:21:47.249Z] > command requires scopes: ["email","openid","https://www.googleapis.com/auth/cloudplatformprojects.readonly","https://www.googleapis.com/auth/firebase","https://www.googleapis.com/auth/cloud-platform"]
[debug] [2025-10-01T21:21:47.250Z] > authorizing via signed-in user (fanelesibonge50@gmail.com)
[debug] [2025-10-01T21:21:47.250Z] [iam] checking project end-of-time-94cd3 for permissions ["cloudfunctions.functions.create","cloudfunctions.functions.delete","cloudfunctions.functions.get","cloudfunctions.functions.list","cloudfunctions.functions.update","cloudfunctions.operations.get","datastore.indexes.create","datastore.indexes.delete","datastore.indexes.list","datastore.indexes.update","firebase.projects.get","firebasehosting.sites.update"]
[debug] [2025-10-01T21:21:47.251Z] Checked if tokens are valid: true, expires at: 1759356586532
[debug] [2025-10-01T21:21:47.251Z] Checked if tokens are valid: true, expires at: 1759356586532
[debug] [2025-10-01T21:21:47.252Z] >>> [apiv2][query] POST https://cloudresourcemanager.googleapis.com/v1/projects/end-of-time-94cd3:testIamPermissions [none]
[debug] [2025-10-01T21:21:47.252Z] >>> [apiv2][(partial)header] POST https://cloudresourcemanager.googleapis.com/v1/projects/end-of-time-94cd3:testIamPermissions x-goog-quota-user=projects/end-of-time-94cd3
[debug] [2025-10-01T21:21:47.252Z] >>> [apiv2][body] POST https://cloudresourcemanager.googleapis.com/v1/projects/end-of-time-94cd3:testIamPermissions {"permissions":["cloudfunctions.functions.create","cloudfunctions.functions.delete","cloudfunctions.functions.get","cloudfunctions.functions.list","cloudfunctions.functions.update","cloudfunctions.operations.get","datastore.indexes.create","datastore.indexes.delete","datastore.indexes.list","datastore.indexes.update","firebase.projects.get","firebasehosting.sites.update"]}
[debug] [2025-10-01T21:21:48.892Z] <<< [apiv2][status] POST https://cloudresourcemanager.googleapis.com/v1/projects/end-of-time-94cd3:testIamPermissions 200
[debug] [2025-10-01T21:21:48.893Z] <<< [apiv2][body] POST https://cloudresourcemanager.googleapis.com/v1/projects/end-of-time-94cd3:testIamPermissions {"permissions":["cloudfunctions.functions.create","cloudfunctions.functions.delete","cloudfunctions.functions.get","cloudfunctions.functions.list","cloudfunctions.functions.update","cloudfunctions.operations.get","datastore.indexes.create","datastore.indexes.delete","datastore.indexes.list","datastore.indexes.update","firebase.projects.get","firebasehosting.sites.update"]}
[debug] [2025-10-01T21:21:48.893Z] Checked if tokens are valid: true, expires at: 1759356586532
[debug] [2025-10-01T21:21:48.893Z] Checked if tokens are valid: true, expires at: 1759356586532
[debug] [2025-10-01T21:21:48.893Z] >>> [apiv2][query] POST https://iam.googleapis.com/v1/projects/end-of-time-94cd3/serviceAccounts/end-of-time-94cd3@appspot.gserviceaccount.com:testIamPermissions [none]
[debug] [2025-10-01T21:21:48.893Z] >>> [apiv2][body] POST https://iam.googleapis.com/v1/projects/end-of-time-94cd3/serviceAccounts/end-of-time-94cd3@appspot.gserviceaccount.com:testIamPermissions {"permissions":["iam.serviceAccounts.actAs"]}
[debug] [2025-10-01T21:21:50.493Z] <<< [apiv2][status] POST https://iam.googleapis.com/v1/projects/end-of-time-94cd3/serviceAccounts/end-of-time-94cd3@appspot.gserviceaccount.com:testIamPermissions 200
[debug] [2025-10-01T21:21:50.493Z] <<< [apiv2][body] POST https://iam.googleapis.com/v1/projects/end-of-time-94cd3/serviceAccounts/end-of-time-94cd3@appspot.gserviceaccount.com:testIamPermissions {"permissions":["iam.serviceAccounts.actAs"]}
[debug] [2025-10-01T21:21:50.493Z] Checked if tokens are valid: true, expires at: 1759356586532
[debug] [2025-10-01T21:21:50.493Z] Checked if tokens are valid: true, expires at: 1759356586532
[debug] [2025-10-01T21:21:50.494Z] >>> [apiv2][query] GET https://firebase.googleapis.com/v1beta1/projects/end-of-time-94cd3 [none]
[debug] [2025-10-01T21:21:51.078Z] <<< [apiv2][status] GET https://firebase.googleapis.com/v1beta1/projects/end-of-time-94cd3 200
[debug] [2025-10-01T21:21:51.078Z] <<< [apiv2][body] GET https://firebase.googleapis.com/v1beta1/projects/end-of-time-94cd3 {"projectId":"end-of-time-94cd3","projectNumber":"628602476853","displayName":"End of Time","name":"projects/end-of-time-94cd3","resources":{"hostingSite":"end-of-time-94cd3"},"state":"ACTIVE","etag":"1_89cdfba8-2370-4ea1-b19c-81562d064c47"}
[info] 
[info] === Deploying to 'end-of-time-94cd3'...
[info] 
[info] i  deploying firestore, functions, hosting 
[info] i  firestore: reading indexes from firestore.indexes.json... 
[info] i  cloud.firestore: checking firestore-rules.txt for compilation errors... 
[debug] [2025-10-01T21:21:51.082Z] Checked if tokens are valid: true, expires at: 1759356586532
[debug] [2025-10-01T21:21:51.083Z] Checked if tokens are valid: true, expires at: 1759356586532
[debug] [2025-10-01T21:21:51.083Z] >>> [apiv2][query] POST https://firebaserules.googleapis.com/v1/projects/end-of-time-94cd3:test [none]
[debug] [2025-10-01T21:21:51.083Z] >>> [apiv2][body] POST https://firebaserules.googleapis.com/v1/projects/end-of-time-94cd3:test [omitted]
[debug] [2025-10-01T21:21:52.104Z] <<< [apiv2][status] POST https://firebaserules.googleapis.com/v1/projects/end-of-time-94cd3:test 200
[debug] [2025-10-01T21:21:52.104Z] <<< [apiv2][body] POST https://firebaserules.googleapis.com/v1/projects/end-of-time-94cd3:test {}
[info] +  cloud.firestore: rules file firestore-rules.txt compiled successfully 
[debug] [2025-10-01T21:21:52.105Z] Checked if tokens are valid: true, expires at: 1759356586532
[debug] [2025-10-01T21:21:52.105Z] Checked if tokens are valid: true, expires at: 1759356586532
[debug] [2025-10-01T21:21:52.105Z] >>> [apiv2][query] GET https://cloudresourcemanager.googleapis.com/v1/projects/end-of-time-94cd3 [none]
[debug] [2025-10-01T21:21:52.417Z] <<< [apiv2][status] GET https://cloudresourcemanager.googleapis.com/v1/projects/end-of-time-94cd3 200
[debug] [2025-10-01T21:21:52.417Z] <<< [apiv2][body] GET https://cloudresourcemanager.googleapis.com/v1/projects/end-of-time-94cd3 {"projectNumber":"628602476853","projectId":"end-of-time-94cd3","lifecycleState":"ACTIVE","name":"End of Time","labels":{"firebase":"enabled","firebase-core":"disabled"},"createTime":"2025-08-07T11:37:20.813282Z"}
[info] i  functions: preparing codebase default for deployment 
[info] i  functions: ensuring required API cloudfunctions.googleapis.com is enabled... 
[info] i  functions: ensuring required API cloudbuild.googleapis.com is enabled... 
[info] i  artifactregistry: ensuring required API artifactregistry.googleapis.com is enabled... 
[debug] [2025-10-01T21:21:52.418Z] Checked if tokens are valid: true, expires at: 1759356586532
[debug] [2025-10-01T21:21:52.418Z] Checked if tokens are valid: true, expires at: 1759356586532
[debug] [2025-10-01T21:21:52.418Z] >>> [apiv2][query] GET https://firebase.googleapis.com/v1beta1/projects/end-of-time-94cd3/adminSdkConfig [none]
[debug] [2025-10-01T21:21:52.808Z] <<< [apiv2][status] GET https://firebase.googleapis.com/v1beta1/projects/end-of-time-94cd3/adminSdkConfig 200
[debug] [2025-10-01T21:21:52.808Z] <<< [apiv2][body] GET https://firebase.googleapis.com/v1beta1/projects/end-of-time-94cd3/adminSdkConfig {"projectId":"end-of-time-94cd3","storageBucket":"end-of-time-94cd3.firebasestorage.app"}
[debug] [2025-10-01T21:21:52.808Z] Checked if tokens are valid: true, expires at: 1759356586532
[debug] [2025-10-01T21:21:52.808Z] Checked if tokens are valid: true, expires at: 1759356586532
[debug] [2025-10-01T21:21:52.808Z] >>> [apiv2][query] GET https://runtimeconfig.googleapis.com/v1beta1/projects/end-of-time-94cd3/configs [none]
[debug] [2025-10-01T21:21:53.460Z] <<< [apiv2][status] GET https://runtimeconfig.googleapis.com/v1beta1/projects/end-of-time-94cd3/configs 200
[debug] [2025-10-01T21:21:53.460Z] <<< [apiv2][body] GET https://runtimeconfig.googleapis.com/v1beta1/projects/end-of-time-94cd3/configs {"configs":[{"name":"projects/end-of-time-94cd3/configs/email"}]}
[debug] [2025-10-01T21:21:53.461Z] Checked if tokens are valid: true, expires at: 1759356586532
[debug] [2025-10-01T21:21:53.461Z] Checked if tokens are valid: true, expires at: 1759356586532
[debug] [2025-10-01T21:21:53.461Z] >>> [apiv2][query] GET https://runtimeconfig.googleapis.com/v1beta1/projects/end-of-time-94cd3/configs/email/variables [none]
[debug] [2025-10-01T21:21:53.798Z] <<< [apiv2][status] GET https://runtimeconfig.googleapis.com/v1beta1/projects/end-of-time-94cd3/configs/email/variables 200
[debug] [2025-10-01T21:21:53.798Z] <<< [apiv2][body] GET https://runtimeconfig.googleapis.com/v1beta1/projects/end-of-time-94cd3/configs/email/variables {"variables":[{"name":"projects/end-of-time-94cd3/configs/email/variables/pass","updateTime":"2025-08-15T10:58:03.038240785Z"},{"name":"projects/end-of-time-94cd3/configs/email/variables/user","updateTime":"2025-08-15T10:57:09.375568404Z"}]}
[debug] [2025-10-01T21:21:53.799Z] Checked if tokens are valid: true, expires at: 1759356586532
[debug] [2025-10-01T21:21:53.799Z] Checked if tokens are valid: true, expires at: 1759356586532
[debug] [2025-10-01T21:21:53.799Z] Checked if tokens are valid: true, expires at: 1759356586532
[debug] [2025-10-01T21:21:53.799Z] Checked if tokens are valid: true, expires at: 1759356586532
[debug] [2025-10-01T21:21:53.799Z] >>> [apiv2][query] GET https://runtimeconfig.googleapis.com/v1beta1/projects/end-of-time-94cd3/configs/email/variables/pass [none]
[debug] [2025-10-01T21:21:53.799Z] >>> [apiv2][query] GET https://runtimeconfig.googleapis.com/v1beta1/projects/end-of-time-94cd3/configs/email/variables/user [none]
[debug] [2025-10-01T21:21:54.151Z] <<< [apiv2][status] GET https://runtimeconfig.googleapis.com/v1beta1/projects/end-of-time-94cd3/configs/email/variables/pass 200
[debug] [2025-10-01T21:21:54.152Z] <<< [apiv2][body] GET https://runtimeconfig.googleapis.com/v1beta1/projects/end-of-time-94cd3/configs/email/variables/pass {"name":"projects/end-of-time-94cd3/configs/email/variables/pass","updateTime":"2025-08-15T10:58:03.038240785Z","text":"znpv nfbd lerz mhbi"}
[debug] [2025-10-01T21:21:54.341Z] <<< [apiv2][status] GET https://runtimeconfig.googleapis.com/v1beta1/projects/end-of-time-94cd3/configs/email/variables/user 200
[debug] [2025-10-01T21:21:54.341Z] <<< [apiv2][body] GET https://runtimeconfig.googleapis.com/v1beta1/projects/end-of-time-94cd3/configs/email/variables/user {"name":"projects/end-of-time-94cd3/configs/email/variables/user","updateTime":"2025-08-15T10:57:09.375568404Z","text":"fanelesibonge50@gmail.com"}
[debug] [2025-10-01T21:21:54.342Z] Validating nodejs source
[warn] !  functions: Runtime Node.js 18 was deprecated on 2025-04-30 and will be decommissioned on 2025-10-30, after which you will not be able to deploy without upgrading. Consider upgrading now to avoid disruption. See https://cloud.google.com/functions/docs/runtime-support for full details on the lifecycle policy 
[warn] !  functions: package.json indicates an outdated version of firebase-functions. Please upgrade using npm install --save firebase-functions@latest in your functions directory. 
[warn] !  functions: Please note that there will be breaking changes when you upgrade. 
[debug] [2025-10-01T21:21:55.044Z] > [functions] package.json contents: {
  "name": "end-of-time-functions",
  "engines": {
    "node": "18"
  },
  "main": "index.js",
  "scripts": {
    "build": "tsc -p .",
    "deploy": "npm run build && firebase deploy --only functions"
  },
  "dependencies": {
    "firebase-admin": "^11.11.0",
    "firebase-functions": "^4.4.0",
    "node-fetch": "^3.3.2",
    "nodemailer": "^7.0.5"
  },
  "devDependencies": {
    "typescript": "^5.4.0"
  }
}
[debug] [2025-10-01T21:21:55.044Z] Building nodejs source
[info] i  functions: Loading and analyzing source code for codebase default to determine what to deploy 
[info] i  functions: You are using a version of firebase-functions SDK (4.9.0) that does not have support for the newest Firebase Extensions features. Please update firebase-functions SDK to >=5.1.0 to use them correctly 
[debug] [2025-10-01T21:21:55.045Z] Could not find functions.yaml. Must use http discovery
[debug] [2025-10-01T21:21:55.051Z] Found firebase-functions binary at 'c:\Users\fanel\Videos\Web App (End of Time)\VideoProc Converter - Copy - Copy - Copy (2) - Copy - Copy\functions\node_modules\.bin\firebase-functions'
[info] Serving at port 8933

[debug] [2025-10-01T21:21:55.598Z] Got response from /__/functions.yaml {"endpoints":{"onInteractionCreate":{"availableMemoryMb":null,"timeoutSeconds":null,"minInstances":null,"maxInstances":null,"ingressSettings":null,"concurrency":null,"serviceAccountEmail":null,"vpc":null,"platform":"gcfv2","labels":{},"eventTrigger":{"eventType":"google.cloud.firestore.document.v1.created","eventFilters":{"database":"(default)","namespace":"(default)"},"eventFilterPathPatterns":{"document":"prayers/{prayerId}/interactions/{interactionId}"},"retry":false},"entryPoint":"onInteractionCreate"},"sendEmailNotification":{"platform":"gcfv1","availableMemoryMb":null,"timeoutSeconds":null,"minInstances":null,"maxInstances":null,"ingressSettings":null,"serviceAccountEmail":null,"vpc":null,"eventTrigger":{"eventType":"providers/cloud.firestore/eventTypes/document.create","eventFilters":{"resource":"projects/end-of-time-94cd3/databases/(default)/documents/emailQueue/{docId}"},"retry":false},"labels":{},"entryPoint":"sendEmailNotification"}},"specVersion":"v1alpha1","requiredAPIs":[]}
[info] i  functions: preparing functions directory for uploading... 
[info] i  functions: packaged c:\Users\fanel\Videos\Web App (End of Time)\VideoProc Converter - Copy - Copy - Copy (2) - Copy - Copy\functions (43.14 KB) for uploading 
[info] i  functions: packaged c:\Users\fanel\Videos\Web App (End of Time)\VideoProc Converter - Copy - Copy - Copy (2) - Copy - Copy\functions (43.4 KB) for uploading 
[debug] [2025-10-01T21:21:59.682Z] Checked if tokens are valid: true, expires at: 1759356586532
[debug] [2025-10-01T21:21:59.682Z] Checked if tokens are valid: true, expires at: 1759356586532
[debug] [2025-10-01T21:21:59.682Z] >>> [apiv2][query] GET https://cloudfunctions.googleapis.com/v1/projects/end-of-time-94cd3/locations/-/functions [none]
[debug] [2025-10-01T21:22:00.509Z] <<< [apiv2][status] GET https://cloudfunctions.googleapis.com/v1/projects/end-of-time-94cd3/locations/-/functions 200
[debug] [2025-10-01T21:22:00.509Z] <<< [apiv2][body] GET https://cloudfunctions.googleapis.com/v1/projects/end-of-time-94cd3/locations/-/functions {"functions":[{"name":"projects/end-of-time-94cd3/locations/us-central1/functions/sendEmailNotification","eventTrigger":{"eventType":"providers/cloud.firestore/eventTypes/document.create","resource":"projects/end-of-time-94cd3/databases/(default)/documents/emailQueue/{docId}","service":"firestore.googleapis.com","failurePolicy":{}},"status":"ACTIVE","entryPoint":"sendEmailNotification","timeout":"60s","availableMemoryMb":256,"serviceAccountEmail":"end-of-time-94cd3@appspot.gserviceaccount.com","updateTime":"2025-10-01T21:20:20.620964902Z","versionId":"1","labels":{"deployment-tool":"cli-firebase","firebase-functions-hash":"abeb78fe080798b6edb30006e6a0e5ea74a57c45"},"sourceUploadUrl":"https://storage.googleapis.com/uploads-942337535895.us-central1.cloudfunctions.appspot.com/8344b6c7-d4fe-4114-9f2b-a8efe8f014e9.zip","environmentVariables":{"FIREBASE_CONFIG":"{\"projectId\":\"end-of-time-94cd3\",\"storageBucket\":\"end-of-time-94cd3.firebasestorage.app\"}","GCLOUD_PROJECT":"end-of-time-94cd3","EVENTARC_CLOUD_EVENT_SOURCE":"projects/end-of-time-94cd3/locations/us-central1/functions/sendEmailNotification"},"runtime":"nodejs18","maxInstances":3000,"ingressSettings":"ALLOW_ALL","buildId":"0dfde81f-3944-471f-9606-8a11b2240aec","buildEnvironmentVariables":{"GOOGLE_NODE_RUN_SCRIPTS":""},"buildName":"projects/628602476853/locations/us-central1/builds/0dfde81f-3944-471f-9606-8a11b2240aec","dockerRegistry":"ARTIFACT_REGISTRY","automaticUpdatePolicy":{},"buildServiceAccount":"projects/end-of-time-94cd3/serviceAccounts/628602476853-compute@developer.gserviceaccount.com","satisfiesPzi":true}]}
[debug] [2025-10-01T21:22:00.510Z] Checked if tokens are valid: true, expires at: 1759356586532
[debug] [2025-10-01T21:22:00.510Z] Checked if tokens are valid: true, expires at: 1759356586532
[debug] [2025-10-01T21:22:00.510Z] >>> [apiv2][query] GET https://cloudfunctions.googleapis.com/v2/projects/end-of-time-94cd3/locations/-/functions filter=environment%3D%22GEN_2%22
[debug] [2025-10-01T21:22:01.619Z] <<< [apiv2][status] GET https://cloudfunctions.googleapis.com/v2/projects/end-of-time-94cd3/locations/-/functions 200
[debug] [2025-10-01T21:22:01.619Z] <<< [apiv2][body] GET https://cloudfunctions.googleapis.com/v2/projects/end-of-time-94cd3/locations/-/functions {}
[debug] [2025-10-01T21:22:01.619Z] Checked if tokens are valid: true, expires at: 1759356586532
[debug] [2025-10-01T21:22:01.620Z] Checked if tokens are valid: true, expires at: 1759356586532
[debug] [2025-10-01T21:22:01.620Z] >>> [apiv2][query] GET https://firestore.googleapis.com/v1/projects/end-of-time-94cd3/databases/(default) [none]
[debug] [2025-10-01T21:22:02.200Z] <<< [apiv2][status] GET https://firestore.googleapis.com/v1/projects/end-of-time-94cd3/databases/(default) 200
[debug] [2025-10-01T21:22:02.200Z] <<< [apiv2][body] GET https://firestore.googleapis.com/v1/projects/end-of-time-94cd3/databases/(default) {"name":"projects/end-of-time-94cd3/databases/(default)","uid":"6b62c153-99ce-4b69-9b58-9389d65a2b79","createTime":"2025-08-07T13:15:58.421611Z","updateTime":"2025-08-07T13:15:58.421611Z","locationId":"africa-south1","type":"FIRESTORE_NATIVE","concurrencyMode":"PESSIMISTIC","versionRetentionPeriod":"3600s","earliestVersionTime":"2025-10-01T20:21:59.825964Z","appEngineIntegrationMode":"DISABLED","pointInTimeRecoveryEnablement":"POINT_IN_TIME_RECOVERY_DISABLED","deleteProtectionState":"DELETE_PROTECTION_DISABLED","databaseEdition":"STANDARD","freeTier":true,"etag":"INPIhKz3g5ADMJSOg43NgZAD"}
[info] i  functions: ensuring required API run.googleapis.com is enabled... 
[info] i  functions: ensuring required API eventarc.googleapis.com is enabled... 
[info] i  functions: ensuring required API pubsub.googleapis.com is enabled... 
[info] i  functions: ensuring required API storage.googleapis.com is enabled... 
[info] i  functions: generating the service identity for pubsub.googleapis.com... 
[debug] [2025-10-01T21:22:02.202Z] Checked if tokens are valid: true, expires at: 1759356586532
[debug] [2025-10-01T21:22:02.202Z] Checked if tokens are valid: true, expires at: 1759356586532
[info] i  functions: generating the service identity for eventarc.googleapis.com... 
[debug] [2025-10-01T21:22:02.202Z] Checked if tokens are valid: true, expires at: 1759356586532
[debug] [2025-10-01T21:22:02.202Z] Checked if tokens are valid: true, expires at: 1759356586532
[debug] [2025-10-01T21:22:02.202Z] >>> [apiv2][query] POST https://serviceusage.googleapis.com/v1beta1/projects/628602476853/services/pubsub.googleapis.com:generateServiceIdentity [none]
[debug] [2025-10-01T21:22:02.202Z] >>> [apiv2][(partial)header] POST https://serviceusage.googleapis.com/v1beta1/projects/628602476853/services/pubsub.googleapis.com:generateServiceIdentity x-goog-quota-user=projects/628602476853
[debug] [2025-10-01T21:22:02.202Z] >>> [apiv2][body] POST https://serviceusage.googleapis.com/v1beta1/projects/628602476853/services/pubsub.googleapis.com:generateServiceIdentity {}
[debug] [2025-10-01T21:22:02.203Z] >>> [apiv2][query] POST https://serviceusage.googleapis.com/v1beta1/projects/628602476853/services/eventarc.googleapis.com:generateServiceIdentity [none]
[debug] [2025-10-01T21:22:02.203Z] >>> [apiv2][(partial)header] POST https://serviceusage.googleapis.com/v1beta1/projects/628602476853/services/eventarc.googleapis.com:generateServiceIdentity x-goog-quota-user=projects/628602476853
[debug] [2025-10-01T21:22:02.203Z] >>> [apiv2][body] POST https://serviceusage.googleapis.com/v1beta1/projects/628602476853/services/eventarc.googleapis.com:generateServiceIdentity {}
[debug] [2025-10-01T21:22:04.014Z] <<< [apiv2][status] POST https://serviceusage.googleapis.com/v1beta1/projects/628602476853/services/pubsub.googleapis.com:generateServiceIdentity 200
[debug] [2025-10-01T21:22:04.014Z] <<< [apiv2][body] POST https://serviceusage.googleapis.com/v1beta1/projects/628602476853/services/pubsub.googleapis.com:generateServiceIdentity {"name":"operations/finished.DONE_OPERATION","done":true,"response":{"@type":"type.googleapis.com/google.api.serviceusage.v1beta1.ServiceIdentity","email":"service-628602476853@gcp-sa-pubsub.iam.gserviceaccount.com","uniqueId":"116684213799607221479"}}
[debug] [2025-10-01T21:22:04.048Z] <<< [apiv2][status] POST https://serviceusage.googleapis.com/v1beta1/projects/628602476853/services/eventarc.googleapis.com:generateServiceIdentity 200
[debug] [2025-10-01T21:22:04.048Z] <<< [apiv2][body] POST https://serviceusage.googleapis.com/v1beta1/projects/628602476853/services/eventarc.googleapis.com:generateServiceIdentity {"name":"operations/finished.DONE_OPERATION","done":true,"response":{"@type":"type.googleapis.com/google.api.serviceusage.v1beta1.ServiceIdentity","email":"service-628602476853@gcp-sa-eventarc.iam.gserviceaccount.com","uniqueId":"101530374826516756217"}}
[debug] [2025-10-01T21:22:04.050Z] Checked if tokens are valid: true, expires at: 1759356586532
[debug] [2025-10-01T21:22:04.050Z] Checked if tokens are valid: true, expires at: 1759356586532
[debug] [2025-10-01T21:22:04.050Z] >>> [apiv2][query] GET https://compute.googleapis.com/compute/v1/projects/628602476853 [none]
[debug] [2025-10-01T21:22:04.536Z] <<< [apiv2][status] GET https://compute.googleapis.com/compute/v1/projects/628602476853 403
[debug] [2025-10-01T21:22:04.537Z] <<< [apiv2][body] GET https://compute.googleapis.com/compute/v1/projects/628602476853 {"error":{"code":403,"message":"Compute Engine API has not been used in project 628602476853 before or it is disabled. Enable it by visiting https://console.developers.google.com/apis/api/compute.googleapis.com/overview?project=628602476853 then retry. If you enabled this API recently, wait a few minutes for the action to propagate to our systems and retry.","errors":[{"message":"Compute Engine API has not been used in project 628602476853 before or it is disabled. Enable it by visiting https://console.developers.google.com/apis/api/compute.googleapis.com/overview?project=628602476853 then retry. If you enabled this API recently, wait a few minutes for the action to propagate to our systems and retry.","domain":"usageLimits","reason":"accessNotConfigured","extendedHelp":"https://console.developers.google.com"}],"status":"PERMISSION_DENIED","details":[{"@type":"type.googleapis.com/google.rpc.ErrorInfo","reason":"SERVICE_DISABLED","domain":"googleapis.com","metadata":{"containerInfo":"628602476853","activationUrl":"https://console.developers.google.com/apis/api/compute.googleapis.com/overview?project=628602476853","serviceTitle":"Compute Engine API","service":"compute.googleapis.com","consumer":"projects/628602476853"}},{"@type":"type.googleapis.com/google.rpc.LocalizedMessage","locale":"en-US","message":"Compute Engine API has not been used in project 628602476853 before or it is disabled. Enable it by visiting https://console.developers.google.com/apis/api/compute.googleapis.com/overview?project=628602476853 then retry. If you enabled this API recently, wait a few minutes for the action to propagate to our systems and retry."},{"@type":"type.googleapis.com/google.rpc.Help","links":[{"description":"Google developers console API activation","url":"https://console.developers.google.com/apis/api/compute.googleapis.com/overview?project=628602476853"}]}]}}
[debug] [2025-10-01T21:22:04.537Z] unable to look up default compute service account. Falling back to 628602476853-compute@developer.gserviceaccount.com. Error: {"name":"FirebaseError","children":[],"context":{"body":{"error":{"code":403,"message":"Compute Engine API has not been used in project 628602476853 before or it is disabled. Enable it by visiting https://console.developers.google.com/apis/api/compute.googleapis.com/overview?project=628602476853 then retry. If you enabled this API recently, wait a few minutes for the action to propagate to our systems and retry.","errors":[{"message":"Compute Engine API has not been used in project 628602476853 before or it is disabled. Enable it by visiting https://console.developers.google.com/apis/api/compute.googleapis.com/overview?project=628602476853 then retry. If you enabled this API recently, wait a few minutes for the action to propagate to our systems and retry.","domain":"usageLimits","reason":"accessNotConfigured","extendedHelp":"https://console.developers.google.com"}],"status":"PERMISSION_DENIED","details":[{"@type":"type.googleapis.com/google.rpc.ErrorInfo","reason":"SERVICE_DISABLED","domain":"googleapis.com","metadata":{"containerInfo":"628602476853","activationUrl":"https://console.developers.google.com/apis/api/compute.googleapis.com/overview?project=628602476853","serviceTitle":"Compute Engine API","service":"compute.googleapis.com","consumer":"projects/628602476853"}},{"@type":"type.googleapis.com/google.rpc.LocalizedMessage","locale":"en-US","message":"Compute Engine API has not been used in project 628602476853 before or it is disabled. Enable it by visiting https://console.developers.google.com/apis/api/compute.googleapis.com/overview?project=628602476853 then retry. If you enabled this API recently, wait a few minutes for the action to propagate to our systems and retry."},{"@type":"type.googleapis.com/google.rpc.Help","links":[{"description":"Google developers console API activation","url":"https://console.developers.google.com/apis/api/compute.googleapis.com/overview?project=628602476853"}]}]}},"response":{"statusCode":403}},"exit":1,"message":"Request to https://compute.googleapis.com/compute/v1/projects/628602476853 had HTTP Error: 403, Compute Engine API has not been used in project 628602476853 before or it is disabled. Enable it by visiting https://console.developers.google.com/apis/api/compute.googleapis.com/overview?project=628602476853 then retry. If you enabled this API recently, wait a few minutes for the action to propagate to our systems and retry.","status":403}
[debug] [2025-10-01T21:22:04.537Z] Checked if tokens are valid: true, expires at: 1759356586532
[debug] [2025-10-01T21:22:04.537Z] Checked if tokens are valid: true, expires at: 1759356586532
[debug] [2025-10-01T21:22:04.537Z] >>> [apiv2][query] POST https://cloudresourcemanager.googleapis.com/v1/projects/628602476853:getIamPolicy [none]
[debug] [2025-10-01T21:22:06.438Z] <<< [apiv2][status] POST https://cloudresourcemanager.googleapis.com/v1/projects/628602476853:getIamPolicy 200
[debug] [2025-10-01T21:22:06.439Z] <<< [apiv2][body] POST https://cloudresourcemanager.googleapis.com/v1/projects/628602476853:getIamPolicy {"version":1,"etag":"BwY8LYEjj/w=","bindings":[{"role":"roles/artifactregistry.serviceAgent","members":["serviceAccount:service-628602476853@gcp-sa-artifactregistry.iam.gserviceaccount.com"]},{"role":"roles/cloudbuild.builds.builder","members":["serviceAccount:628602476853@cloudbuild.gserviceaccount.com"]},{"role":"roles/cloudbuild.serviceAgent","members":["serviceAccount:service-628602476853@gcp-sa-cloudbuild.iam.gserviceaccount.com"]},{"role":"roles/cloudfunctions.developer","members":["serviceAccount:github-action-1033792774@end-of-time-94cd3.iam.gserviceaccount.com"]},{"role":"roles/cloudfunctions.serviceAgent","members":["serviceAccount:service-628602476853@gcf-admin-robot.iam.gserviceaccount.com"]},{"role":"roles/cloudscheduler.serviceAgent","members":["serviceAccount:service-628602476853@gcp-sa-cloudscheduler.iam.gserviceaccount.com"]},{"role":"roles/containerregistry.ServiceAgent","members":["serviceAccount:service-628602476853@containerregistry.iam.gserviceaccount.com"]},{"role":"roles/editor","members":["serviceAccount:628602476853-compute@developer.gserviceaccount.com","serviceAccount:628602476853@cloudservices.gserviceaccount.com","serviceAccount:end-of-time-94cd3@appspot.gserviceaccount.com"]},{"role":"roles/eventarc.eventReceiver","members":["serviceAccount:628602476853-compute@developer.gserviceaccount.com"]},{"role":"roles/eventarc.serviceAgent","members":["serviceAccount:service-628602476853@gcp-sa-eventarc.iam.gserviceaccount.com"]},{"role":"roles/firebase.managementServiceAgent","members":["serviceAccount:service-628602476853@gcp-sa-firebase.iam.gserviceaccount.com"]},{"role":"roles/firebase.sdkAdminServiceAgent","members":["serviceAccount:firebase-adminsdk-fbsvc@end-of-time-94cd3.iam.gserviceaccount.com"]},{"role":"roles/firebaseappcheck.admin","members":["serviceAccount:firebase-adminsdk-fbsvc@end-of-time-94cd3.iam.gserviceaccount.com"]},{"role":"roles/firebaseauth.admin","members":["serviceAccount:firebase-adminsdk-fbsvc@end-of-time-94cd3.iam.gserviceaccount.com","serviceAccount:github-action-1033792774@end-of-time-94cd3.iam.gserviceaccount.com"]},{"role":"roles/firebasehosting.admin","members":["serviceAccount:github-action-1033792774@end-of-time-94cd3.iam.gserviceaccount.com"]},{"role":"roles/firebasemods.serviceAgent","members":["serviceAccount:service-628602476853@gcp-sa-firebasemods.iam.gserviceaccount.com"]},{"role":"roles/firebaserules.system","members":["serviceAccount:service-628602476853@firebase-rules.iam.gserviceaccount.com"]},{"role":"roles/firestore.serviceAgent","members":["serviceAccount:service-628602476853@gcp-sa-firestore.iam.gserviceaccount.com"]},{"role":"roles/iam.serviceAccountTokenCreator","members":["serviceAccount:firebase-adminsdk-fbsvc@end-of-time-94cd3.iam.gserviceaccount.com","serviceAccount:service-628602476853@gcp-sa-pubsub.iam.gserviceaccount.com"]},{"role":"roles/owner","members":["user:fanelesibonge50@gmail.com"]},{"role":"roles/run.invoker","members":["serviceAccount:628602476853-compute@developer.gserviceaccount.com"]},{"role":"roles/run.serviceAgent","members":["serviceAccount:service-628602476853@serverless-robot-prod.iam.gserviceaccount.com"]},{"role":"roles/run.viewer","members":["serviceAccount:github-action-1033792774@end-of-time-94cd3.iam.gserviceaccount.com"]},{"role":"roles/serviceusage.apiKeysViewer","members":["serviceAccount:github-action-1033792774@end-of-time-94cd3.iam.gserviceaccount.com"]},{"role":"roles/serviceusage.serviceUsageConsumer","members":["serviceAccount:github-action-1033792774@end-of-time-94cd3.iam.gserviceaccount.com"]}]}
[debug] [2025-10-01T21:22:06.439Z] Checked if tokens are valid: true, expires at: 1759356586532
[debug] [2025-10-01T21:22:06.439Z] Checked if tokens are valid: true, expires at: 1759356586532
[debug] [2025-10-01T21:22:06.440Z] >>> [apiv2][query] GET https://cloudresourcemanager.googleapis.com/v1/projects/end-of-time-94cd3 [none]
[debug] [2025-10-01T21:22:06.753Z] <<< [apiv2][status] GET https://cloudresourcemanager.googleapis.com/v1/projects/end-of-time-94cd3 200
[debug] [2025-10-01T21:22:06.754Z] <<< [apiv2][body] GET https://cloudresourcemanager.googleapis.com/v1/projects/end-of-time-94cd3 {"projectNumber":"628602476853","projectId":"end-of-time-94cd3","lifecycleState":"ACTIVE","name":"End of Time","labels":{"firebase":"enabled","firebase-core":"disabled"},"createTime":"2025-08-07T11:37:20.813282Z"}
[debug] [2025-10-01T21:22:06.754Z] Checked if tokens are valid: true, expires at: 1759356586532
[debug] [2025-10-01T21:22:06.754Z] Checked if tokens are valid: true, expires at: 1759356586532
[debug] [2025-10-01T21:22:06.754Z] >>> [apiv2][query] GET https://compute.googleapis.com/compute/v1/projects/628602476853 [none]
[debug] [2025-10-01T21:22:07.048Z] <<< [apiv2][status] GET https://compute.googleapis.com/compute/v1/projects/628602476853 403
[debug] [2025-10-01T21:22:07.048Z] <<< [apiv2][body] GET https://compute.googleapis.com/compute/v1/projects/628602476853 {"error":{"code":403,"message":"Compute Engine API has not been used in project 628602476853 before or it is disabled. Enable it by visiting https://console.developers.google.com/apis/api/compute.googleapis.com/overview?project=628602476853 then retry. If you enabled this API recently, wait a few minutes for the action to propagate to our systems and retry.","errors":[{"message":"Compute Engine API has not been used in project 628602476853 before or it is disabled. Enable it by visiting https://console.developers.google.com/apis/api/compute.googleapis.com/overview?project=628602476853 then retry. If you enabled this API recently, wait a few minutes for the action to propagate to our systems and retry.","domain":"usageLimits","reason":"accessNotConfigured","extendedHelp":"https://console.developers.google.com"}],"status":"PERMISSION_DENIED","details":[{"@type":"type.googleapis.com/google.rpc.ErrorInfo","reason":"SERVICE_DISABLED","domain":"googleapis.com","metadata":{"activationUrl":"https://console.developers.google.com/apis/api/compute.googleapis.com/overview?project=628602476853","service":"compute.googleapis.com","consumer":"projects/628602476853","serviceTitle":"Compute Engine API","containerInfo":"628602476853"}},{"@type":"type.googleapis.com/google.rpc.LocalizedMessage","locale":"en-US","message":"Compute Engine API has not been used in project 628602476853 before or it is disabled. Enable it by visiting https://console.developers.google.com/apis/api/compute.googleapis.com/overview?project=628602476853 then retry. If you enabled this API recently, wait a few minutes for the action to propagate to our systems and retry."},{"@type":"type.googleapis.com/google.rpc.Help","links":[{"description":"Google developers console API activation","url":"https://console.developers.google.com/apis/api/compute.googleapis.com/overview?project=628602476853"}]}]}}
[debug] [2025-10-01T21:22:07.049Z] unable to look up default compute service account. Falling back to 628602476853-compute@developer.gserviceaccount.com. Error: {"name":"FirebaseError","children":[],"context":{"body":{"error":{"code":403,"message":"Compute Engine API has not been used in project 628602476853 before or it is disabled. Enable it by visiting https://console.developers.google.com/apis/api/compute.googleapis.com/overview?project=628602476853 then retry. If you enabled this API recently, wait a few minutes for the action to propagate to our systems and retry.","errors":[{"message":"Compute Engine API has not been used in project 628602476853 before or it is disabled. Enable it by visiting https://console.developers.google.com/apis/api/compute.googleapis.com/overview?project=628602476853 then retry. If you enabled this API recently, wait a few minutes for the action to propagate to our systems and retry.","domain":"usageLimits","reason":"accessNotConfigured","extendedHelp":"https://console.developers.google.com"}],"status":"PERMISSION_DENIED","details":[{"@type":"type.googleapis.com/google.rpc.ErrorInfo","reason":"SERVICE_DISABLED","domain":"googleapis.com","metadata":{"activationUrl":"https://console.developers.google.com/apis/api/compute.googleapis.com/overview?project=628602476853","service":"compute.googleapis.com","consumer":"projects/628602476853","serviceTitle":"Compute Engine API","containerInfo":"628602476853"}},{"@type":"type.googleapis.com/google.rpc.LocalizedMessage","locale":"en-US","message":"Compute Engine API has not been used in project 628602476853 before or it is disabled. Enable it by visiting https://console.developers.google.com/apis/api/compute.googleapis.com/overview?project=628602476853 then retry. If you enabled this API recently, wait a few minutes for the action to propagate to our systems and retry."},{"@type":"type.googleapis.com/google.rpc.Help","links":[{"description":"Google developers console API activation","url":"https://console.developers.google.com/apis/api/compute.googleapis.com/overview?project=628602476853"}]}]}},"response":{"statusCode":403}},"exit":1,"message":"Request to https://compute.googleapis.com/compute/v1/projects/628602476853 had HTTP Error: 403, Compute Engine API has not been used in project 628602476853 before or it is disabled. Enable it by visiting https://console.developers.google.com/apis/api/compute.googleapis.com/overview?project=628602476853 then retry. If you enabled this API recently, wait a few minutes for the action to propagate to our systems and retry.","status":403}
[debug] [2025-10-01T21:22:07.051Z] Checked if tokens are valid: true, expires at: 1759356586532
[debug] [2025-10-01T21:22:07.051Z] Checked if tokens are valid: true, expires at: 1759356586532
[debug] [2025-10-01T21:22:07.051Z] >>> [apiv2][query] POST https://firebasehosting.googleapis.com/v1beta1/projects/-/sites/end-of-time-94cd3/versions [none]
[debug] [2025-10-01T21:22:07.052Z] >>> [apiv2][body] POST https://firebasehosting.googleapis.com/v1beta1/projects/-/sites/end-of-time-94cd3/versions {"status":"CREATED","labels":{"deployment-tool":"cli-firebase"}}
[debug] [2025-10-01T21:22:09.097Z] <<< [apiv2][status] POST https://firebasehosting.googleapis.com/v1beta1/projects/-/sites/end-of-time-94cd3/versions 200
[debug] [2025-10-01T21:22:09.097Z] <<< [apiv2][body] POST https://firebasehosting.googleapis.com/v1beta1/projects/-/sites/end-of-time-94cd3/versions {"name":"projects/628602476853/sites/end-of-time-94cd3/versions/0d8f5cd719390a5c","status":"CREATED","config":{},"labels":{"deployment-tool":"cli-firebase"}}
[debug] [2025-10-01T21:22:09.098Z] Checked if tokens are valid: true, expires at: 1759356586532
[debug] [2025-10-01T21:22:09.098Z] Checked if tokens are valid: true, expires at: 1759356586532
[debug] [2025-10-01T21:22:09.098Z] >>> [apiv2][query] GET https://firestore.googleapis.com/v1/projects/end-of-time-94cd3/databases/(default) [none]
[debug] [2025-10-01T21:22:09.323Z] <<< [apiv2][status] GET https://firestore.googleapis.com/v1/projects/end-of-time-94cd3/databases/(default) 200
[debug] [2025-10-01T21:22:09.324Z] <<< [apiv2][body] GET https://firestore.googleapis.com/v1/projects/end-of-time-94cd3/databases/(default) {"name":"projects/end-of-time-94cd3/databases/(default)","uid":"6b62c153-99ce-4b69-9b58-9389d65a2b79","createTime":"2025-08-07T13:15:58.421611Z","updateTime":"2025-08-07T13:15:58.421611Z","locationId":"africa-south1","type":"FIRESTORE_NATIVE","concurrencyMode":"PESSIMISTIC","versionRetentionPeriod":"3600s","earliestVersionTime":"2025-10-01T20:22:06.949550Z","appEngineIntegrationMode":"DISABLED","pointInTimeRecoveryEnablement":"POINT_IN_TIME_RECOVERY_DISABLED","deleteProtectionState":"DELETE_PROTECTION_DISABLED","databaseEdition":"STANDARD","freeTier":true,"etag":"IPaut6/3g5ADMJSOg43NgZAD"}
[debug] [2025-10-01T21:22:09.324Z] Checked if tokens are valid: true, expires at: 1759356586532
[debug] [2025-10-01T21:22:09.324Z] Checked if tokens are valid: true, expires at: 1759356586532
[debug] [2025-10-01T21:22:09.324Z] >>> [apiv2][query] GET https://firebaserules.googleapis.com/v1/projects/end-of-time-94cd3/releases pageSize=10&pageToken=
[debug] [2025-10-01T21:22:10.025Z] <<< [apiv2][status] GET https://firebaserules.googleapis.com/v1/projects/end-of-time-94cd3/releases 200
[debug] [2025-10-01T21:22:10.025Z] <<< [apiv2][body] GET https://firebaserules.googleapis.com/v1/projects/end-of-time-94cd3/releases {"releases":[{"name":"projects/end-of-time-94cd3/releases/cloud.firestore","rulesetName":"projects/end-of-time-94cd3/rulesets/68474669-bfd1-460f-8513-1bd661aba286","createTime":"2025-08-07T13:16:05.983290Z","updateTime":"2025-10-01T21:18:36.380926Z"}]}
[debug] [2025-10-01T21:22:10.025Z] Checked if tokens are valid: true, expires at: 1759356586532
[debug] [2025-10-01T21:22:10.025Z] Checked if tokens are valid: true, expires at: 1759356586532
[debug] [2025-10-01T21:22:10.025Z] >>> [apiv2][query] GET https://firebaserules.googleapis.com/v1/projects/end-of-time-94cd3/rulesets/68474669-bfd1-460f-8513-1bd661aba286 [none]
[debug] [2025-10-01T21:22:10.807Z] <<< [apiv2][status] GET https://firebaserules.googleapis.com/v1/projects/end-of-time-94cd3/rulesets/68474669-bfd1-460f-8513-1bd661aba286 200
[debug] [2025-10-01T21:22:10.807Z] <<< [apiv2][body] GET https://firebaserules.googleapis.com/v1/projects/end-of-time-94cd3/rulesets/68474669-bfd1-460f-8513-1bd661aba286 [omitted]
[info] i  firestore: latest version of firestore-rules.txt already up to date, skipping upload... 
[debug] [2025-10-01T21:22:10.809Z] Checked if tokens are valid: true, expires at: 1759356586532
[debug] [2025-10-01T21:22:10.809Z] Checked if tokens are valid: true, expires at: 1759356586532
[debug] [2025-10-01T21:22:10.809Z] Checked if tokens are valid: true, expires at: 1759356586532
[debug] [2025-10-01T21:22:10.809Z] Checked if tokens are valid: true, expires at: 1759356586532
[debug] [2025-10-01T21:22:10.809Z] >>> [apiv2][query] POST https://cloudfunctions.googleapis.com/v1/projects/end-of-time-94cd3/locations/us-central1/functions:generateUploadUrl [none]
[debug] [2025-10-01T21:22:10.809Z] >>> [apiv2][body] POST https://cloudfunctions.googleapis.com/v1/projects/end-of-time-94cd3/locations/us-central1/functions:generateUploadUrl {}
[debug] [2025-10-01T21:22:10.810Z] >>> [apiv2][query] POST https://cloudfunctions.googleapis.com/v2/projects/end-of-time-94cd3/locations/us-central1/functions:generateUploadUrl [none]
[debug] [2025-10-01T21:22:11.921Z] <<< [apiv2][status] POST https://cloudfunctions.googleapis.com/v1/projects/end-of-time-94cd3/locations/us-central1/functions:generateUploadUrl 200
[debug] [2025-10-01T21:22:11.921Z] <<< [apiv2][body] POST https://cloudfunctions.googleapis.com/v1/projects/end-of-time-94cd3/locations/us-central1/functions:generateUploadUrl {"uploadUrl":"https://storage.googleapis.com/uploads-942337535895.us-central1.cloudfunctions.appspot.com/5541ae01-fd35-45f1-9253-1cedd1e762fc.zip?GoogleAccessId=service-628602476853@gcf-admin-robot.iam.gserviceaccount.com&Expires=1759355529&Signature=laz4RMUESLevVe3IcpMvnKcBiRt4uJs7JwlqFJTMLP43mz0u9%2FrenWWXmR%2Bwer9Ac9mVzrTgqwMxFiutirdu1%2FWDWUj9oLmyanFezjTJboudfWfwwMwAHr%2BYVOqm%2FFNeNMvTrYl7v%2FWP%2FgftTkoR3KqJhZI3ugwqdLSfzBv7UFMAPmugxd1HkKw1oNbPKGccTvR5WKyGV4u4z5cXatxJ3hsPauzZ0xCR9WI84sWgYC%2FxJ%2FCA4SkB1MXLIK5rnxRul4XMBMu9Ou9JUvpPWTeK%2FWxD5bJwMSaAo6QfY%2F4Eqh4UUAtwygk%2FqMqXRnC%2BoaqCn5QCbprOLzt6XtMdaJKzng%3D%3D"}
[debug] [2025-10-01T21:22:11.921Z] >>> [apiv2][query] PUT https://storage.googleapis.com/uploads-942337535895.us-central1.cloudfunctions.appspot.com/5541ae01-fd35-45f1-9253-1cedd1e762fc.zip GoogleAccessId=service-628602476853%40gcf-admin-robot.iam.gserviceaccount.com&Expires=1759355529&Signature=laz4RMUESLevVe3IcpMvnKcBiRt4uJs7JwlqFJTMLP43mz0u9%2FrenWWXmR%2Bwer9Ac9mVzrTgqwMxFiutirdu1%2FWDWUj9oLmyanFezjTJboudfWfwwMwAHr%2BYVOqm%2FFNeNMvTrYl7v%2FWP%2FgftTkoR3KqJhZI3ugwqdLSfzBv7UFMAPmugxd1HkKw1oNbPKGccTvR5WKyGV4u4z5cXatxJ3hsPauzZ0xCR9WI84sWgYC%2FxJ%2FCA4SkB1MXLIK5rnxRul4XMBMu9Ou9JUvpPWTeK%2FWxD5bJwMSaAo6QfY%2F4Eqh4UUAtwygk%2FqMqXRnC%2BoaqCn5QCbprOLzt6XtMdaJKzng%3D%3D
[debug] [2025-10-01T21:22:11.921Z] >>> [apiv2][body] PUT https://storage.googleapis.com/uploads-942337535895.us-central1.cloudfunctions.appspot.com/5541ae01-fd35-45f1-9253-1cedd1e762fc.zip [stream]
[debug] [2025-10-01T21:22:12.090Z] <<< [apiv2][status] POST https://cloudfunctions.googleapis.com/v2/projects/end-of-time-94cd3/locations/us-central1/functions:generateUploadUrl 200
[debug] [2025-10-01T21:22:12.090Z] <<< [apiv2][body] POST https://cloudfunctions.googleapis.com/v2/projects/end-of-time-94cd3/locations/us-central1/functions:generateUploadUrl {"uploadUrl":"https://storage.googleapis.com/gcf-v2-uploads-628602476853.us-central1.cloudfunctions.appspot.com/38fbb93b-af02-4a0b-ab44-9875e24c7fcf.zip?GoogleAccessId=service-628602476853@gcf-admin-robot.iam.gserviceaccount.com&Expires=1759355529&Signature=kBcQn2pjfI1WSJVUyCqc12GT%2Faf5xPPKhrbEQBQUHFQGEFk6dMuNFiTk64Vh3RtcGna3LLNG%2BmdAFN3LBDzAJUu2dIy0kvm6dT80QNxt2Qnkxo5Zhsf25qio3t4Ez%2BVyduajsbNR0C%2FJ%2B%2ByvvQfLPizFjYPZvpWru61Lze%2B0uPCAYnHuDAuRd2wl%2F1SlyYZKxGZYHqrO3GgbNaRAxLAfNus48Ge11Zj6zxjXAY9REEq%2BsX0B6cOzD6J5J36zXE%2FnVbMkzZJqmfqCQ0K4JyHAYxCUT4NGuWJangHVA2ZFA0QlOg1hCtWkG7cmiriZGpgxYkLl%2BnLVgnL1mOBMxKLVRA%3D%3D","storageSource":{"bucket":"gcf-v2-uploads-628602476853.us-central1.cloudfunctions.appspot.com","object":"38fbb93b-af02-4a0b-ab44-9875e24c7fcf.zip"}}
[debug] [2025-10-01T21:22:12.090Z] >>> [apiv2][query] PUT https://storage.googleapis.com/gcf-v2-uploads-628602476853.us-central1.cloudfunctions.appspot.com/38fbb93b-af02-4a0b-ab44-9875e24c7fcf.zip GoogleAccessId=service-628602476853%40gcf-admin-robot.iam.gserviceaccount.com&Expires=1759355529&Signature=kBcQn2pjfI1WSJVUyCqc12GT%2Faf5xPPKhrbEQBQUHFQGEFk6dMuNFiTk64Vh3RtcGna3LLNG%2BmdAFN3LBDzAJUu2dIy0kvm6dT80QNxt2Qnkxo5Zhsf25qio3t4Ez%2BVyduajsbNR0C%2FJ%2B%2ByvvQfLPizFjYPZvpWru61Lze%2B0uPCAYnHuDAuRd2wl%2F1SlyYZKxGZYHqrO3GgbNaRAxLAfNus48Ge11Zj6zxjXAY9REEq%2BsX0B6cOzD6J5J36zXE%2FnVbMkzZJqmfqCQ0K4JyHAYxCUT4NGuWJangHVA2ZFA0QlOg1hCtWkG7cmiriZGpgxYkLl%2BnLVgnL1mOBMxKLVRA%3D%3D
[debug] [2025-10-01T21:22:12.091Z] >>> [apiv2][body] PUT https://storage.googleapis.com/gcf-v2-uploads-628602476853.us-central1.cloudfunctions.appspot.com/38fbb93b-af02-4a0b-ab44-9875e24c7fcf.zip [stream]
[debug] [2025-10-01T21:22:12.798Z] <<< [apiv2][status] PUT https://storage.googleapis.com/uploads-942337535895.us-central1.cloudfunctions.appspot.com/5541ae01-fd35-45f1-9253-1cedd1e762fc.zip 200
[debug] [2025-10-01T21:22:12.798Z] <<< [apiv2][body] PUT https://storage.googleapis.com/uploads-942337535895.us-central1.cloudfunctions.appspot.com/5541ae01-fd35-45f1-9253-1cedd1e762fc.zip [omitted]
[debug] [2025-10-01T21:22:12.999Z] <<< [apiv2][status] PUT https://storage.googleapis.com/gcf-v2-uploads-628602476853.us-central1.cloudfunctions.appspot.com/38fbb93b-af02-4a0b-ab44-9875e24c7fcf.zip 200
[debug] [2025-10-01T21:22:13.000Z] <<< [apiv2][body] PUT https://storage.googleapis.com/gcf-v2-uploads-628602476853.us-central1.cloudfunctions.appspot.com/38fbb93b-af02-4a0b-ab44-9875e24c7fcf.zip [omitted]
[info] +  functions: functions folder uploaded successfully 
[info] i  hosting[end-of-time-94cd3]: beginning deploy... 
[info] i  hosting[end-of-time-94cd3]: found 99 files in . 
[debug] [2025-10-01T21:22:13.017Z] [hosting] uploading with 200 concurrency
[debug] [2025-10-01T21:22:13.026Z] Checked if tokens are valid: true, expires at: 1759356586532
[debug] [2025-10-01T21:22:13.026Z] Checked if tokens are valid: true, expires at: 1759356586532
[debug] [2025-10-01T21:22:13.027Z] [hosting] hash cache [] stored for 99 files
[debug] [2025-10-01T21:22:13.027Z] [hosting][hash queue][FINAL] {"max":4,"min":0,"avg":1.0515488027384015,"active":0,"complete":99,"success":99,"errored":0,"retried":0,"total":99,"elapsed":10}
[debug] [2025-10-01T21:22:13.027Z] >>> [apiv2][query] POST https://firebasehosting.googleapis.com/v1beta1/projects/628602476853/sites/end-of-time-94cd3/versions/0d8f5cd719390a5c:populateFiles [none]
[debug] [2025-10-01T21:22:13.027Z] >>> [apiv2][body] POST https://firebasehosting.googleapis.com/v1beta1/projects/628602476853/sites/end-of-time-94cd3/versions/0d8f5cd719390a5c:populateFiles {"files":{"/WRONG BUZZER 7.wav":"67486f7092540787e54d72b6a2f03e2cf7b7d2a3546f620a6cb7b4e04870d5cc","/Transition.wav":"2237f334e8f5e8bcb3521282d8ab392488b15fee94584b5df7f8933d8bf5512e","/Transition 2.wav":"c1056a8ec267bf1eeccb9f82fcd79bec2c4871de631a2ad0a8aa50f13f1a544b","/ticking_time.wav":"bc86335ca68258da8f73e6fee157556d04731807d16b7f9fc4909cf1e5bbe4a0","/styles.css.backup":"b9afea2d8bf68b3b36c96ce228dfcdd393b744d706bcfd9faadf17c9d1a83e74","/styles.css":"e0997249d2632f51d6ca75b9f49eae3f765d8f0b11119d6adfadcc13686b4ed4","/soundtrack 5.mp3":"2cdcb0310e02965e7c65a16affcc9b160911a1210814e94aefdc325a8fc06485","/soundtrack 4.mp3":"1ee41ab08cccdfc0cf777e58d8df14ae732e1da98d268b1f7026a4ed1bd65f5d","/soundtrack 3.mp3":"965c94818077a858e2f9545b2260a22dcff70a493dfb73ecf163ead33478682b","/soundtrack 2.mp3":"beef4ab3084dedd80bb37a319903f9c5efb83d6d109f1bc7675b348f335baf7b","/soundtrack 1.mp3":"64579bc035754e19c8dfae9d20610105080735f799cfa7a3b8d8b32a21b2ec46","/service-worker.js":"38bf1de714104665c4482e6544e12ed65ffa366acc47a794234fc3ad112fba35","/Semi Impact Risers-001.wav":"959311d4aaca0d1332069c1bea33cec2e19702bfc50256c9e4521c7fcbc0cef1","/script.js.backup":"fc8b7c30db23c2e5b600682b36050e906b49b4e0666a22d70b3850b3766e4615","/script.js":"311f1ee35bcae58764a2740fad6b7177adef3172495f2485aee2e5e6410e379f","/Qwen_html_20250810_ttxf0530d.html":"94a5b335039df65a253c26ea84d299c59beef32e0aa849b0bfe24e72bfa83664","/Qwen_html_20220210_ttxf0530d_functions.md":"bcb5d7e752877ab7993f2d8cafb663b308e35fda109dc8f365c75bee5eb2c4bf","/questions.js":"69811adb9b7f45200cb460160bbf662f634af34dc1864ed39c48de58b126de24","/questions-level7.js":"7df7797abe6f31bf558a9a40e8b5f4b472a2d4c45838e2cb6720bd269f2ac240","/questions-level6.js":"5c50cbb6d8917f42b31055e04d498e91d7f28fc883e78d84c5c987ba90f6d166","/questions-level5.js":"39d16c84d78fda012a6faaf4606aa458c1861d94b3b125bfbf0042d631d7cf7c","/questions-level4.js":"b86926d5c127b34c9610b8b580cdb010a2264fb41a380424d23ad411d6746462","/questions-level3.js":"5935c1ecf4ba46ff9afed08c28a9c2c13d502448ae06277afdc26d76df5698f3","/questions-level2.js":"da815a406af0f8c8809ffc2a9a83f5c5e949933a795960d966d7da8bf274cc5f","/questions-level1.js":"ad7d92d89849762c6b6e69f502a761d5b8fbbdeb4d79a5732d9b7f278e8f52b8","/prayer-styles.css":"5149103701b314af3568625fc9256ee3e8af63f397fb44df03cbe4b6bbe89f06","/prayer-dark-theme.css":"18c047c84be1c0084ed844e89040274032f36ebe785c28942a44bf3cacfef1c4","/package.json":"6ad67fe659cc2c63111a1aad1f43e5e88807ed590fb3dedd75cba2d8e0329404","/package-lock.json":"9838b390174601ad6a91169950598b5d8cb531c13bf1a47ba280a9d2be9df510","/network-diagnostics.html":"0f1888671616489e7173cb3f9bfecd7202d72abd79f6052c4d0d3d1c4d478530","/Motionarray_Floraphonic_Gameshow_Buzzer_1.wav":"0e9447856a2b6ed52724165243ff5a9e5896bfec28427edd83040d507ffdae31","/Montserrat-Regular.ttf":"47a08e0557ac247e06ee9cada7f05a4642bd8d0cb167570b9012b0288f3ab4d5","/Montserrat-Light.ttf":"a4d4430519350b6208ed832da8108106da0cd2630f09fd1cd4a626ff6685ed7b","/Montserrat-BoldItalic.ttf":"fbe96cb3090b91cd7d4c098c4f1f27af2779f12ca75bf28daa34fca09586478a","/menu.html":"e5ff11ae7d9774747987700282bddd7db1eed143c8dc1f5233b41cd42cb565a9","/menu-styles.css":"26cbcd2ad27c48e067c5e5e5270817573c57caf1de17281dcbad4def910d97ec","/menu-dark-theme.css":"7498f3f3fa8354f5d63ac28aa4cca486b846694cc3a31ec3db7122205389c300","/manifest.json":"e9ee22f098a7aaa749971dd385bd2ea0dc9990dddbe1b2b517ec519c7c703808","/index.html.backup":"da6a6ad80db17b1f2e01bb4b82693b97adb4d039bbd244e2a3cf7041de758e50","/index.html":"77164e6863a288326b005f51f5be7ff371b1572e424cf98010f86483f000975e","/Incorrect 9.wav":"a9f53e0c70f59aa438460b222b305d36f8e573234a517f4a0e5b3405eed4174e","/Incorrect 8.wav":"9a8bf389a7b93ababc7ac3fd48ad5a58bd662f176044f8ae7cc08c90b42ca619","/Incorrect 7.wav":"a398be6c0afdbcba8b1d0af73bdfdc7842420a472260536cb18ba40d465fe3ab","/Incorrect 6.wav":"da03307e3e468cc85f162878ebc303d905c124b16d590396b6c31f1c1bd7564b","/Incorrect 5.wav":"4e23b25107b8cfdea0854488f72fdcdcbca5c6ff417a853273f0ea16a5fed786","/Incorrect 4.wav":"31a91db231ba02b9dd6c22c45c1b13affe57ea8e3079463a1560365ad6fc610d","/Incorrect 3.wav":"9dbfd45976c694cb6c1c0905a616b1ec8019d61a8906121428471136160ec1d9","/Incorrect 2.wav":"dd5d3358999a8ceaf079b9d711f5a7036ff9bd4261a50879977cb4fc3c5ce7ce","/Incorrect 10.wav":"efd38580dff06407e8e7908c1d30a8c25de91571dc899d51523a24b4d388a094","/Incorrect 1.wav":"c09711bc975650133a13f029a1259e10c308b45592fea0fcf5b4c4e4d5b6a917","/icon-512.png.png":"ff552cd49e545c12de258a61c9aeae91586b7284bc62d1dc458506559e9fc82a","/icon-512.png":"67bc4e55b5124047d16624fd2961c2dd221d609752bc9958295ec5d6ffe3b067","/icon-192.png.png":"5d4a0047663647f338b9d18a1a5f5e73713f6309e9e17a7e369f01e55d6fac83","/icon-192.png":"67bc4e55b5124047d16624fd2961c2dd221d609752bc9958295ec5d6ffe3b067","/firestore.indexes.json":"2ebb5733aa5f724393a8893b05f4dba6cf6950eb7bc2f7b661312e28e5e907bc","/firestore-rules.txt":"86b0d03f6a00fcdd3d8520645c100296613735595b24f81a9a1df335c5ef290f","/FIREBASE_VERIFICATION_SUMMARY.md":"0c134daf52702ad0285e54d9233e46e71b2b5878f016fba15b99a5b97feb4d48","/FIREBASE_SETUP.md":"cebe074304b3c38fb5264530391344cc40764291d11a54183522e8efd2e5f377","/FIREBASE_CHECKLIST.md":"c1ed4835e59f5a664ee5cf2231995322bd66e10900abe24ff5bedd3b4f45f85d","/firebase-validator.html":"89bef7dbfb1291e9438272abff52cdc35385b8a7dc5abae064de638c04a5e5a7","/firebase-test.html":"7ca205a7912d905677f2b78ac7197406874a237c85f0df1a3efe03f5be18034e","/firebase-messaging-sw.js":"8804e9627fc4875070a872b269d7ff89d68b767faa69b1427708f81e837cc48c","/firebase-config.js":"2246b82eb814a20b4c4dab9b68997eeb58c7f11d797c1e624335ba3e03627597","/Fear God.png":"ff0edaa0bafb9afe5b8ab6b8fd7577f7f55fa934737486c41d44c80c95e7e06a","/favicon.ico":"67bc4e55b5124047d16624fd2961c2dd221d609752bc9958295ec5d6ffe3b067","/explanations.js":"46b50c321b39e89a491b6727a01628c34245605a30beb3e7414c5e01cff90e6e","/End of Time Icon.png":"67bc4e55b5124047d16624fd2961c2dd221d609752bc9958295ec5d6ffe3b067","/dark-theme.css":"19ff7b28a6e97fa81b3b45a1a8dd2dc1d4a877b64f4db5ba7c41d7ebebfd7949","/correct_answer_2.wav":"9b9cc7656fd2dbca0e836a03586f1396db7d9193e825ef00b00c9f1711cbd773","/correct_answer_1.wav":"2fd00b90490fcfc1c1c6f537566bb8192140bff3b682ea50b330938c6704a5c7","/Correct 9.wav":"eb508cb4204fdaec6cf512c57217268812be6fe2f69f9509f7f3846710b6d1f4","/Correct 8.wav":"d8b4b5fbffc52fe4b6830ad27ef77e2b8196b7cbca69f760ad96126ca788f088","/Correct 7.wav":"cd5a1e663d793619786cd25652c67ff4dd5a49c8478ff5e6e9f4ea86b657fa9e","/Correct 6.wav":"623bc7af26994feb591cb83693192ac16ae38184e17fb42cfda52712cfbecfe5","/Correct 5.wav":"a18a2deb80534d680334fa385c4ff40caae1092a4af6034a4fedc50ac6965108","/Correct 4.wav":"01298a72edcbb4d519bf05dbeebe3aa8a0e7af42bb77dc954e3107c49afcc143","/Correct 3.wav":"f897aa430145f697dd56a72506cde4c15b5635a6bbac8262054a4be60e927fdc","/Correct 2.wav":"660d441808b5c88cc9aaad540d8651a990d2a0bf1fe0c77701621596f35e78c3","/Correct 10.wav":"828d5ca9e3921cfa197b7d45f609ab72933ad840859696d874759fb3c275772d","/Correct 1.wav":"96c45268e2e00fad2fcfa1f5f9fcde1cf9a002dbd6a0c4965b0d9758fa0ac9a0","/background.mp4":"9ba3c84cac5931f193b1fe043a3990b004a939a76300723c238e890a6677c481","/background 7.mp4":"afd9560337e923dd91bd10af60498842791ee584bdd3703c0fbd69350a59d9b5","/background 6.mp4":"324c741d93bc32608b64ad51a49e0a2fbd44fd5f72de5d6e125c7bd85bcac228","/background 5.mp4":"2a1e2eef9189c55cb6d95b733ff95a56ba5324a59e4a0155aec22b4320f4914b","/background 3.mp4":"dc4a68d279200b9a60e7f2f362299ba54f60705b35cea2c69712f738286d4653","/background 2.mp4":"9d6662167b3c1c58dd68ad24142ac7d76024ce607b8e7c5d85f9dd7525deb6a9","/background 1.mp4":"a4a77111d58433c30cb2ce403ff4d5fa3855c4e2c8e586b3b25bc3cf62153450","/audio-manager.js":"5ad212cd8a4c7c11c0d44e5c9a626890dad5bb5d36037bcfe35d9773e8840119","/public/index.html":"ad79476ba6e4a2cb4a8f99e19bd004f6dfbe4d695209f30e80bf2818535b8a79","/public/firebase-messaging-sw.js":"7c86940c3ea0b6f726eea52de044bf16aebc6c0618e8e0429eefe2ebc8c07e43","/functions/tsconfig.json":"19541ba5834da151b932a1490482ee1ec7ea3d36f9a364b4b2663b61c08bb4c8","/functions/package.json":"5b58bea224841b44a467365e03a672dd3ac17c8d692951d55a8db6481e6e9fa3","/functions/package-lock.json":"de44b878b02bf9bd5b3549912906f7634eb3aa73bd6550c47c379beb8b0e2e6e","/functions/index.ts":"24e5205b317f7243aebaf269ae40716ed85e1297ca6552260e0ae507c5f71be9","/functions/index.js":"b45e8cfdef813fc661d1febc4a668699dcbad49c65de1d8a6629420b43f809f1","/functions/lib/index.js":"e1d2beac4dff3f2c49f1e68aa55833184902c29c656f6882a2387344ec7c7326","/.github/workflows/firebase-hosting-pull-request.yml":"26a08f2452aab0bbfa4871242d349c2841e0bfcafd2cc2b3d5935fb1a6fb86f8","/.github/workflows/firebase-hosting-merge.yml":"161c99c36b7ada6342f98b4d61161a9c63aed4ceddf1f318c00b4d6f78b4a739","/.claude/settings.local.json":"e0d47c03d61b2b0d946902399c4d7574f78040a423fda5eeb59b31bbdacd05ba"}}
[debug] [2025-10-01T21:22:13.511Z] <<< [apiv2][status] POST https://firebasehosting.googleapis.com/v1beta1/projects/628602476853/sites/end-of-time-94cd3/versions/0d8f5cd719390a5c:populateFiles 200
[debug] [2025-10-01T21:22:13.511Z] <<< [apiv2][body] POST https://firebasehosting.googleapis.com/v1beta1/projects/628602476853/sites/end-of-time-94cd3/versions/0d8f5cd719390a5c:populateFiles {"uploadUrl":"https://upload-firebasehosting.googleapis.com/upload/sites/end-of-time-94cd3/versions/0d8f5cd719390a5c/files"}
[debug] [2025-10-01T21:22:13.511Z] [hosting][populate queue][FINAL] {"max":485,"min":485,"avg":485,"active":0,"complete":1,"success":1,"errored":0,"retried":0,"total":1,"elapsed":485}
[debug] [2025-10-01T21:22:13.511Z] [hosting] uploads queued: 0
[debug] [2025-10-01T21:22:13.511Z] [hosting][upload queue][FINAL] {"max":0,"min":9999999999,"avg":0,"active":0,"complete":0,"success":0,"errored":0,"retried":0,"total":0,"elapsed":1759353733511}
[info] i  hosting: upload complete 
[info] +  hosting[end-of-time-94cd3]: file upload complete 
[debug] [2025-10-01T21:22:13.512Z] [hosting] deploy completed after 511ms
[debug] [2025-10-01T21:22:13.512Z] [rules] releasing cloud.firestore/(default) with ruleset projects/end-of-time-94cd3/rulesets/68474669-bfd1-460f-8513-1bd661aba286
[debug] [2025-10-01T21:22:13.512Z] Checked if tokens are valid: true, expires at: 1759356586532
[debug] [2025-10-01T21:22:13.512Z] Checked if tokens are valid: true, expires at: 1759356586532
[debug] [2025-10-01T21:22:13.512Z] >>> [apiv2][query] PATCH https://firebaserules.googleapis.com/v1/projects/end-of-time-94cd3/releases/cloud.firestore/(default) [none]
[debug] [2025-10-01T21:22:13.512Z] >>> [apiv2][body] PATCH https://firebaserules.googleapis.com/v1/projects/end-of-time-94cd3/releases/cloud.firestore/(default) {"release":{"name":"projects/end-of-time-94cd3/releases/cloud.firestore/(default)","rulesetName":"projects/end-of-time-94cd3/rulesets/68474669-bfd1-460f-8513-1bd661aba286"}}
[debug] [2025-10-01T21:22:14.490Z] <<< [apiv2][status] PATCH https://firebaserules.googleapis.com/v1/projects/end-of-time-94cd3/releases/cloud.firestore/(default) 200
[debug] [2025-10-01T21:22:14.490Z] <<< [apiv2][body] PATCH https://firebaserules.googleapis.com/v1/projects/end-of-time-94cd3/releases/cloud.firestore/(default) {"name":"projects/end-of-time-94cd3/releases/cloud.firestore","rulesetName":"projects/end-of-time-94cd3/rulesets/68474669-bfd1-460f-8513-1bd661aba286","createTime":"2025-08-07T13:16:05.983290Z","updateTime":"2025-10-01T21:22:11.961632Z"}
[debug] [2025-10-01T21:22:14.490Z] [rules] updated release projects/end-of-time-94cd3/releases/cloud.firestore
[info] +  firestore: released rules firestore-rules.txt to cloud.firestore 
[info] i  functions: Skipping the deploy of unchanged functions. 
[info] i  functions: creating Node.js 18 (2nd Gen) function onInteractionCreate(us-central1)... 
[info] +  functions[sendEmailNotification(us-central1)] Skipped (No changes detected) 
[debug] [2025-10-01T21:22:14.493Z] Checked if tokens are valid: true, expires at: 1759356586532
[debug] [2025-10-01T21:22:14.493Z] Checked if tokens are valid: true, expires at: 1759356586532
[debug] [2025-10-01T21:22:14.493Z] >>> [apiv2][query] POST https://cloudfunctions.googleapis.com/v2/projects/end-of-time-94cd3/locations/us-central1/functions functionId=onInteractionCreate
[debug] [2025-10-01T21:22:14.493Z] >>> [apiv2][body] POST https://cloudfunctions.googleapis.com/v2/projects/end-of-time-94cd3/locations/us-central1/functions {"name":"projects/end-of-time-94cd3/locations/us-central1/functions/onInteractionCreate","buildConfig":{"runtime":"nodejs18","entryPoint":"onInteractionCreate","source":{"storageSource":{"bucket":"gcf-v2-uploads-628602476853.us-central1.cloudfunctions.appspot.com","object":"38fbb93b-af02-4a0b-ab44-9875e24c7fcf.zip"}},"environmentVariables":{"GOOGLE_NODE_RUN_SCRIPTS":""}},"serviceConfig":{"environmentVariables":{"FIREBASE_CONFIG":"{\"projectId\":\"end-of-time-94cd3\",\"storageBucket\":\"end-of-time-94cd3.firebasestorage.app\"}","GCLOUD_PROJECT":"end-of-time-94cd3","EVENTARC_CLOUD_EVENT_SOURCE":"projects/end-of-time-94cd3/locations/us-central1/services/onInteractionCreate","FUNCTION_SIGNATURE_TYPE":"cloudevent","FUNCTION_TARGET":"onInteractionCreate","LOG_EXECUTION_ID":"true"},"ingressSettings":null,"timeoutSeconds":null,"serviceAccountEmail":null,"availableMemory":"256Mi","minInstanceCount":null,"maxInstanceCount":null,"maxInstanceRequestConcurrency":80,"availableCpu":"1","vpcConnector":null,"vpcConnectorEgressSettings":null},"labels":{"deployment-tool":"cli-firebase","firebase-functions-hash":"76991da653c0df60e123106c1d99cae146712f90"},"eventTrigger":{"eventType":"google.cloud.firestore.document.v1.created","retryPolicy":"RETRY_POLICY_DO_NOT_RETRY","eventFilters":[{"attribute":"database","value":"(default)"},{"attribute":"namespace","value":"(default)"},{"attribute":"document","value":"prayers/{prayerId}/interactions/{interactionId}","operator":"match-path-pattern"}],"triggerRegion":"africa-south1"}}
[debug] [2025-10-01T21:22:17.040Z] <<< [apiv2][status] POST https://cloudfunctions.googleapis.com/v2/projects/end-of-time-94cd3/locations/us-central1/functions 200
[debug] [2025-10-01T21:22:17.040Z] <<< [apiv2][body] POST https://cloudfunctions.googleapis.com/v2/projects/end-of-time-94cd3/locations/us-central1/functions {"name":"projects/end-of-time-94cd3/locations/us-central1/operations/operation-1759353732845-6401f7647d19a-bcaf0db4-7b5f2bca","metadata":{"@type":"type.googleapis.com/google.cloud.functions.v2.OperationMetadata","createTime":"2025-10-01T21:22:14.512664225Z","target":"projects/end-of-time-94cd3/locations/us-central1/functions/onInteractionCreate","verb":"create","cancelRequested":false,"apiVersion":"v2"},"done":false}
[debug] [2025-10-01T21:22:17.040Z] Checked if tokens are valid: true, expires at: 1759356586532
[debug] [2025-10-01T21:22:17.040Z] Checked if tokens are valid: true, expires at: 1759356586532
[debug] [2025-10-01T21:22:17.040Z] >>> [apiv2][query] GET https://cloudfunctions.googleapis.com/v2/projects/end-of-time-94cd3/locations/us-central1/operations/operation-1759353732845-6401f7647d19a-bcaf0db4-7b5f2bca [none]
[debug] [2025-10-01T21:22:17.885Z] <<< [apiv2][status] GET https://cloudfunctions.googleapis.com/v2/projects/end-of-time-94cd3/locations/us-central1/operations/operation-1759353732845-6401f7647d19a-bcaf0db4-7b5f2bca 200
[debug] [2025-10-01T21:22:17.885Z] <<< [apiv2][body] GET https://cloudfunctions.googleapis.com/v2/projects/end-of-time-94cd3/locations/us-central1/operations/operation-1759353732845-6401f7647d19a-bcaf0db4-7b5f2bca {"name":"projects/end-of-time-94cd3/locations/us-central1/operations/operation-1759353732845-6401f7647d19a-bcaf0db4-7b5f2bca","metadata":{"@type":"type.googleapis.com/google.cloud.functions.v2.OperationMetadata","createTime":"2025-10-01T21:22:14.512664225Z","target":"projects/end-of-time-94cd3/locations/us-central1/functions/onInteractionCreate","verb":"create","cancelRequested":false,"apiVersion":"v2","requestResource":{"@type":"type.googleapis.com/google.cloud.functions.v2.Function","name":"projects/end-of-time-94cd3/locations/us-central1/functions/onInteractionCreate","buildConfig":{"runtime":"nodejs18","entryPoint":"onInteractionCreate","source":{"storageSource":{"bucket":"gcf-v2-sources-628602476853-us-central1","object":"onInteractionCreate/function-source.zip","generation":"1759353733106012"}},"environmentVariables":{"GOOGLE_NODE_RUN_SCRIPTS":""},"serviceAccount":"projects/end-of-time-94cd3/serviceAccounts/628602476853-compute@developer.gserviceaccount.com","automaticUpdatePolicy":{}},"serviceConfig":{"service":"projects/end-of-time-94cd3/locations/us-central1/services/oninteractioncreate","timeoutSeconds":60,"environmentVariables":{"FIREBASE_CONFIG":"{\"projectId\":\"end-of-time-94cd3\",\"storageBucket\":\"end-of-time-94cd3.firebasestorage.app\"}","GCLOUD_PROJECT":"end-of-time-94cd3","EVENTARC_CLOUD_EVENT_SOURCE":"projects/end-of-time-94cd3/locations/us-central1/services/onInteractionCreate","FUNCTION_SIGNATURE_TYPE":"cloudevent","FUNCTION_TARGET":"onInteractionCreate","LOG_EXECUTION_ID":"true"},"ingressSettings":"ALLOW_ALL","serviceAccountEmail":"628602476853-compute@developer.gserviceaccount.com","availableMemory":"256Mi","maxInstanceRequestConcurrency":80,"availableCpu":"1"},"eventTrigger":{"trigger":"projects/end-of-time-94cd3/locations/africa-south1/triggers/oninteractioncreate-524250","triggerRegion":"africa-south1","eventType":"google.cloud.firestore.document.v1.created","eventFilters":[{"attribute":"database","value":"(default)"},{"attribute":"namespace","value":"(default)"},{"attribute":"document","value":"prayers/{prayerId}/interactions/{interactionId}","operator":"match-path-pattern"}],"serviceAccountEmail":"628602476853-compute@developer.gserviceaccount.com","retryPolicy":"RETRY_POLICY_DO_NOT_RETRY"},"labels":{"deployment-tool":"cli-firebase","firebase-functions-hash":"76991da653c0df60e123106c1d99cae146712f90"},"environment":"GEN_2"},"stages":[{"name":"BUILD","state":"NOT_STARTED","stateMessages":[{"severity":"WARNING","type":"BuildAnalysisWarning","message":"Node.js 18 is no longer supported by the Node.js community as of 30 April, 2025. Node.js 18 will be decommissioned on 2025-10-30. As of 2025-10-30 you will no longer be able to deploy your Cloud Functions using nodejs18. We recommend you to upgrade to the latest version of Node.js as soon as possible."}]},{"name":"SERVICE","state":"NOT_STARTED"},{"name":"TRIGGER","state":"NOT_STARTED"}],"operationType":"CREATE_FUNCTION"},"done":false}
[debug] [2025-10-01T21:22:18.398Z] [create-default-us-central1-onInteractionCreate] Retrying task index 0
[debug] [2025-10-01T21:22:18.398Z] Checked if tokens are valid: true, expires at: 1759356586532
[debug] [2025-10-01T21:22:18.398Z] Checked if tokens are valid: true, expires at: 1759356586532
[debug] [2025-10-01T21:22:18.398Z] >>> [apiv2][query] GET https://cloudfunctions.googleapis.com/v2/projects/end-of-time-94cd3/locations/us-central1/operations/operation-1759353732845-6401f7647d19a-bcaf0db4-7b5f2bca [none]
[debug] [2025-10-01T21:22:19.243Z] <<< [apiv2][status] GET https://cloudfunctions.googleapis.com/v2/projects/end-of-time-94cd3/locations/us-central1/operations/operation-1759353732845-6401f7647d19a-bcaf0db4-7b5f2bca 200
[debug] [2025-10-01T21:22:19.244Z] <<< [apiv2][body] GET https://cloudfunctions.googleapis.com/v2/projects/end-of-time-94cd3/locations/us-central1/operations/operation-1759353732845-6401f7647d19a-bcaf0db4-7b5f2bca {"name":"projects/end-of-time-94cd3/locations/us-central1/operations/operation-1759353732845-6401f7647d19a-bcaf0db4-7b5f2bca","metadata":{"@type":"type.googleapis.com/google.cloud.functions.v2.OperationMetadata","createTime":"2025-10-01T21:22:14.512664225Z","target":"projects/end-of-time-94cd3/locations/us-central1/functions/onInteractionCreate","verb":"create","cancelRequested":false,"apiVersion":"v2","requestResource":{"@type":"type.googleapis.com/google.cloud.functions.v2.Function","name":"projects/end-of-time-94cd3/locations/us-central1/functions/onInteractionCreate","buildConfig":{"runtime":"nodejs18","entryPoint":"onInteractionCreate","source":{"storageSource":{"bucket":"gcf-v2-sources-628602476853-us-central1","object":"onInteractionCreate/function-source.zip","generation":"1759353733106012"}},"environmentVariables":{"GOOGLE_NODE_RUN_SCRIPTS":""},"serviceAccount":"projects/end-of-time-94cd3/serviceAccounts/628602476853-compute@developer.gserviceaccount.com","automaticUpdatePolicy":{}},"serviceConfig":{"service":"projects/end-of-time-94cd3/locations/us-central1/services/oninteractioncreate","timeoutSeconds":60,"environmentVariables":{"FIREBASE_CONFIG":"{\"projectId\":\"end-of-time-94cd3\",\"storageBucket\":\"end-of-time-94cd3.firebasestorage.app\"}","GCLOUD_PROJECT":"end-of-time-94cd3","EVENTARC_CLOUD_EVENT_SOURCE":"projects/end-of-time-94cd3/locations/us-central1/services/onInteractionCreate","FUNCTION_SIGNATURE_TYPE":"cloudevent","FUNCTION_TARGET":"onInteractionCreate","LOG_EXECUTION_ID":"true"},"ingressSettings":"ALLOW_ALL","serviceAccountEmail":"628602476853-compute@developer.gserviceaccount.com","availableMemory":"256Mi","maxInstanceRequestConcurrency":80,"availableCpu":"1"},"eventTrigger":{"trigger":"projects/end-of-time-94cd3/locations/africa-south1/triggers/oninteractioncreate-524250","triggerRegion":"africa-south1","eventType":"google.cloud.firestore.document.v1.created","eventFilters":[{"attribute":"database","value":"(default)"},{"attribute":"namespace","value":"(default)"},{"attribute":"document","value":"prayers/{prayerId}/interactions/{interactionId}","operator":"match-path-pattern"}],"serviceAccountEmail":"628602476853-compute@developer.gserviceaccount.com","retryPolicy":"RETRY_POLICY_DO_NOT_RETRY"},"labels":{"deployment-tool":"cli-firebase","firebase-functions-hash":"76991da653c0df60e123106c1d99cae146712f90"},"environment":"GEN_2"},"stages":[{"name":"BUILD","message":"Build in progress","state":"IN_PROGRESS","resource":"projects/628602476853/locations/us-central1/builds/82e2025a-c7ad-424b-a90d-378bc24aa3de","resourceUri":"https://console.cloud.google.com/cloud-build/builds;region=us-central1/82e2025a-c7ad-424b-a90d-378bc24aa3de?project=628602476853"},{"name":"SERVICE","state":"NOT_STARTED"},{"name":"TRIGGER","state":"NOT_STARTED"}],"operationType":"CREATE_FUNCTION","buildName":"projects/628602476853/locations/us-central1/builds/82e2025a-c7ad-424b-a90d-378bc24aa3de"},"done":false}
[debug] [2025-10-01T21:22:20.257Z] [create-default-us-central1-onInteractionCreate] Retrying task index 0
[debug] [2025-10-01T21:22:20.257Z] Checked if tokens are valid: true, expires at: 1759356586532
[debug] [2025-10-01T21:22:20.258Z] Checked if tokens are valid: true, expires at: 1759356586532
[debug] [2025-10-01T21:22:20.258Z] >>> [apiv2][query] GET https://cloudfunctions.googleapis.com/v2/projects/end-of-time-94cd3/locations/us-central1/operations/operation-1759353732845-6401f7647d19a-bcaf0db4-7b5f2bca [none]
[debug] [2025-10-01T21:22:21.131Z] <<< [apiv2][status] GET https://cloudfunctions.googleapis.com/v2/projects/end-of-time-94cd3/locations/us-central1/operations/operation-1759353732845-6401f7647d19a-bcaf0db4-7b5f2bca 200
[debug] [2025-10-01T21:22:21.131Z] <<< [apiv2][body] GET https://cloudfunctions.googleapis.com/v2/projects/end-of-time-94cd3/locations/us-central1/operations/operation-1759353732845-6401f7647d19a-bcaf0db4-7b5f2bca {"name":"projects/end-of-time-94cd3/locations/us-central1/operations/operation-1759353732845-6401f7647d19a-bcaf0db4-7b5f2bca","metadata":{"@type":"type.googleapis.com/google.cloud.functions.v2.OperationMetadata","createTime":"2025-10-01T21:22:14.512664225Z","target":"projects/end-of-time-94cd3/locations/us-central1/functions/onInteractionCreate","verb":"create","cancelRequested":false,"apiVersion":"v2","requestResource":{"@type":"type.googleapis.com/google.cloud.functions.v2.Function","name":"projects/end-of-time-94cd3/locations/us-central1/functions/onInteractionCreate","buildConfig":{"runtime":"nodejs18","entryPoint":"onInteractionCreate","source":{"storageSource":{"bucket":"gcf-v2-sources-628602476853-us-central1","object":"onInteractionCreate/function-source.zip","generation":"1759353733106012"}},"environmentVariables":{"GOOGLE_NODE_RUN_SCRIPTS":""},"serviceAccount":"projects/end-of-time-94cd3/serviceAccounts/628602476853-compute@developer.gserviceaccount.com","automaticUpdatePolicy":{}},"serviceConfig":{"service":"projects/end-of-time-94cd3/locations/us-central1/services/oninteractioncreate","timeoutSeconds":60,"environmentVariables":{"FIREBASE_CONFIG":"{\"projectId\":\"end-of-time-94cd3\",\"storageBucket\":\"end-of-time-94cd3.firebasestorage.app\"}","GCLOUD_PROJECT":"end-of-time-94cd3","EVENTARC_CLOUD_EVENT_SOURCE":"projects/end-of-time-94cd3/locations/us-central1/services/onInteractionCreate","FUNCTION_SIGNATURE_TYPE":"cloudevent","FUNCTION_TARGET":"onInteractionCreate","LOG_EXECUTION_ID":"true"},"ingressSettings":"ALLOW_ALL","serviceAccountEmail":"628602476853-compute@developer.gserviceaccount.com","availableMemory":"256Mi","maxInstanceRequestConcurrency":80,"availableCpu":"1"},"eventTrigger":{"trigger":"projects/end-of-time-94cd3/locations/africa-south1/triggers/oninteractioncreate-524250","triggerRegion":"africa-south1","eventType":"google.cloud.firestore.document.v1.created","eventFilters":[{"attribute":"database","value":"(default)"},{"attribute":"namespace","value":"(default)"},{"attribute":"document","value":"prayers/{prayerId}/interactions/{interactionId}","operator":"match-path-pattern"}],"serviceAccountEmail":"628602476853-compute@developer.gserviceaccount.com","retryPolicy":"RETRY_POLICY_DO_NOT_RETRY"},"labels":{"deployment-tool":"cli-firebase","firebase-functions-hash":"76991da653c0df60e123106c1d99cae146712f90"},"environment":"GEN_2"},"stages":[{"name":"BUILD","message":"Build in progress","state":"IN_PROGRESS","resource":"projects/628602476853/locations/us-central1/builds/82e2025a-c7ad-424b-a90d-378bc24aa3de","resourceUri":"https://console.cloud.google.com/cloud-build/builds;region=us-central1/82e2025a-c7ad-424b-a90d-378bc24aa3de?project=628602476853"},{"name":"SERVICE","state":"NOT_STARTED"},{"name":"TRIGGER","state":"NOT_STARTED"}],"operationType":"CREATE_FUNCTION","buildName":"projects/628602476853/locations/us-central1/builds/82e2025a-c7ad-424b-a90d-378bc24aa3de"},"done":false}
[debug] [2025-10-01T21:22:23.146Z] [create-default-us-central1-onInteractionCreate] Retrying task index 0
[debug] [2025-10-01T21:22:23.146Z] Checked if tokens are valid: true, expires at: 1759356586532
[debug] [2025-10-01T21:22:23.146Z] Checked if tokens are valid: true, expires at: 1759356586532
[debug] [2025-10-01T21:22:23.146Z] >>> [apiv2][query] GET https://cloudfunctions.googleapis.com/v2/projects/end-of-time-94cd3/locations/us-central1/operations/operation-1759353732845-6401f7647d19a-bcaf0db4-7b5f2bca [none]
[debug] [2025-10-01T21:22:23.982Z] <<< [apiv2][status] GET https://cloudfunctions.googleapis.com/v2/projects/end-of-time-94cd3/locations/us-central1/operations/operation-1759353732845-6401f7647d19a-bcaf0db4-7b5f2bca 200
[debug] [2025-10-01T21:22:23.982Z] <<< [apiv2][body] GET https://cloudfunctions.googleapis.com/v2/projects/end-of-time-94cd3/locations/us-central1/operations/operation-1759353732845-6401f7647d19a-bcaf0db4-7b5f2bca {"name":"projects/end-of-time-94cd3/locations/us-central1/operations/operation-1759353732845-6401f7647d19a-bcaf0db4-7b5f2bca","metadata":{"@type":"type.googleapis.com/google.cloud.functions.v2.OperationMetadata","createTime":"2025-10-01T21:22:14.512664225Z","target":"projects/end-of-time-94cd3/locations/us-central1/functions/onInteractionCreate","verb":"create","cancelRequested":false,"apiVersion":"v2","requestResource":{"@type":"type.googleapis.com/google.cloud.functions.v2.Function","name":"projects/end-of-time-94cd3/locations/us-central1/functions/onInteractionCreate","buildConfig":{"runtime":"nodejs18","entryPoint":"onInteractionCreate","source":{"storageSource":{"bucket":"gcf-v2-sources-628602476853-us-central1","object":"onInteractionCreate/function-source.zip","generation":"1759353733106012"}},"environmentVariables":{"GOOGLE_NODE_RUN_SCRIPTS":""},"serviceAccount":"projects/end-of-time-94cd3/serviceAccounts/628602476853-compute@developer.gserviceaccount.com","automaticUpdatePolicy":{}},"serviceConfig":{"service":"projects/end-of-time-94cd3/locations/us-central1/services/oninteractioncreate","timeoutSeconds":60,"environmentVariables":{"FIREBASE_CONFIG":"{\"projectId\":\"end-of-time-94cd3\",\"storageBucket\":\"end-of-time-94cd3.firebasestorage.app\"}","GCLOUD_PROJECT":"end-of-time-94cd3","EVENTARC_CLOUD_EVENT_SOURCE":"projects/end-of-time-94cd3/locations/us-central1/services/onInteractionCreate","FUNCTION_SIGNATURE_TYPE":"cloudevent","FUNCTION_TARGET":"onInteractionCreate","LOG_EXECUTION_ID":"true"},"ingressSettings":"ALLOW_ALL","serviceAccountEmail":"628602476853-compute@developer.gserviceaccount.com","availableMemory":"256Mi","maxInstanceRequestConcurrency":80,"availableCpu":"1"},"eventTrigger":{"trigger":"projects/end-of-time-94cd3/locations/africa-south1/triggers/oninteractioncreate-524250","triggerRegion":"africa-south1","eventType":"google.cloud.firestore.document.v1.created","eventFilters":[{"attribute":"database","value":"(default)"},{"attribute":"namespace","value":"(default)"},{"attribute":"document","value":"prayers/{prayerId}/interactions/{interactionId}","operator":"match-path-pattern"}],"serviceAccountEmail":"628602476853-compute@developer.gserviceaccount.com","retryPolicy":"RETRY_POLICY_DO_NOT_RETRY"},"labels":{"deployment-tool":"cli-firebase","firebase-functions-hash":"76991da653c0df60e123106c1d99cae146712f90"},"environment":"GEN_2"},"stages":[{"name":"BUILD","message":"Build in progress","state":"IN_PROGRESS","resource":"projects/628602476853/locations/us-central1/builds/82e2025a-c7ad-424b-a90d-378bc24aa3de","resourceUri":"https://console.cloud.google.com/cloud-build/builds;region=us-central1/82e2025a-c7ad-424b-a90d-378bc24aa3de?project=628602476853"},{"name":"SERVICE","state":"NOT_STARTED"},{"name":"TRIGGER","state":"NOT_STARTED"}],"operationType":"CREATE_FUNCTION","buildName":"projects/628602476853/locations/us-central1/builds/82e2025a-c7ad-424b-a90d-378bc24aa3de"},"done":false}
[debug] [2025-10-01T21:22:27.986Z] [create-default-us-central1-onInteractionCreate] Retrying task index 0
[debug] [2025-10-01T21:22:27.986Z] Checked if tokens are valid: true, expires at: 1759356586532
[debug] [2025-10-01T21:22:27.987Z] Checked if tokens are valid: true, expires at: 1759356586532
[debug] [2025-10-01T21:22:27.987Z] >>> [apiv2][query] GET https://cloudfunctions.googleapis.com/v2/projects/end-of-time-94cd3/locations/us-central1/operations/operation-1759353732845-6401f7647d19a-bcaf0db4-7b5f2bca [none]
[debug] [2025-10-01T21:22:28.828Z] <<< [apiv2][status] GET https://cloudfunctions.googleapis.com/v2/projects/end-of-time-94cd3/locations/us-central1/operations/operation-1759353732845-6401f7647d19a-bcaf0db4-7b5f2bca 200
[debug] [2025-10-01T21:22:28.828Z] <<< [apiv2][body] GET https://cloudfunctions.googleapis.com/v2/projects/end-of-time-94cd3/locations/us-central1/operations/operation-1759353732845-6401f7647d19a-bcaf0db4-7b5f2bca {"name":"projects/end-of-time-94cd3/locations/us-central1/operations/operation-1759353732845-6401f7647d19a-bcaf0db4-7b5f2bca","metadata":{"@type":"type.googleapis.com/google.cloud.functions.v2.OperationMetadata","createTime":"2025-10-01T21:22:14.512664225Z","target":"projects/end-of-time-94cd3/locations/us-central1/functions/onInteractionCreate","verb":"create","cancelRequested":false,"apiVersion":"v2","requestResource":{"@type":"type.googleapis.com/google.cloud.functions.v2.Function","name":"projects/end-of-time-94cd3/locations/us-central1/functions/onInteractionCreate","buildConfig":{"runtime":"nodejs18","entryPoint":"onInteractionCreate","source":{"storageSource":{"bucket":"gcf-v2-sources-628602476853-us-central1","object":"onInteractionCreate/function-source.zip","generation":"1759353733106012"}},"environmentVariables":{"GOOGLE_NODE_RUN_SCRIPTS":""},"serviceAccount":"projects/end-of-time-94cd3/serviceAccounts/628602476853-compute@developer.gserviceaccount.com","automaticUpdatePolicy":{}},"serviceConfig":{"service":"projects/end-of-time-94cd3/locations/us-central1/services/oninteractioncreate","timeoutSeconds":60,"environmentVariables":{"FIREBASE_CONFIG":"{\"projectId\":\"end-of-time-94cd3\",\"storageBucket\":\"end-of-time-94cd3.firebasestorage.app\"}","GCLOUD_PROJECT":"end-of-time-94cd3","EVENTARC_CLOUD_EVENT_SOURCE":"projects/end-of-time-94cd3/locations/us-central1/services/onInteractionCreate","FUNCTION_SIGNATURE_TYPE":"cloudevent","FUNCTION_TARGET":"onInteractionCreate","LOG_EXECUTION_ID":"true"},"ingressSettings":"ALLOW_ALL","serviceAccountEmail":"628602476853-compute@developer.gserviceaccount.com","availableMemory":"256Mi","maxInstanceRequestConcurrency":80,"availableCpu":"1"},"eventTrigger":{"trigger":"projects/end-of-time-94cd3/locations/africa-south1/triggers/oninteractioncreate-524250","triggerRegion":"africa-south1","eventType":"google.cloud.firestore.document.v1.created","eventFilters":[{"attribute":"database","value":"(default)"},{"attribute":"namespace","value":"(default)"},{"attribute":"document","value":"prayers/{prayerId}/interactions/{interactionId}","operator":"match-path-pattern"}],"serviceAccountEmail":"628602476853-compute@developer.gserviceaccount.com","retryPolicy":"RETRY_POLICY_DO_NOT_RETRY"},"labels":{"deployment-tool":"cli-firebase","firebase-functions-hash":"76991da653c0df60e123106c1d99cae146712f90"},"environment":"GEN_2"},"stages":[{"name":"BUILD","message":"Build in progress","state":"IN_PROGRESS","resource":"projects/628602476853/locations/us-central1/builds/82e2025a-c7ad-424b-a90d-378bc24aa3de","resourceUri":"https://console.cloud.google.com/cloud-build/builds;region=us-central1/82e2025a-c7ad-424b-a90d-378bc24aa3de?project=628602476853"},{"name":"SERVICE","state":"NOT_STARTED"},{"name":"TRIGGER","state":"NOT_STARTED"}],"operationType":"CREATE_FUNCTION","buildName":"projects/628602476853/locations/us-central1/builds/82e2025a-c7ad-424b-a90d-378bc24aa3de"},"done":false}
[debug] [2025-10-01T21:22:36.831Z] [create-default-us-central1-onInteractionCreate] Retrying task index 0
[debug] [2025-10-01T21:22:36.832Z] Checked if tokens are valid: true, expires at: 1759356586532
[debug] [2025-10-01T21:22:36.832Z] Checked if tokens are valid: true, expires at: 1759356586532
[debug] [2025-10-01T21:22:36.832Z] >>> [apiv2][query] GET https://cloudfunctions.googleapis.com/v2/projects/end-of-time-94cd3/locations/us-central1/operations/operation-1759353732845-6401f7647d19a-bcaf0db4-7b5f2bca [none]
[debug] [2025-10-01T21:22:37.878Z] <<< [apiv2][status] GET https://cloudfunctions.googleapis.com/v2/projects/end-of-time-94cd3/locations/us-central1/operations/operation-1759353732845-6401f7647d19a-bcaf0db4-7b5f2bca 200
[debug] [2025-10-01T21:22:37.878Z] <<< [apiv2][body] GET https://cloudfunctions.googleapis.com/v2/projects/end-of-time-94cd3/locations/us-central1/operations/operation-1759353732845-6401f7647d19a-bcaf0db4-7b5f2bca {"name":"projects/end-of-time-94cd3/locations/us-central1/operations/operation-1759353732845-6401f7647d19a-bcaf0db4-7b5f2bca","metadata":{"@type":"type.googleapis.com/google.cloud.functions.v2.OperationMetadata","createTime":"2025-10-01T21:22:14.512664225Z","target":"projects/end-of-time-94cd3/locations/us-central1/functions/onInteractionCreate","verb":"create","cancelRequested":false,"apiVersion":"v2","requestResource":{"@type":"type.googleapis.com/google.cloud.functions.v2.Function","name":"projects/end-of-time-94cd3/locations/us-central1/functions/onInteractionCreate","buildConfig":{"runtime":"nodejs18","entryPoint":"onInteractionCreate","source":{"storageSource":{"bucket":"gcf-v2-sources-628602476853-us-central1","object":"onInteractionCreate/function-source.zip","generation":"1759353733106012"}},"environmentVariables":{"GOOGLE_NODE_RUN_SCRIPTS":""},"serviceAccount":"projects/end-of-time-94cd3/serviceAccounts/628602476853-compute@developer.gserviceaccount.com","automaticUpdatePolicy":{}},"serviceConfig":{"service":"projects/end-of-time-94cd3/locations/us-central1/services/oninteractioncreate","timeoutSeconds":60,"environmentVariables":{"FIREBASE_CONFIG":"{\"projectId\":\"end-of-time-94cd3\",\"storageBucket\":\"end-of-time-94cd3.firebasestorage.app\"}","GCLOUD_PROJECT":"end-of-time-94cd3","EVENTARC_CLOUD_EVENT_SOURCE":"projects/end-of-time-94cd3/locations/us-central1/services/onInteractionCreate","FUNCTION_SIGNATURE_TYPE":"cloudevent","FUNCTION_TARGET":"onInteractionCreate","LOG_EXECUTION_ID":"true"},"ingressSettings":"ALLOW_ALL","serviceAccountEmail":"628602476853-compute@developer.gserviceaccount.com","availableMemory":"256Mi","maxInstanceRequestConcurrency":80,"availableCpu":"1"},"eventTrigger":{"trigger":"projects/end-of-time-94cd3/locations/africa-south1/triggers/oninteractioncreate-524250","triggerRegion":"africa-south1","eventType":"google.cloud.firestore.document.v1.created","eventFilters":[{"attribute":"database","value":"(default)"},{"attribute":"namespace","value":"(default)"},{"attribute":"document","value":"prayers/{prayerId}/interactions/{interactionId}","operator":"match-path-pattern"}],"serviceAccountEmail":"628602476853-compute@developer.gserviceaccount.com","retryPolicy":"RETRY_POLICY_DO_NOT_RETRY"},"labels":{"deployment-tool":"cli-firebase","firebase-functions-hash":"76991da653c0df60e123106c1d99cae146712f90"},"environment":"GEN_2"},"stages":[{"name":"BUILD","message":"Build in progress","state":"IN_PROGRESS","resource":"projects/628602476853/locations/us-central1/builds/82e2025a-c7ad-424b-a90d-378bc24aa3de","resourceUri":"https://console.cloud.google.com/cloud-build/builds;region=us-central1/82e2025a-c7ad-424b-a90d-378bc24aa3de?project=628602476853"},{"name":"SERVICE","state":"NOT_STARTED"},{"name":"TRIGGER","state":"NOT_STARTED"}],"operationType":"CREATE_FUNCTION","buildName":"projects/628602476853/locations/us-central1/builds/82e2025a-c7ad-424b-a90d-378bc24aa3de"},"done":false}
[debug] [2025-10-01T21:22:47.885Z] [create-default-us-central1-onInteractionCreate] Retrying task index 0
[debug] [2025-10-01T21:22:47.886Z] Checked if tokens are valid: true, expires at: 1759356586532
[debug] [2025-10-01T21:22:47.886Z] Checked if tokens are valid: true, expires at: 1759356586532
[debug] [2025-10-01T21:22:47.886Z] >>> [apiv2][query] GET https://cloudfunctions.googleapis.com/v2/projects/end-of-time-94cd3/locations/us-central1/operations/operation-1759353732845-6401f7647d19a-bcaf0db4-7b5f2bca [none]
[debug] [2025-10-01T21:22:48.901Z] <<< [apiv2][status] GET https://cloudfunctions.googleapis.com/v2/projects/end-of-time-94cd3/locations/us-central1/operations/operation-1759353732845-6401f7647d19a-bcaf0db4-7b5f2bca 200
[debug] [2025-10-01T21:22:48.901Z] <<< [apiv2][body] GET https://cloudfunctions.googleapis.com/v2/projects/end-of-time-94cd3/locations/us-central1/operations/operation-1759353732845-6401f7647d19a-bcaf0db4-7b5f2bca {"name":"projects/end-of-time-94cd3/locations/us-central1/operations/operation-1759353732845-6401f7647d19a-bcaf0db4-7b5f2bca","metadata":{"@type":"type.googleapis.com/google.cloud.functions.v2.OperationMetadata","createTime":"2025-10-01T21:22:14.512664225Z","target":"projects/end-of-time-94cd3/locations/us-central1/functions/onInteractionCreate","verb":"create","cancelRequested":false,"apiVersion":"v2","requestResource":{"@type":"type.googleapis.com/google.cloud.functions.v2.Function","name":"projects/end-of-time-94cd3/locations/us-central1/functions/onInteractionCreate","buildConfig":{"runtime":"nodejs18","entryPoint":"onInteractionCreate","source":{"storageSource":{"bucket":"gcf-v2-sources-628602476853-us-central1","object":"onInteractionCreate/function-source.zip","generation":"1759353733106012"}},"environmentVariables":{"GOOGLE_NODE_RUN_SCRIPTS":""},"serviceAccount":"projects/end-of-time-94cd3/serviceAccounts/628602476853-compute@developer.gserviceaccount.com","automaticUpdatePolicy":{}},"serviceConfig":{"service":"projects/end-of-time-94cd3/locations/us-central1/services/oninteractioncreate","timeoutSeconds":60,"environmentVariables":{"FIREBASE_CONFIG":"{\"projectId\":\"end-of-time-94cd3\",\"storageBucket\":\"end-of-time-94cd3.firebasestorage.app\"}","GCLOUD_PROJECT":"end-of-time-94cd3","EVENTARC_CLOUD_EVENT_SOURCE":"projects/end-of-time-94cd3/locations/us-central1/services/onInteractionCreate","FUNCTION_SIGNATURE_TYPE":"cloudevent","FUNCTION_TARGET":"onInteractionCreate","LOG_EXECUTION_ID":"true"},"ingressSettings":"ALLOW_ALL","serviceAccountEmail":"628602476853-compute@developer.gserviceaccount.com","availableMemory":"256Mi","maxInstanceRequestConcurrency":80,"availableCpu":"1"},"eventTrigger":{"trigger":"projects/end-of-time-94cd3/locations/africa-south1/triggers/oninteractioncreate-524250","triggerRegion":"africa-south1","eventType":"google.cloud.firestore.document.v1.created","eventFilters":[{"attribute":"database","value":"(default)"},{"attribute":"namespace","value":"(default)"},{"attribute":"document","value":"prayers/{prayerId}/interactions/{interactionId}","operator":"match-path-pattern"}],"serviceAccountEmail":"628602476853-compute@developer.gserviceaccount.com","retryPolicy":"RETRY_POLICY_DO_NOT_RETRY"},"labels":{"deployment-tool":"cli-firebase","firebase-functions-hash":"76991da653c0df60e123106c1d99cae146712f90"},"environment":"GEN_2"},"stages":[{"name":"BUILD","message":"Build in progress","state":"IN_PROGRESS","resource":"projects/628602476853/locations/us-central1/builds/82e2025a-c7ad-424b-a90d-378bc24aa3de","resourceUri":"https://console.cloud.google.com/cloud-build/builds;region=us-central1/82e2025a-c7ad-424b-a90d-378bc24aa3de?project=628602476853"},{"name":"SERVICE","state":"NOT_STARTED"},{"name":"TRIGGER","state":"NOT_STARTED"}],"operationType":"CREATE_FUNCTION","buildName":"projects/628602476853/locations/us-central1/builds/82e2025a-c7ad-424b-a90d-378bc24aa3de"},"done":false}
[debug] [2025-10-01T21:22:58.911Z] [create-default-us-central1-onInteractionCreate] Retrying task index 0
[debug] [2025-10-01T21:22:58.912Z] Checked if tokens are valid: true, expires at: 1759356586532
[debug] [2025-10-01T21:22:58.912Z] Checked if tokens are valid: true, expires at: 1759356586532
[debug] [2025-10-01T21:22:58.912Z] >>> [apiv2][query] GET https://cloudfunctions.googleapis.com/v2/projects/end-of-time-94cd3/locations/us-central1/operations/operation-1759353732845-6401f7647d19a-bcaf0db4-7b5f2bca [none]
[debug] [2025-10-01T21:22:59.947Z] <<< [apiv2][status] GET https://cloudfunctions.googleapis.com/v2/projects/end-of-time-94cd3/locations/us-central1/operations/operation-1759353732845-6401f7647d19a-bcaf0db4-7b5f2bca 200
[debug] [2025-10-01T21:22:59.947Z] <<< [apiv2][body] GET https://cloudfunctions.googleapis.com/v2/projects/end-of-time-94cd3/locations/us-central1/operations/operation-1759353732845-6401f7647d19a-bcaf0db4-7b5f2bca {"name":"projects/end-of-time-94cd3/locations/us-central1/operations/operation-1759353732845-6401f7647d19a-bcaf0db4-7b5f2bca","metadata":{"@type":"type.googleapis.com/google.cloud.functions.v2.OperationMetadata","createTime":"2025-10-01T21:22:14.512664225Z","target":"projects/end-of-time-94cd3/locations/us-central1/functions/onInteractionCreate","verb":"create","cancelRequested":false,"apiVersion":"v2","requestResource":{"@type":"type.googleapis.com/google.cloud.functions.v2.Function","name":"projects/end-of-time-94cd3/locations/us-central1/functions/onInteractionCreate","buildConfig":{"runtime":"nodejs18","entryPoint":"onInteractionCreate","source":{"storageSource":{"bucket":"gcf-v2-sources-628602476853-us-central1","object":"onInteractionCreate/function-source.zip","generation":"1759353733106012"}},"environmentVariables":{"GOOGLE_NODE_RUN_SCRIPTS":""},"serviceAccount":"projects/end-of-time-94cd3/serviceAccounts/628602476853-compute@developer.gserviceaccount.com","automaticUpdatePolicy":{}},"serviceConfig":{"service":"projects/end-of-time-94cd3/locations/us-central1/services/oninteractioncreate","timeoutSeconds":60,"environmentVariables":{"FIREBASE_CONFIG":"{\"projectId\":\"end-of-time-94cd3\",\"storageBucket\":\"end-of-time-94cd3.firebasestorage.app\"}","GCLOUD_PROJECT":"end-of-time-94cd3","EVENTARC_CLOUD_EVENT_SOURCE":"projects/end-of-time-94cd3/locations/us-central1/services/onInteractionCreate","FUNCTION_SIGNATURE_TYPE":"cloudevent","FUNCTION_TARGET":"onInteractionCreate","LOG_EXECUTION_ID":"true"},"ingressSettings":"ALLOW_ALL","serviceAccountEmail":"628602476853-compute@developer.gserviceaccount.com","availableMemory":"256Mi","maxInstanceRequestConcurrency":80,"availableCpu":"1"},"eventTrigger":{"trigger":"projects/end-of-time-94cd3/locations/africa-south1/triggers/oninteractioncreate-524250","triggerRegion":"africa-south1","eventType":"google.cloud.firestore.document.v1.created","eventFilters":[{"attribute":"database","value":"(default)"},{"attribute":"namespace","value":"(default)"},{"attribute":"document","value":"prayers/{prayerId}/interactions/{interactionId}","operator":"match-path-pattern"}],"serviceAccountEmail":"628602476853-compute@developer.gserviceaccount.com","retryPolicy":"RETRY_POLICY_DO_NOT_RETRY"},"labels":{"deployment-tool":"cli-firebase","firebase-functions-hash":"76991da653c0df60e123106c1d99cae146712f90"},"environment":"GEN_2"},"stages":[{"name":"BUILD","message":"Build in progress","state":"IN_PROGRESS","resource":"projects/628602476853/locations/us-central1/builds/82e2025a-c7ad-424b-a90d-378bc24aa3de","resourceUri":"https://console.cloud.google.com/cloud-build/builds;region=us-central1/82e2025a-c7ad-424b-a90d-378bc24aa3de?project=628602476853"},{"name":"SERVICE","state":"NOT_STARTED"},{"name":"TRIGGER","state":"NOT_STARTED"}],"operationType":"CREATE_FUNCTION","buildName":"projects/628602476853/locations/us-central1/builds/82e2025a-c7ad-424b-a90d-378bc24aa3de"},"done":false}
[debug] [2025-10-01T21:23:09.952Z] [create-default-us-central1-onInteractionCreate] Retrying task index 0
[debug] [2025-10-01T21:23:09.952Z] Checked if tokens are valid: true, expires at: 1759356586532
[debug] [2025-10-01T21:23:09.952Z] Checked if tokens are valid: true, expires at: 1759356586532
[debug] [2025-10-01T21:23:09.953Z] >>> [apiv2][query] GET https://cloudfunctions.googleapis.com/v2/projects/end-of-time-94cd3/locations/us-central1/operations/operation-1759353732845-6401f7647d19a-bcaf0db4-7b5f2bca [none]
[debug] [2025-10-01T21:23:10.995Z] <<< [apiv2][status] GET https://cloudfunctions.googleapis.com/v2/projects/end-of-time-94cd3/locations/us-central1/operations/operation-1759353732845-6401f7647d19a-bcaf0db4-7b5f2bca 200
[debug] [2025-10-01T21:23:10.995Z] <<< [apiv2][body] GET https://cloudfunctions.googleapis.com/v2/projects/end-of-time-94cd3/locations/us-central1/operations/operation-1759353732845-6401f7647d19a-bcaf0db4-7b5f2bca {"name":"projects/end-of-time-94cd3/locations/us-central1/operations/operation-1759353732845-6401f7647d19a-bcaf0db4-7b5f2bca","metadata":{"@type":"type.googleapis.com/google.cloud.functions.v2.OperationMetadata","createTime":"2025-10-01T21:22:14.512664225Z","target":"projects/end-of-time-94cd3/locations/us-central1/functions/onInteractionCreate","verb":"create","cancelRequested":false,"apiVersion":"v2","requestResource":{"@type":"type.googleapis.com/google.cloud.functions.v2.Function","name":"projects/end-of-time-94cd3/locations/us-central1/functions/onInteractionCreate","buildConfig":{"runtime":"nodejs18","entryPoint":"onInteractionCreate","source":{"storageSource":{"bucket":"gcf-v2-sources-628602476853-us-central1","object":"onInteractionCreate/function-source.zip","generation":"1759353733106012"}},"environmentVariables":{"GOOGLE_NODE_RUN_SCRIPTS":""},"serviceAccount":"projects/end-of-time-94cd3/serviceAccounts/628602476853-compute@developer.gserviceaccount.com","automaticUpdatePolicy":{}},"serviceConfig":{"service":"projects/end-of-time-94cd3/locations/us-central1/services/oninteractioncreate","timeoutSeconds":60,"environmentVariables":{"FIREBASE_CONFIG":"{\"projectId\":\"end-of-time-94cd3\",\"storageBucket\":\"end-of-time-94cd3.firebasestorage.app\"}","GCLOUD_PROJECT":"end-of-time-94cd3","EVENTARC_CLOUD_EVENT_SOURCE":"projects/end-of-time-94cd3/locations/us-central1/services/onInteractionCreate","FUNCTION_SIGNATURE_TYPE":"cloudevent","FUNCTION_TARGET":"onInteractionCreate","LOG_EXECUTION_ID":"true"},"ingressSettings":"ALLOW_ALL","serviceAccountEmail":"628602476853-compute@developer.gserviceaccount.com","availableMemory":"256Mi","maxInstanceRequestConcurrency":80,"availableCpu":"1"},"eventTrigger":{"trigger":"projects/end-of-time-94cd3/locations/africa-south1/triggers/oninteractioncreate-524250","triggerRegion":"africa-south1","eventType":"google.cloud.firestore.document.v1.created","eventFilters":[{"attribute":"database","value":"(default)"},{"attribute":"namespace","value":"(default)"},{"attribute":"document","value":"prayers/{prayerId}/interactions/{interactionId}","operator":"match-path-pattern"}],"serviceAccountEmail":"628602476853-compute@developer.gserviceaccount.com","retryPolicy":"RETRY_POLICY_DO_NOT_RETRY"},"labels":{"deployment-tool":"cli-firebase","firebase-functions-hash":"76991da653c0df60e123106c1d99cae146712f90"},"environment":"GEN_2"},"stages":[{"name":"BUILD","message":"Build in progress","state":"IN_PROGRESS","resource":"projects/628602476853/locations/us-central1/builds/82e2025a-c7ad-424b-a90d-378bc24aa3de","resourceUri":"https://console.cloud.google.com/cloud-build/builds;region=us-central1/82e2025a-c7ad-424b-a90d-378bc24aa3de?project=628602476853"},{"name":"SERVICE","state":"NOT_STARTED"},{"name":"TRIGGER","state":"NOT_STARTED"}],"operationType":"CREATE_FUNCTION","buildName":"projects/628602476853/locations/us-central1/builds/82e2025a-c7ad-424b-a90d-378bc24aa3de"},"done":false}
[debug] [2025-10-01T21:23:20.996Z] [create-default-us-central1-onInteractionCreate] Retrying task index 0
[debug] [2025-10-01T21:23:20.996Z] Checked if tokens are valid: true, expires at: 1759356586532
[debug] [2025-10-01T21:23:20.996Z] Checked if tokens are valid: true, expires at: 1759356586532
[debug] [2025-10-01T21:23:20.996Z] >>> [apiv2][query] GET https://cloudfunctions.googleapis.com/v2/projects/end-of-time-94cd3/locations/us-central1/operations/operation-1759353732845-6401f7647d19a-bcaf0db4-7b5f2bca [none]
[debug] [2025-10-01T21:23:22.035Z] <<< [apiv2][status] GET https://cloudfunctions.googleapis.com/v2/projects/end-of-time-94cd3/locations/us-central1/operations/operation-1759353732845-6401f7647d19a-bcaf0db4-7b5f2bca 200
[debug] [2025-10-01T21:23:22.035Z] <<< [apiv2][body] GET https://cloudfunctions.googleapis.com/v2/projects/end-of-time-94cd3/locations/us-central1/operations/operation-1759353732845-6401f7647d19a-bcaf0db4-7b5f2bca {"name":"projects/end-of-time-94cd3/locations/us-central1/operations/operation-1759353732845-6401f7647d19a-bcaf0db4-7b5f2bca","metadata":{"@type":"type.googleapis.com/google.cloud.functions.v2.OperationMetadata","createTime":"2025-10-01T21:22:14.512664225Z","target":"projects/end-of-time-94cd3/locations/us-central1/functions/onInteractionCreate","verb":"create","cancelRequested":false,"apiVersion":"v2","requestResource":{"@type":"type.googleapis.com/google.cloud.functions.v2.Function","name":"projects/end-of-time-94cd3/locations/us-central1/functions/onInteractionCreate","buildConfig":{"runtime":"nodejs18","entryPoint":"onInteractionCreate","source":{"storageSource":{"bucket":"gcf-v2-sources-628602476853-us-central1","object":"onInteractionCreate/function-source.zip","generation":"1759353733106012"}},"environmentVariables":{"GOOGLE_NODE_RUN_SCRIPTS":""},"serviceAccount":"projects/end-of-time-94cd3/serviceAccounts/628602476853-compute@developer.gserviceaccount.com","automaticUpdatePolicy":{}},"serviceConfig":{"service":"projects/end-of-time-94cd3/locations/us-central1/services/oninteractioncreate","timeoutSeconds":60,"environmentVariables":{"FIREBASE_CONFIG":"{\"projectId\":\"end-of-time-94cd3\",\"storageBucket\":\"end-of-time-94cd3.firebasestorage.app\"}","GCLOUD_PROJECT":"end-of-time-94cd3","EVENTARC_CLOUD_EVENT_SOURCE":"projects/end-of-time-94cd3/locations/us-central1/services/onInteractionCreate","FUNCTION_SIGNATURE_TYPE":"cloudevent","FUNCTION_TARGET":"onInteractionCreate","LOG_EXECUTION_ID":"true"},"ingressSettings":"ALLOW_ALL","serviceAccountEmail":"628602476853-compute@developer.gserviceaccount.com","availableMemory":"256Mi","maxInstanceRequestConcurrency":80,"availableCpu":"1"},"eventTrigger":{"trigger":"projects/end-of-time-94cd3/locations/africa-south1/triggers/oninteractioncreate-524250","triggerRegion":"africa-south1","eventType":"google.cloud.firestore.document.v1.created","eventFilters":[{"attribute":"database","value":"(default)"},{"attribute":"namespace","value":"(default)"},{"attribute":"document","value":"prayers/{prayerId}/interactions/{interactionId}","operator":"match-path-pattern"}],"serviceAccountEmail":"628602476853-compute@developer.gserviceaccount.com","retryPolicy":"RETRY_POLICY_DO_NOT_RETRY"},"labels":{"deployment-tool":"cli-firebase","firebase-functions-hash":"76991da653c0df60e123106c1d99cae146712f90"},"environment":"GEN_2"},"stages":[{"name":"BUILD","message":"Build finished","state":"COMPLETE","resource":"projects/628602476853/locations/us-central1/builds/82e2025a-c7ad-424b-a90d-378bc24aa3de","resourceUri":"https://console.cloud.google.com/cloud-build/builds;region=us-central1/82e2025a-c7ad-424b-a90d-378bc24aa3de?project=628602476853"},{"name":"SERVICE","message":"Creating Cloud Run service","state":"IN_PROGRESS","resource":"projects/end-of-time-94cd3/locations/us-central1/services/oninteractioncreate","resourceUri":"https://console.cloud.google.com/run/detail/us-central1/oninteractioncreate?project=end-of-time-94cd3"},{"name":"TRIGGER","state":"NOT_STARTED"}],"sourceToken":"Cldwcm9qZWN0cy82Mjg2MDI0NzY4NTMvbG9jYXRpb25zL3VzLWNlbnRyYWwxL2J1aWxkcy84MmUyMDI1YS1jN2FkLTQyNGItYTkwZC0zNzhiYzI0YWEzZGUSfnVzLWNlbnRyYWwxLWRvY2tlci5wa2cuZGV2L2VuZC1vZi10aW1lLTk0Y2QzL2djZi1hcnRpZmFjdHMvZW5kLS1vZi0tdGltZS0tOTRjZDNfX3VzLS1jZW50cmFsMV9fb25faW50ZXJhY3Rpb25fY3JlYXRlOnZlcnNpb25fMRi1soLdpRIiTnByb2plY3RzL2VuZC1vZi10aW1lLTk0Y2QzL2xvY2F0aW9ucy91cy1jZW50cmFsMS9mdW5jdGlvbnMvb25JbnRlcmFjdGlvbkNyZWF0ZSoMCMS39sYGEICiqoEDMghub2RlanMxODp2CiNnY3IuaW8vZ2FlLXJ1bnRpbWVzL25vZGVqczE4OnN0YWJsZRJPdXMtY2VudHJhbDEtZG9ja2VyLnBrZy5kZXYvc2VydmVybGVzcy1ydW50aW1lcy9nb29nbGUtMjItZnVsbC9ydW50aW1lcy9ub2RlanMxOEAB","operationType":"CREATE_FUNCTION","buildName":"projects/628602476853/locations/us-central1/builds/82e2025a-c7ad-424b-a90d-378bc24aa3de"},"done":false}
[debug] [2025-10-01T21:23:22.035Z] Got source token Cldwcm9qZWN0cy82Mjg2MDI0NzY4NTMvbG9jYXRpb25zL3VzLWNlbnRyYWwxL2J1aWxkcy84MmUyMDI1YS1jN2FkLTQyNGItYTkwZC0zNzhiYzI0YWEzZGUSfnVzLWNlbnRyYWwxLWRvY2tlci5wa2cuZGV2L2VuZC1vZi10aW1lLTk0Y2QzL2djZi1hcnRpZmFjdHMvZW5kLS1vZi0tdGltZS0tOTRjZDNfX3VzLS1jZW50cmFsMV9fb25faW50ZXJhY3Rpb25fY3JlYXRlOnZlcnNpb25fMRi1soLdpRIiTnByb2plY3RzL2VuZC1vZi10aW1lLTk0Y2QzL2xvY2F0aW9ucy91cy1jZW50cmFsMS9mdW5jdGlvbnMvb25JbnRlcmFjdGlvbkNyZWF0ZSoMCMS39sYGEICiqoEDMghub2RlanMxODp2CiNnY3IuaW8vZ2FlLXJ1bnRpbWVzL25vZGVqczE4OnN0YWJsZRJPdXMtY2VudHJhbDEtZG9ja2VyLnBrZy5kZXYvc2VydmVybGVzcy1ydW50aW1lcy9nb29nbGUtMjItZnVsbC9ydW50aW1lcy9ub2RlanMxOEAB for region us-central1
[debug] [2025-10-01T21:23:32.037Z] [create-default-us-central1-onInteractionCreate] Retrying task index 0
[debug] [2025-10-01T21:23:32.038Z] Checked if tokens are valid: true, expires at: 1759356586532
[debug] [2025-10-01T21:23:32.038Z] Checked if tokens are valid: true, expires at: 1759356586532
[debug] [2025-10-01T21:23:32.038Z] >>> [apiv2][query] GET https://cloudfunctions.googleapis.com/v2/projects/end-of-time-94cd3/locations/us-central1/operations/operation-1759353732845-6401f7647d19a-bcaf0db4-7b5f2bca [none]
[debug] [2025-10-01T21:23:33.082Z] <<< [apiv2][status] GET https://cloudfunctions.googleapis.com/v2/projects/end-of-time-94cd3/locations/us-central1/operations/operation-1759353732845-6401f7647d19a-bcaf0db4-7b5f2bca 200
[debug] [2025-10-01T21:23:33.082Z] <<< [apiv2][body] GET https://cloudfunctions.googleapis.com/v2/projects/end-of-time-94cd3/locations/us-central1/operations/operation-1759353732845-6401f7647d19a-bcaf0db4-7b5f2bca {"name":"projects/end-of-time-94cd3/locations/us-central1/operations/operation-1759353732845-6401f7647d19a-bcaf0db4-7b5f2bca","metadata":{"@type":"type.googleapis.com/google.cloud.functions.v2.OperationMetadata","createTime":"2025-10-01T21:22:14.512664225Z","endTime":"2025-10-01T21:23:28.172560032Z","target":"projects/end-of-time-94cd3/locations/us-central1/functions/onInteractionCreate","verb":"create","cancelRequested":false,"apiVersion":"v2","requestResource":{"@type":"type.googleapis.com/google.cloud.functions.v2.Function","name":"projects/end-of-time-94cd3/locations/us-central1/functions/onInteractionCreate","buildConfig":{"runtime":"nodejs18","entryPoint":"onInteractionCreate","source":{"storageSource":{"bucket":"gcf-v2-sources-628602476853-us-central1","object":"onInteractionCreate/function-source.zip","generation":"1759353733106012"}},"environmentVariables":{"GOOGLE_NODE_RUN_SCRIPTS":""},"serviceAccount":"projects/end-of-time-94cd3/serviceAccounts/628602476853-compute@developer.gserviceaccount.com","automaticUpdatePolicy":{}},"serviceConfig":{"service":"projects/end-of-time-94cd3/locations/us-central1/services/oninteractioncreate","timeoutSeconds":60,"environmentVariables":{"FIREBASE_CONFIG":"{\"projectId\":\"end-of-time-94cd3\",\"storageBucket\":\"end-of-time-94cd3.firebasestorage.app\"}","GCLOUD_PROJECT":"end-of-time-94cd3","EVENTARC_CLOUD_EVENT_SOURCE":"projects/end-of-time-94cd3/locations/us-central1/services/onInteractionCreate","FUNCTION_SIGNATURE_TYPE":"cloudevent","FUNCTION_TARGET":"onInteractionCreate","LOG_EXECUTION_ID":"true"},"ingressSettings":"ALLOW_ALL","serviceAccountEmail":"628602476853-compute@developer.gserviceaccount.com","availableMemory":"256Mi","maxInstanceRequestConcurrency":80,"availableCpu":"1"},"eventTrigger":{"trigger":"projects/end-of-time-94cd3/locations/africa-south1/triggers/oninteractioncreate-524250","triggerRegion":"africa-south1","eventType":"google.cloud.firestore.document.v1.created","eventFilters":[{"attribute":"database","value":"(default)"},{"attribute":"namespace","value":"(default)"},{"attribute":"document","value":"prayers/{prayerId}/interactions/{interactionId}","operator":"match-path-pattern"}],"serviceAccountEmail":"628602476853-compute@developer.gserviceaccount.com","retryPolicy":"RETRY_POLICY_DO_NOT_RETRY"},"labels":{"deployment-tool":"cli-firebase","firebase-functions-hash":"76991da653c0df60e123106c1d99cae146712f90"},"environment":"GEN_2"},"stages":[{"name":"ARTIFACT_REGISTRY","message":"Deleting function artifacts in Artifact Registry","state":"COMPLETE"},{"name":"SERVICE","message":"Deleting Cloud Run service","state":"COMPLETE","resource":"projects/end-of-time-94cd3/locations/us-central1/services/oninteractioncreate"},{"name":"TRIGGER","message":"Deleting Eventarc trigger","state":"COMPLETE","resource":"projects/end-of-time-94cd3/locations/africa-south1/triggers/oninteractioncreate-524250"}],"operationType":"CREATE_FUNCTION"},"done":true,"error":{"code":3,"message":"Could not create or update Cloud Run service oninteractioncreate, Container Healthcheck failed. Revision 'oninteractioncreate-00001-row' is not ready and cannot serve traffic. The user-provided container failed to start and listen on the port defined provided by the PORT=8080 environment variable within the allocated timeout. This can happen when the container port is misconfigured or if the timeout is too short. The health check timeout can be extended. Logs for this revision might contain more information.\n\nLogs URL: https://console.cloud.google.com/logs/viewer?project=end-of-time-94cd3&resource=cloud_run_revision/service_name/oninteractioncreate/revision_name/oninteractioncreate-00001-row&advancedFilter=resource.type%3D%22cloud_run_revision%22%0Aresource.labels.service_name%3D%22oninteractioncreate%22%0Aresource.labels.revision_name%3D%22oninteractioncreate-00001-row%22 \nFor more troubleshooting guidance, see https://cloud.google.com/run/docs/troubleshooting#container-failed-to-start"}}
[debug] [2025-10-01T21:23:33.082Z] Got source token undefined for region us-central1
[error] Could not create or update Cloud Run service oninteractioncreate, Container Healthcheck failed. Revision 'oninteractioncreate-00001-row' is not ready and cannot serve traffic. The user-provided container failed to start and listen on the port defined provided by the PORT=8080 environment variable within the allocated timeout. This can happen when the container port is misconfigured or if the timeout is too short. The health check timeout can be extended. Logs for this revision might contain more information.

Logs URL: https://console.cloud.google.com/logs/viewer?project=end-of-time-94cd3&resource=cloud_run_revision/service_name/oninteractioncreate/revision_name/oninteractioncreate-00001-row&advancedFilter=resource.type%3D%22cloud_run_revision%22%0Aresource.labels.service_name%3D%22oninteractioncreate%22%0Aresource.labels.revision_name%3D%22oninteractioncreate-00001-row%22 
For more troubleshooting guidance, see https://cloud.google.com/run/docs/troubleshooting#container-failed-to-start
[debug] [2025-10-01T21:23:33.085Z] Total Function Deployment time: 78590
[debug] [2025-10-01T21:23:33.085Z] 1 Functions Deployed
[debug] [2025-10-01T21:23:33.085Z] 1 Functions Errored
[debug] [2025-10-01T21:23:33.086Z] 0 Function Deployments Aborted
[debug] [2025-10-01T21:23:33.086Z] Average Function Deployment time: 78590
[info] 
[info] Functions deploy had errors with the following functions:
	onInteractionCreate(us-central1)
[debug] [2025-10-01T21:23:33.466Z] Checked if tokens are valid: true, expires at: 1759356586532
[debug] [2025-10-01T21:23:33.466Z] Checked if tokens are valid: true, expires at: 1759356586532
[debug] [2025-10-01T21:23:33.466Z] >>> [apiv2][query] GET https://artifactregistry.googleapis.com/v1/projects/end-of-time-94cd3/locations/us-central1/repositories/gcf-artifacts [none]
[debug] [2025-10-01T21:23:34.529Z] <<< [apiv2][status] GET https://artifactregistry.googleapis.com/v1/projects/end-of-time-94cd3/locations/us-central1/repositories/gcf-artifacts 200
[debug] [2025-10-01T21:23:34.529Z] <<< [apiv2][body] GET https://artifactregistry.googleapis.com/v1/projects/end-of-time-94cd3/locations/us-central1/repositories/gcf-artifacts {"name":"projects/end-of-time-94cd3/locations/us-central1/repositories/gcf-artifacts","format":"DOCKER","description":"This repository is created and used by Cloud Functions for storing function docker images.","labels":{"goog-managed-by":"cloudfunctions"},"createTime":"2025-08-12T15:11:38.287758Z","updateTime":"2025-10-01T21:23:28.000537Z","mode":"STANDARD_REPOSITORY","cleanupPolicies":{"firebase-functions-cleanup":{"id":"firebase-functions-cleanup","action":"DELETE","condition":{"tagState":"ANY","olderThan":"86400s"}}},"sizeBytes":"728593762","vulnerabilityScanningConfig":{"lastEnableTime":"2025-08-12T15:11:22.961152282Z","enablementState":"SCANNING_DISABLED","enablementStateReason":"API containerscanning.googleapis.com is not enabled."},"satisfiesPzi":true,"registryUri":"us-central1-docker.pkg.dev/end-of-time-94cd3/gcf-artifacts"}
[debug] [2025-10-01T21:23:34.529Z] Functions deploy failed.
[debug] [2025-10-01T21:23:34.529Z] {
  "endpoint": {
    "id": "onInteractionCreate",
    "project": "end-of-time-94cd3",
    "region": "us-central1",
    "entryPoint": "onInteractionCreate",
    "platform": "gcfv2",
    "runtime": "nodejs18",
    "eventTrigger": {
      "eventType": "google.cloud.firestore.document.v1.created",
      "retry": false,
      "eventFilters": {
        "database": "(default)",
        "namespace": "(default)"
      },
      "eventFilterPathPatterns": {
        "document": "prayers/{prayerId}/interactions/{interactionId}"
      },
      "region": "africa-south1"
    },
    "labels": {
      "deployment-tool": "cli-firebase"
    },
    "serviceAccount": null,
    "ingressSettings": null,
    "availableMemoryMb": null,
    "timeoutSeconds": null,
    "maxInstances": null,
    "minInstances": null,
    "concurrency": 80,
    "vpc": null,
    "environmentVariables": {
      "FIREBASE_CONFIG": "{\"projectId\":\"end-of-time-94cd3\",\"storageBucket\":\"end-of-time-94cd3.firebasestorage.app\"}",
      "GCLOUD_PROJECT": "end-of-time-94cd3",
      "EVENTARC_CLOUD_EVENT_SOURCE": "projects/end-of-time-94cd3/locations/us-central1/services/onInteractionCreate"
    },
    "codebase": "default",
    "cpu": 1,
    "targetedByOnly": false,
    "hash": "76991da653c0df60e123106c1d99cae146712f90"
  },
  "op": "create",
  "original": {
    "name": "FirebaseError",
    "children": [],
    "exit": 1,
    "message": "Could not create or update Cloud Run service oninteractioncreate, Container Healthcheck failed. Revision 'oninteractioncreate-00001-row' is not ready and cannot serve traffic. The user-provided container failed to start and listen on the port defined provided by the PORT=8080 environment variable within the allocated timeout. This can happen when the container port is misconfigured or if the timeout is too short. The health check timeout can be extended. Logs for this revision might contain more information.\n\nLogs URL: https://console.cloud.google.com/logs/viewer?project=end-of-time-94cd3&resource=cloud_run_revision/service_name/oninteractioncreate/revision_name/oninteractioncreate-00001-row&advancedFilter=resource.type%3D%22cloud_run_revision%22%0Aresource.labels.service_name%3D%22oninteractioncreate%22%0Aresource.labels.revision_name%3D%22oninteractioncreate-00001-row%22 \nFor more troubleshooting guidance, see https://cloud.google.com/run/docs/troubleshooting#container-failed-to-start",
    "original": {
      "code": 3,
      "message": "Could not create or update Cloud Run service oninteractioncreate, Container Healthcheck failed. Revision 'oninteractioncreate-00001-row' is not ready and cannot serve traffic. The user-provided container failed to start and listen on the port defined provided by the PORT=8080 environment variable within the allocated timeout. This can happen when the container port is misconfigured or if the timeout is too short. The health check timeout can be extended. Logs for this revision might contain more information.\n\nLogs URL: https://console.cloud.google.com/logs/viewer?project=end-of-time-94cd3&resource=cloud_run_revision/service_name/oninteractioncreate/revision_name/oninteractioncreate-00001-row&advancedFilter=resource.type%3D%22cloud_run_revision%22%0Aresource.labels.service_name%3D%22oninteractioncreate%22%0Aresource.labels.revision_name%3D%22oninteractioncreate-00001-row%22 \nFor more troubleshooting guidance, see https://cloud.google.com/run/docs/troubleshooting#container-failed-to-start"
    },
    "status": 3,
    "code": 3
  }
}
[debug] [2025-10-01T21:23:34.711Z] Error: Failed to create function onInteractionCreate in region us-central1
    at C:\Users\fanel\AppData\Roaming\npm\node_modules\firebase-tools\lib\deploy\functions\release\fabricator.js:294:27
    at process.processTicksAndRejections (node:internal/process/task_queues:105:5)
    at async Fabricator.createV2Function (C:\Users\fanel\AppData\Roaming\npm\node_modules\firebase-tools\lib\deploy\functions\release\fabricator.js:278:30)
    at async Fabricator.createEndpoint (C:\Users\fanel\AppData\Roaming\npm\node_modules\firebase-tools\lib\deploy\functions\release\fabricator.js:137:13)
    at async handle (C:\Users\fanel\AppData\Roaming\npm\node_modules\firebase-tools\lib\deploy\functions\release\fabricator.js:89:17)
[error] 
[error] Error: There was an error deploying functions
[debug] [2025-10-01T21:24:47.372Z] ----------------------------------------------------------------------
[debug] [2025-10-01T21:24:47.374Z] Command:       C:\Program Files\nodejs\node.exe C:\Users\fanel\AppData\Roaming\npm\node_modules\firebase-tools\lib\bin\firebase.js deploy --only firestore:rules,hosting,functions
[debug] [2025-10-01T21:24:47.375Z] CLI Version:   14.12.0
[debug] [2025-10-01T21:24:47.375Z] Platform:      win32
[debug] [2025-10-01T21:24:47.375Z] Node Version:  v24.5.0
[debug] [2025-10-01T21:24:47.375Z] Time:          Wed Oct 01 2025 23:24:47 GMT+0200 (South Africa Standard Time)
[debug] [2025-10-01T21:24:47.375Z] ----------------------------------------------------------------------
[debug] 
[debug] [2025-10-01T21:24:47.543Z] > command requires scopes: ["email","openid","https://www.googleapis.com/auth/cloudplatformprojects.readonly","https://www.googleapis.com/auth/firebase","https://www.googleapis.com/auth/cloud-platform"]
[debug] [2025-10-01T21:24:47.544Z] > authorizing via signed-in user (fanelesibonge50@gmail.com)
[debug] [2025-10-01T21:24:47.544Z] [iam] checking project end-of-time-94cd3 for permissions ["cloudfunctions.functions.create","cloudfunctions.functions.delete","cloudfunctions.functions.get","cloudfunctions.functions.list","cloudfunctions.functions.update","cloudfunctions.operations.get","datastore.indexes.create","datastore.indexes.delete","datastore.indexes.list","datastore.indexes.update","firebase.projects.get","firebasehosting.sites.update"]
[debug] [2025-10-01T21:24:47.545Z] Checked if tokens are valid: true, expires at: 1759356586532
[debug] [2025-10-01T21:24:47.545Z] Checked if tokens are valid: true, expires at: 1759356586532
[debug] [2025-10-01T21:24:47.545Z] >>> [apiv2][query] POST https://cloudresourcemanager.googleapis.com/v1/projects/end-of-time-94cd3:testIamPermissions [none]
[debug] [2025-10-01T21:24:47.546Z] >>> [apiv2][(partial)header] POST https://cloudresourcemanager.googleapis.com/v1/projects/end-of-time-94cd3:testIamPermissions x-goog-quota-user=projects/end-of-time-94cd3
[debug] [2025-10-01T21:24:47.546Z] >>> [apiv2][body] POST https://cloudresourcemanager.googleapis.com/v1/projects/end-of-time-94cd3:testIamPermissions {"permissions":["cloudfunctions.functions.create","cloudfunctions.functions.delete","cloudfunctions.functions.get","cloudfunctions.functions.list","cloudfunctions.functions.update","cloudfunctions.operations.get","datastore.indexes.create","datastore.indexes.delete","datastore.indexes.list","datastore.indexes.update","firebase.projects.get","firebasehosting.sites.update"]}
[debug] [2025-10-01T21:24:49.185Z] <<< [apiv2][status] POST https://cloudresourcemanager.googleapis.com/v1/projects/end-of-time-94cd3:testIamPermissions 200
[debug] [2025-10-01T21:24:49.186Z] <<< [apiv2][body] POST https://cloudresourcemanager.googleapis.com/v1/projects/end-of-time-94cd3:testIamPermissions {"permissions":["cloudfunctions.functions.create","cloudfunctions.functions.delete","cloudfunctions.functions.get","cloudfunctions.functions.list","cloudfunctions.functions.update","cloudfunctions.operations.get","datastore.indexes.create","datastore.indexes.delete","datastore.indexes.list","datastore.indexes.update","firebase.projects.get","firebasehosting.sites.update"]}
[debug] [2025-10-01T21:24:49.186Z] Checked if tokens are valid: true, expires at: 1759356586532
[debug] [2025-10-01T21:24:49.186Z] Checked if tokens are valid: true, expires at: 1759356586532
[debug] [2025-10-01T21:24:49.186Z] >>> [apiv2][query] POST https://iam.googleapis.com/v1/projects/end-of-time-94cd3/serviceAccounts/end-of-time-94cd3@appspot.gserviceaccount.com:testIamPermissions [none]
[debug] [2025-10-01T21:24:49.186Z] >>> [apiv2][body] POST https://iam.googleapis.com/v1/projects/end-of-time-94cd3/serviceAccounts/end-of-time-94cd3@appspot.gserviceaccount.com:testIamPermissions {"permissions":["iam.serviceAccounts.actAs"]}
[debug] [2025-10-01T21:24:50.979Z] <<< [apiv2][status] POST https://iam.googleapis.com/v1/projects/end-of-time-94cd3/serviceAccounts/end-of-time-94cd3@appspot.gserviceaccount.com:testIamPermissions 200
[debug] [2025-10-01T21:24:50.979Z] <<< [apiv2][body] POST https://iam.googleapis.com/v1/projects/end-of-time-94cd3/serviceAccounts/end-of-time-94cd3@appspot.gserviceaccount.com:testIamPermissions {"permissions":["iam.serviceAccounts.actAs"]}
[debug] [2025-10-01T21:24:50.979Z] Checked if tokens are valid: true, expires at: 1759356586532
[debug] [2025-10-01T21:24:50.979Z] Checked if tokens are valid: true, expires at: 1759356586532
[debug] [2025-10-01T21:24:50.979Z] >>> [apiv2][query] GET https://firebase.googleapis.com/v1beta1/projects/end-of-time-94cd3 [none]
[debug] [2025-10-01T21:24:51.540Z] <<< [apiv2][status] GET https://firebase.googleapis.com/v1beta1/projects/end-of-time-94cd3 200
[debug] [2025-10-01T21:24:51.540Z] <<< [apiv2][body] GET https://firebase.googleapis.com/v1beta1/projects/end-of-time-94cd3 {"projectId":"end-of-time-94cd3","projectNumber":"628602476853","displayName":"End of Time","name":"projects/end-of-time-94cd3","resources":{"hostingSite":"end-of-time-94cd3"},"state":"ACTIVE","etag":"1_89cdfba8-2370-4ea1-b19c-81562d064c47"}
[info] 
[info] === Deploying to 'end-of-time-94cd3'...
[info] 
[info] i  deploying firestore, functions, hosting 
[info] i  firestore: reading indexes from firestore.indexes.json... 
[info] i  cloud.firestore: checking firestore-rules.txt for compilation errors... 
[debug] [2025-10-01T21:24:51.543Z] Checked if tokens are valid: true, expires at: 1759356586532
[debug] [2025-10-01T21:24:51.543Z] Checked if tokens are valid: true, expires at: 1759356586532
[debug] [2025-10-01T21:24:51.543Z] >>> [apiv2][query] POST https://firebaserules.googleapis.com/v1/projects/end-of-time-94cd3:test [none]
[debug] [2025-10-01T21:24:51.543Z] >>> [apiv2][body] POST https://firebaserules.googleapis.com/v1/projects/end-of-time-94cd3:test [omitted]
[debug] [2025-10-01T21:24:52.540Z] <<< [apiv2][status] POST https://firebaserules.googleapis.com/v1/projects/end-of-time-94cd3:test 200
[debug] [2025-10-01T21:24:52.540Z] <<< [apiv2][body] POST https://firebaserules.googleapis.com/v1/projects/end-of-time-94cd3:test {}
[info] +  cloud.firestore: rules file firestore-rules.txt compiled successfully 
[debug] [2025-10-01T21:24:52.541Z] Checked if tokens are valid: true, expires at: 1759356586532
[debug] [2025-10-01T21:24:52.542Z] Checked if tokens are valid: true, expires at: 1759356586532
[debug] [2025-10-01T21:24:52.542Z] >>> [apiv2][query] GET https://cloudresourcemanager.googleapis.com/v1/projects/end-of-time-94cd3 [none]
[debug] [2025-10-01T21:24:52.865Z] <<< [apiv2][status] GET https://cloudresourcemanager.googleapis.com/v1/projects/end-of-time-94cd3 200
[debug] [2025-10-01T21:24:52.865Z] <<< [apiv2][body] GET https://cloudresourcemanager.googleapis.com/v1/projects/end-of-time-94cd3 {"projectNumber":"628602476853","projectId":"end-of-time-94cd3","lifecycleState":"ACTIVE","name":"End of Time","labels":{"firebase":"enabled","firebase-core":"disabled"},"createTime":"2025-08-07T11:37:20.813282Z"}
[info] i  functions: preparing codebase default for deployment 
[info] i  functions: ensuring required API cloudfunctions.googleapis.com is enabled... 
[info] i  functions: ensuring required API cloudbuild.googleapis.com is enabled... 
[info] i  artifactregistry: ensuring required API artifactregistry.googleapis.com is enabled... 
[debug] [2025-10-01T21:24:52.867Z] Checked if tokens are valid: true, expires at: 1759356586532
[debug] [2025-10-01T21:24:52.867Z] Checked if tokens are valid: true, expires at: 1759356586532
[debug] [2025-10-01T21:24:52.867Z] >>> [apiv2][query] GET https://firebase.googleapis.com/v1beta1/projects/end-of-time-94cd3/adminSdkConfig [none]
[debug] [2025-10-01T21:24:53.253Z] <<< [apiv2][status] GET https://firebase.googleapis.com/v1beta1/projects/end-of-time-94cd3/adminSdkConfig 200
[debug] [2025-10-01T21:24:53.253Z] <<< [apiv2][body] GET https://firebase.googleapis.com/v1beta1/projects/end-of-time-94cd3/adminSdkConfig {"projectId":"end-of-time-94cd3","storageBucket":"end-of-time-94cd3.firebasestorage.app"}
[debug] [2025-10-01T21:24:53.253Z] Checked if tokens are valid: true, expires at: 1759356586532
[debug] [2025-10-01T21:24:53.253Z] Checked if tokens are valid: true, expires at: 1759356586532
[debug] [2025-10-01T21:24:53.253Z] >>> [apiv2][query] GET https://runtimeconfig.googleapis.com/v1beta1/projects/end-of-time-94cd3/configs [none]
[debug] [2025-10-01T21:24:53.976Z] <<< [apiv2][status] GET https://runtimeconfig.googleapis.com/v1beta1/projects/end-of-time-94cd3/configs 200
[debug] [2025-10-01T21:24:53.976Z] <<< [apiv2][body] GET https://runtimeconfig.googleapis.com/v1beta1/projects/end-of-time-94cd3/configs {"configs":[{"name":"projects/end-of-time-94cd3/configs/email"}]}
[debug] [2025-10-01T21:24:53.976Z] Checked if tokens are valid: true, expires at: 1759356586532
[debug] [2025-10-01T21:24:53.976Z] Checked if tokens are valid: true, expires at: 1759356586532
[debug] [2025-10-01T21:24:53.977Z] >>> [apiv2][query] GET https://runtimeconfig.googleapis.com/v1beta1/projects/end-of-time-94cd3/configs/email/variables [none]
[debug] [2025-10-01T21:24:54.339Z] <<< [apiv2][status] GET https://runtimeconfig.googleapis.com/v1beta1/projects/end-of-time-94cd3/configs/email/variables 200
[debug] [2025-10-01T21:24:54.339Z] <<< [apiv2][body] GET https://runtimeconfig.googleapis.com/v1beta1/projects/end-of-time-94cd3/configs/email/variables {"variables":[{"name":"projects/end-of-time-94cd3/configs/email/variables/pass","updateTime":"2025-08-15T10:58:03.038240785Z"},{"name":"projects/end-of-time-94cd3/configs/email/variables/user","updateTime":"2025-08-15T10:57:09.375568404Z"}]}
[debug] [2025-10-01T21:24:54.339Z] Checked if tokens are valid: true, expires at: 1759356586532
[debug] [2025-10-01T21:24:54.339Z] Checked if tokens are valid: true, expires at: 1759356586532
[debug] [2025-10-01T21:24:54.339Z] Checked if tokens are valid: true, expires at: 1759356586532
[debug] [2025-10-01T21:24:54.339Z] Checked if tokens are valid: true, expires at: 1759356586532
[debug] [2025-10-01T21:24:54.340Z] >>> [apiv2][query] GET https://runtimeconfig.googleapis.com/v1beta1/projects/end-of-time-94cd3/configs/email/variables/pass [none]
[debug] [2025-10-01T21:24:54.340Z] >>> [apiv2][query] GET https://runtimeconfig.googleapis.com/v1beta1/projects/end-of-time-94cd3/configs/email/variables/user [none]
[debug] [2025-10-01T21:24:54.680Z] <<< [apiv2][status] GET https://runtimeconfig.googleapis.com/v1beta1/projects/end-of-time-94cd3/configs/email/variables/pass 200
[debug] [2025-10-01T21:24:54.680Z] <<< [apiv2][body] GET https://runtimeconfig.googleapis.com/v1beta1/projects/end-of-time-94cd3/configs/email/variables/pass {"name":"projects/end-of-time-94cd3/configs/email/variables/pass","updateTime":"2025-08-15T10:58:03.038240785Z","text":"znpv nfbd lerz mhbi"}
[debug] [2025-10-01T21:24:54.886Z] <<< [apiv2][status] GET https://runtimeconfig.googleapis.com/v1beta1/projects/end-of-time-94cd3/configs/email/variables/user 200
[debug] [2025-10-01T21:24:54.886Z] <<< [apiv2][body] GET https://runtimeconfig.googleapis.com/v1beta1/projects/end-of-time-94cd3/configs/email/variables/user {"name":"projects/end-of-time-94cd3/configs/email/variables/user","updateTime":"2025-08-15T10:57:09.375568404Z","text":"fanelesibonge50@gmail.com"}
[debug] [2025-10-01T21:24:54.888Z] Validating nodejs source
[warn] !  functions: Runtime Node.js 18 was deprecated on 2025-04-30 and will be decommissioned on 2025-10-30, after which you will not be able to deploy without upgrading. Consider upgrading now to avoid disruption. See https://cloud.google.com/functions/docs/runtime-support for full details on the lifecycle policy 
[warn] !  functions: package.json indicates an outdated version of firebase-functions. Please upgrade using npm install --save firebase-functions@latest in your functions directory. 
[warn] !  functions: Please note that there will be breaking changes when you upgrade. 
[debug] [2025-10-01T21:24:55.737Z] > [functions] package.json contents: {
  "name": "end-of-time-functions",
  "engines": {
    "node": "18"
  },
  "main": "index.js",
  "scripts": {
    "build": "tsc -p .",
    "deploy": "npm run build && firebase deploy --only functions"
  },
  "dependencies": {
    "firebase-admin": "^11.11.0",
    "firebase-functions": "^4.4.0",
    "node-fetch": "^3.3.2",
    "nodemailer": "^7.0.5"
  },
  "devDependencies": {
    "typescript": "^5.4.0"
  }
}
[debug] [2025-10-01T21:24:55.738Z] Building nodejs source
[info] i  functions: Loading and analyzing source code for codebase default to determine what to deploy 
[info] i  functions: You are using a version of firebase-functions SDK (4.9.0) that does not have support for the newest Firebase Extensions features. Please update firebase-functions SDK to >=5.1.0 to use them correctly 
[debug] [2025-10-01T21:24:55.739Z] Could not find functions.yaml. Must use http discovery
[debug] [2025-10-01T21:24:55.747Z] Found firebase-functions binary at 'C:\Users\fanel\Videos\Web App (End of Time)\VideoProc Converter - Copy - Copy - Copy (2) - Copy - Copy\functions\node_modules\.bin\firebase-functions'
[info] Serving at port 8309

[debug] [2025-10-01T21:24:56.291Z] Got response from /__/functions.yaml {"endpoints":{"onInteractionCreate":{"platform":"gcfv1","availableMemoryMb":null,"timeoutSeconds":null,"minInstances":null,"maxInstances":null,"ingressSettings":null,"serviceAccountEmail":null,"vpc":null,"eventTrigger":{"eventType":"providers/cloud.firestore/eventTypes/document.create","eventFilters":{"resource":"projects/end-of-time-94cd3/databases/(default)/documents/prayers/{prayerId}/interactions/{interactionId}"},"retry":false},"labels":{},"entryPoint":"onInteractionCreate"},"sendEmailNotification":{"platform":"gcfv1","availableMemoryMb":null,"timeoutSeconds":null,"minInstances":null,"maxInstances":null,"ingressSettings":null,"serviceAccountEmail":null,"vpc":null,"eventTrigger":{"eventType":"providers/cloud.firestore/eventTypes/document.create","eventFilters":{"resource":"projects/end-of-time-94cd3/databases/(default)/documents/emailQueue/{docId}"},"retry":false},"labels":{},"entryPoint":"sendEmailNotification"}},"specVersion":"v1alpha1","requiredAPIs":[]}
[info] i  functions: preparing functions directory for uploading... 
[info] i  functions: packaged C:\Users\fanel\Videos\Web App (End of Time)\VideoProc Converter - Copy - Copy - Copy (2) - Copy - Copy\functions (43.38 KB) for uploading 
[debug] [2025-10-01T21:25:00.353Z] Checked if tokens are valid: true, expires at: 1759356586532
[debug] [2025-10-01T21:25:00.353Z] Checked if tokens are valid: true, expires at: 1759356586532
[debug] [2025-10-01T21:25:00.353Z] >>> [apiv2][query] GET https://cloudfunctions.googleapis.com/v1/projects/end-of-time-94cd3/locations/-/functions [none]
[debug] [2025-10-01T21:25:02.407Z] <<< [apiv2][status] GET https://cloudfunctions.googleapis.com/v1/projects/end-of-time-94cd3/locations/-/functions 200
[debug] [2025-10-01T21:25:02.407Z] <<< [apiv2][body] GET https://cloudfunctions.googleapis.com/v1/projects/end-of-time-94cd3/locations/-/functions {"functions":[{"name":"projects/end-of-time-94cd3/locations/us-central1/functions/sendEmailNotification","eventTrigger":{"eventType":"providers/cloud.firestore/eventTypes/document.create","resource":"projects/end-of-time-94cd3/databases/(default)/documents/emailQueue/{docId}","service":"firestore.googleapis.com","failurePolicy":{}},"status":"ACTIVE","entryPoint":"sendEmailNotification","timeout":"60s","availableMemoryMb":256,"serviceAccountEmail":"end-of-time-94cd3@appspot.gserviceaccount.com","updateTime":"2025-10-01T21:20:20.620964902Z","versionId":"1","labels":{"deployment-tool":"cli-firebase","firebase-functions-hash":"abeb78fe080798b6edb30006e6a0e5ea74a57c45"},"sourceUploadUrl":"https://storage.googleapis.com/uploads-942337535895.us-central1.cloudfunctions.appspot.com/8344b6c7-d4fe-4114-9f2b-a8efe8f014e9.zip","environmentVariables":{"FIREBASE_CONFIG":"{\"projectId\":\"end-of-time-94cd3\",\"storageBucket\":\"end-of-time-94cd3.firebasestorage.app\"}","GCLOUD_PROJECT":"end-of-time-94cd3","EVENTARC_CLOUD_EVENT_SOURCE":"projects/end-of-time-94cd3/locations/us-central1/functions/sendEmailNotification"},"runtime":"nodejs18","maxInstances":3000,"ingressSettings":"ALLOW_ALL","buildId":"0dfde81f-3944-471f-9606-8a11b2240aec","buildEnvironmentVariables":{"GOOGLE_NODE_RUN_SCRIPTS":""},"buildName":"projects/628602476853/locations/us-central1/builds/0dfde81f-3944-471f-9606-8a11b2240aec","dockerRegistry":"ARTIFACT_REGISTRY","automaticUpdatePolicy":{},"buildServiceAccount":"projects/end-of-time-94cd3/serviceAccounts/628602476853-compute@developer.gserviceaccount.com","satisfiesPzi":true}]}
[debug] [2025-10-01T21:25:02.408Z] Checked if tokens are valid: true, expires at: 1759356586532
[debug] [2025-10-01T21:25:02.408Z] Checked if tokens are valid: true, expires at: 1759356586532
[debug] [2025-10-01T21:25:02.408Z] >>> [apiv2][query] GET https://cloudfunctions.googleapis.com/v2/projects/end-of-time-94cd3/locations/-/functions filter=environment%3D%22GEN_2%22
[debug] [2025-10-01T21:25:04.620Z] <<< [apiv2][status] GET https://cloudfunctions.googleapis.com/v2/projects/end-of-time-94cd3/locations/-/functions 200
[debug] [2025-10-01T21:25:04.621Z] <<< [apiv2][body] GET https://cloudfunctions.googleapis.com/v2/projects/end-of-time-94cd3/locations/-/functions {"functions":[{"name":"projects/end-of-time-94cd3/locations/us-central1/functions/onInteractionCreate","buildConfig":{"build":"projects/628602476853/locations/us-central1/builds/82e2025a-c7ad-424b-a90d-378bc24aa3de","runtime":"nodejs18","entryPoint":"onInteractionCreate","source":{"storageSource":{"bucket":"gcf-v2-sources-628602476853-us-central1","object":"onInteractionCreate/function-source.zip","generation":"1759353733106012"}},"environmentVariables":{"GOOGLE_NODE_RUN_SCRIPTS":""},"dockerRepository":"projects/end-of-time-94cd3/locations/us-central1/repositories/gcf-artifacts","sourceProvenance":{"resolvedStorageSource":{"bucket":"gcf-v2-sources-628602476853-us-central1","object":"onInteractionCreate/function-source.zip","generation":"1759353733106012"}},"dockerRegistry":"ARTIFACT_REGISTRY","serviceAccount":"projects/end-of-time-94cd3/serviceAccounts/628602476853-compute@developer.gserviceaccount.com","automaticUpdatePolicy":{}},"state":"FAILED","updateTime":"2025-10-01T21:23:28.190032001Z","labels":{"firebase-functions-hash":"76991da653c0df60e123106c1d99cae146712f90","deployment-tool":"cli-firebase"},"stateMessages":[{"severity":"ERROR","type":"CloudRunServiceNotFound","message":"Cloud Run service projects/end-of-time-94cd3/locations/us-central1/services/oninteractioncreate for the function was not found. The function will not work correctly. Please redeploy."},{"severity":"ERROR","type":"EventarcTriggerNotFound","message":"Eventarc trigger projects/end-of-time-94cd3/locations/africa-south1/triggers/oninteractioncreate-524250 for the function was not found. The function may not work correctly. Please redeploy."}],"environment":"GEN_2","url":"https://us-central1-end-of-time-94cd3.cloudfunctions.net/onInteractionCreate","createTime":"2025-10-01T21:22:14.508888325Z","satisfiesPzi":true}]}
[debug] [2025-10-01T21:25:04.623Z] Checked if tokens are valid: true, expires at: 1759356586532
[debug] [2025-10-01T21:25:04.624Z] Checked if tokens are valid: true, expires at: 1759356586532
[debug] [2025-10-01T21:25:04.624Z] >>> [apiv2][query] GET https://cloudresourcemanager.googleapis.com/v1/projects/end-of-time-94cd3 [none]
[debug] [2025-10-01T21:25:06.258Z] <<< [apiv2][status] GET https://cloudresourcemanager.googleapis.com/v1/projects/end-of-time-94cd3 200
[debug] [2025-10-01T21:25:06.258Z] <<< [apiv2][body] GET https://cloudresourcemanager.googleapis.com/v1/projects/end-of-time-94cd3 {"projectNumber":"628602476853","projectId":"end-of-time-94cd3","lifecycleState":"ACTIVE","name":"End of Time","labels":{"firebase":"enabled","firebase-core":"disabled"},"createTime":"2025-08-07T11:37:20.813282Z"}
[debug] [2025-10-01T21:25:06.258Z] Checked if tokens are valid: true, expires at: 1759356586532
[debug] [2025-10-01T21:25:06.258Z] Checked if tokens are valid: true, expires at: 1759356586532
[debug] [2025-10-01T21:25:06.258Z] >>> [apiv2][query] GET https://compute.googleapis.com/compute/v1/projects/628602476853 [none]
[debug] [2025-10-01T21:25:06.926Z] <<< [apiv2][status] GET https://compute.googleapis.com/compute/v1/projects/628602476853 403
[debug] [2025-10-01T21:25:06.927Z] <<< [apiv2][body] GET https://compute.googleapis.com/compute/v1/projects/628602476853 {"error":{"code":403,"message":"Compute Engine API has not been used in project 628602476853 before or it is disabled. Enable it by visiting https://console.developers.google.com/apis/api/compute.googleapis.com/overview?project=628602476853 then retry. If you enabled this API recently, wait a few minutes for the action to propagate to our systems and retry.","errors":[{"message":"Compute Engine API has not been used in project 628602476853 before or it is disabled. Enable it by visiting https://console.developers.google.com/apis/api/compute.googleapis.com/overview?project=628602476853 then retry. If you enabled this API recently, wait a few minutes for the action to propagate to our systems and retry.","domain":"usageLimits","reason":"accessNotConfigured","extendedHelp":"https://console.developers.google.com"}],"status":"PERMISSION_DENIED","details":[{"@type":"type.googleapis.com/google.rpc.ErrorInfo","reason":"SERVICE_DISABLED","domain":"googleapis.com","metadata":{"activationUrl":"https://console.developers.google.com/apis/api/compute.googleapis.com/overview?project=628602476853","serviceTitle":"Compute Engine API","consumer":"projects/628602476853","containerInfo":"628602476853","service":"compute.googleapis.com"}},{"@type":"type.googleapis.com/google.rpc.LocalizedMessage","locale":"en-US","message":"Compute Engine API has not been used in project 628602476853 before or it is disabled. Enable it by visiting https://console.developers.google.com/apis/api/compute.googleapis.com/overview?project=628602476853 then retry. If you enabled this API recently, wait a few minutes for the action to propagate to our systems and retry."},{"@type":"type.googleapis.com/google.rpc.Help","links":[{"description":"Google developers console API activation","url":"https://console.developers.google.com/apis/api/compute.googleapis.com/overview?project=628602476853"}]}]}}
[debug] [2025-10-01T21:25:06.927Z] unable to look up default compute service account. Falling back to 628602476853-compute@developer.gserviceaccount.com. Error: {"name":"FirebaseError","children":[],"context":{"body":{"error":{"code":403,"message":"Compute Engine API has not been used in project 628602476853 before or it is disabled. Enable it by visiting https://console.developers.google.com/apis/api/compute.googleapis.com/overview?project=628602476853 then retry. If you enabled this API recently, wait a few minutes for the action to propagate to our systems and retry.","errors":[{"message":"Compute Engine API has not been used in project 628602476853 before or it is disabled. Enable it by visiting https://console.developers.google.com/apis/api/compute.googleapis.com/overview?project=628602476853 then retry. If you enabled this API recently, wait a few minutes for the action to propagate to our systems and retry.","domain":"usageLimits","reason":"accessNotConfigured","extendedHelp":"https://console.developers.google.com"}],"status":"PERMISSION_DENIED","details":[{"@type":"type.googleapis.com/google.rpc.ErrorInfo","reason":"SERVICE_DISABLED","domain":"googleapis.com","metadata":{"activationUrl":"https://console.developers.google.com/apis/api/compute.googleapis.com/overview?project=628602476853","serviceTitle":"Compute Engine API","consumer":"projects/628602476853","containerInfo":"628602476853","service":"compute.googleapis.com"}},{"@type":"type.googleapis.com/google.rpc.LocalizedMessage","locale":"en-US","message":"Compute Engine API has not been used in project 628602476853 before or it is disabled. Enable it by visiting https://console.developers.google.com/apis/api/compute.googleapis.com/overview?project=628602476853 then retry. If you enabled this API recently, wait a few minutes for the action to propagate to our systems and retry."},{"@type":"type.googleapis.com/google.rpc.Help","links":[{"description":"Google developers console API activation","url":"https://console.developers.google.com/apis/api/compute.googleapis.com/overview?project=628602476853"}]}]}},"response":{"statusCode":403}},"exit":1,"message":"Request to https://compute.googleapis.com/compute/v1/projects/628602476853 had HTTP Error: 403, Compute Engine API has not been used in project 628602476853 before or it is disabled. Enable it by visiting https://console.developers.google.com/apis/api/compute.googleapis.com/overview?project=628602476853 then retry. If you enabled this API recently, wait a few minutes for the action to propagate to our systems and retry.","status":403}
[debug] [2025-10-01T21:25:06.930Z] Checked if tokens are valid: true, expires at: 1759356586532
[debug] [2025-10-01T21:25:06.930Z] Checked if tokens are valid: true, expires at: 1759356586532
[debug] [2025-10-01T21:25:06.930Z] >>> [apiv2][query] POST https://firebasehosting.googleapis.com/v1beta1/projects/-/sites/end-of-time-94cd3/versions [none]
[debug] [2025-10-01T21:25:06.930Z] >>> [apiv2][body] POST https://firebasehosting.googleapis.com/v1beta1/projects/-/sites/end-of-time-94cd3/versions {"status":"CREATED","labels":{"deployment-tool":"cli-firebase"}}
[debug] [2025-10-01T21:25:09.142Z] <<< [apiv2][status] POST https://firebasehosting.googleapis.com/v1beta1/projects/-/sites/end-of-time-94cd3/versions 200
[debug] [2025-10-01T21:25:09.142Z] <<< [apiv2][body] POST https://firebasehosting.googleapis.com/v1beta1/projects/-/sites/end-of-time-94cd3/versions {"name":"projects/628602476853/sites/end-of-time-94cd3/versions/68058b531b0ec3a6","status":"CREATED","config":{},"labels":{"deployment-tool":"cli-firebase"}}
[debug] [2025-10-01T21:25:09.142Z] Checked if tokens are valid: true, expires at: 1759356586532
[debug] [2025-10-01T21:25:09.143Z] Checked if tokens are valid: true, expires at: 1759356586532
[debug] [2025-10-01T21:25:09.143Z] >>> [apiv2][query] GET https://firestore.googleapis.com/v1/projects/end-of-time-94cd3/databases/(default) [none]
[debug] [2025-10-01T21:25:09.714Z] <<< [apiv2][status] GET https://firestore.googleapis.com/v1/projects/end-of-time-94cd3/databases/(default) 200
[debug] [2025-10-01T21:25:09.714Z] <<< [apiv2][body] GET https://firestore.googleapis.com/v1/projects/end-of-time-94cd3/databases/(default) {"name":"projects/end-of-time-94cd3/databases/(default)","uid":"6b62c153-99ce-4b69-9b58-9389d65a2b79","createTime":"2025-08-07T13:15:58.421611Z","updateTime":"2025-08-07T13:15:58.421611Z","locationId":"africa-south1","type":"FIRESTORE_NATIVE","concurrencyMode":"PESSIMISTIC","versionRetentionPeriod":"3600s","earliestVersionTime":"2025-10-01T20:25:07.335151Z","appEngineIntegrationMode":"DISABLED","pointInTimeRecoveryEnablement":"POINT_IN_TIME_RECOVERY_DISABLED","deleteProtectionState":"DELETE_PROTECTION_DISABLED","databaseEdition":"STANDARD","freeTier":true,"etag":"IMOduYX4g5ADMJSOg43NgZAD"}
[debug] [2025-10-01T21:25:09.715Z] Checked if tokens are valid: true, expires at: 1759356586532
[debug] [2025-10-01T21:25:09.715Z] Checked if tokens are valid: true, expires at: 1759356586532
[debug] [2025-10-01T21:25:09.715Z] >>> [apiv2][query] GET https://firebaserules.googleapis.com/v1/projects/end-of-time-94cd3/releases pageSize=10&pageToken=
[debug] [2025-10-01T21:25:10.713Z] <<< [apiv2][status] GET https://firebaserules.googleapis.com/v1/projects/end-of-time-94cd3/releases 200
[debug] [2025-10-01T21:25:10.714Z] <<< [apiv2][body] GET https://firebaserules.googleapis.com/v1/projects/end-of-time-94cd3/releases {"releases":[{"name":"projects/end-of-time-94cd3/releases/cloud.firestore","rulesetName":"projects/end-of-time-94cd3/rulesets/68474669-bfd1-460f-8513-1bd661aba286","createTime":"2025-08-07T13:16:05.983290Z","updateTime":"2025-10-01T21:22:11.961632Z"}]}
[debug] [2025-10-01T21:25:10.714Z] Checked if tokens are valid: true, expires at: 1759356586532
[debug] [2025-10-01T21:25:10.714Z] Checked if tokens are valid: true, expires at: 1759356586532
[debug] [2025-10-01T21:25:10.714Z] >>> [apiv2][query] GET https://firebaserules.googleapis.com/v1/projects/end-of-time-94cd3/rulesets/68474669-bfd1-460f-8513-1bd661aba286 [none]
[debug] [2025-10-01T21:25:11.135Z] <<< [apiv2][status] GET https://firebaserules.googleapis.com/v1/projects/end-of-time-94cd3/rulesets/68474669-bfd1-460f-8513-1bd661aba286 200
[debug] [2025-10-01T21:25:11.135Z] <<< [apiv2][body] GET https://firebaserules.googleapis.com/v1/projects/end-of-time-94cd3/rulesets/68474669-bfd1-460f-8513-1bd661aba286 [omitted]
[info] i  firestore: latest version of firestore-rules.txt already up to date, skipping upload... 
[debug] [2025-10-01T21:25:11.136Z] Checked if tokens are valid: true, expires at: 1759356586532
[debug] [2025-10-01T21:25:11.136Z] Checked if tokens are valid: true, expires at: 1759356586532
[debug] [2025-10-01T21:25:11.136Z] >>> [apiv2][query] POST https://cloudfunctions.googleapis.com/v1/projects/end-of-time-94cd3/locations/us-central1/functions:generateUploadUrl [none]
[debug] [2025-10-01T21:25:11.136Z] >>> [apiv2][body] POST https://cloudfunctions.googleapis.com/v1/projects/end-of-time-94cd3/locations/us-central1/functions:generateUploadUrl {}
[debug] [2025-10-01T21:25:11.989Z] <<< [apiv2][status] POST https://cloudfunctions.googleapis.com/v1/projects/end-of-time-94cd3/locations/us-central1/functions:generateUploadUrl 200
[debug] [2025-10-01T21:25:11.990Z] <<< [apiv2][body] POST https://cloudfunctions.googleapis.com/v1/projects/end-of-time-94cd3/locations/us-central1/functions:generateUploadUrl {"uploadUrl":"https://storage.googleapis.com/uploads-942337535895.us-central1.cloudfunctions.appspot.com/4444542e-24a9-4660-873f-86b746444252.zip?GoogleAccessId=service-628602476853@gcf-admin-robot.iam.gserviceaccount.com&Expires=1759355709&Signature=FaBBuvmpRLaJu2jQyCWutQ5SPzuqU44tRX8Xmdl4XWFmQnRPkx8lRigU7OHomWBVYTdlHWMZAVt7bcZfyiDQlQWKIY4hZaJAw9y3hxr4aL72EQstFQTR%2BeBuzc01mL0h7Yhl6vD%2B9DxkyAi5Hey9pZwsjCFIC8%2Bz2iJ8F3%2F%2FGogD6ISZZ0nO7ZIGNOj3wwGDXZVe3XGWHyuTupSuflaYK%2BPbsrh19aJLIMdXPoDslTC%2FfuKAwR57NXH1kSRlxJGsIZ2A4pucQd7O85HMlwjg42xgFcKTMvBMifddbelZUGq1VZkTgvDFMeogIabFfXri0Nul4Hgn2NGsiQ77p%2BHZMQ%3D%3D"}
[debug] [2025-10-01T21:25:11.991Z] >>> [apiv2][query] PUT https://storage.googleapis.com/uploads-942337535895.us-central1.cloudfunctions.appspot.com/4444542e-24a9-4660-873f-86b746444252.zip GoogleAccessId=service-628602476853%40gcf-admin-robot.iam.gserviceaccount.com&Expires=1759355709&Signature=FaBBuvmpRLaJu2jQyCWutQ5SPzuqU44tRX8Xmdl4XWFmQnRPkx8lRigU7OHomWBVYTdlHWMZAVt7bcZfyiDQlQWKIY4hZaJAw9y3hxr4aL72EQstFQTR%2BeBuzc01mL0h7Yhl6vD%2B9DxkyAi5Hey9pZwsjCFIC8%2Bz2iJ8F3%2F%2FGogD6ISZZ0nO7ZIGNOj3wwGDXZVe3XGWHyuTupSuflaYK%2BPbsrh19aJLIMdXPoDslTC%2FfuKAwR57NXH1kSRlxJGsIZ2A4pucQd7O85HMlwjg42xgFcKTMvBMifddbelZUGq1VZkTgvDFMeogIabFfXri0Nul4Hgn2NGsiQ77p%2BHZMQ%3D%3D
[debug] [2025-10-01T21:25:11.991Z] >>> [apiv2][body] PUT https://storage.googleapis.com/uploads-942337535895.us-central1.cloudfunctions.appspot.com/4444542e-24a9-4660-873f-86b746444252.zip [stream]
[debug] [2025-10-01T21:25:14.125Z] <<< [apiv2][status] PUT https://storage.googleapis.com/uploads-942337535895.us-central1.cloudfunctions.appspot.com/4444542e-24a9-4660-873f-86b746444252.zip 200
[debug] [2025-10-01T21:25:14.125Z] <<< [apiv2][body] PUT https://storage.googleapis.com/uploads-942337535895.us-central1.cloudfunctions.appspot.com/4444542e-24a9-4660-873f-86b746444252.zip [omitted]
[info] +  functions: functions folder uploaded successfully 
[info] i  hosting[end-of-time-94cd3]: beginning deploy... 
[info] i  hosting[end-of-time-94cd3]: found 99 files in . 
[debug] [2025-10-01T21:25:14.143Z] [hosting] uploading with 200 concurrency
[debug] [2025-10-01T21:25:14.154Z] Checked if tokens are valid: true, expires at: 1759356586532
[debug] [2025-10-01T21:25:14.154Z] Checked if tokens are valid: true, expires at: 1759356586532
[debug] [2025-10-01T21:25:14.155Z] [hosting] hash cache [] stored for 99 files
[debug] [2025-10-01T21:25:14.155Z] [hosting][hash queue][FINAL] {"max":4,"min":0,"avg":1.1723187118761536,"active":0,"complete":99,"success":99,"errored":0,"retried":0,"total":99,"elapsed":11}
[debug] [2025-10-01T21:25:14.155Z] >>> [apiv2][query] POST https://firebasehosting.googleapis.com/v1beta1/projects/628602476853/sites/end-of-time-94cd3/versions/68058b531b0ec3a6:populateFiles [none]
[debug] [2025-10-01T21:25:14.156Z] >>> [apiv2][body] POST https://firebasehosting.googleapis.com/v1beta1/projects/628602476853/sites/end-of-time-94cd3/versions/68058b531b0ec3a6:populateFiles {"files":{"/WRONG BUZZER 7.wav":"67486f7092540787e54d72b6a2f03e2cf7b7d2a3546f620a6cb7b4e04870d5cc","/Transition.wav":"2237f334e8f5e8bcb3521282d8ab392488b15fee94584b5df7f8933d8bf5512e","/Transition 2.wav":"c1056a8ec267bf1eeccb9f82fcd79bec2c4871de631a2ad0a8aa50f13f1a544b","/ticking_time.wav":"bc86335ca68258da8f73e6fee157556d04731807d16b7f9fc4909cf1e5bbe4a0","/styles.css.backup":"b9afea2d8bf68b3b36c96ce228dfcdd393b744d706bcfd9faadf17c9d1a83e74","/styles.css":"e0997249d2632f51d6ca75b9f49eae3f765d8f0b11119d6adfadcc13686b4ed4","/soundtrack 5.mp3":"2cdcb0310e02965e7c65a16affcc9b160911a1210814e94aefdc325a8fc06485","/soundtrack 4.mp3":"1ee41ab08cccdfc0cf777e58d8df14ae732e1da98d268b1f7026a4ed1bd65f5d","/soundtrack 3.mp3":"965c94818077a858e2f9545b2260a22dcff70a493dfb73ecf163ead33478682b","/soundtrack 2.mp3":"beef4ab3084dedd80bb37a319903f9c5efb83d6d109f1bc7675b348f335baf7b","/soundtrack 1.mp3":"64579bc035754e19c8dfae9d20610105080735f799cfa7a3b8d8b32a21b2ec46","/service-worker.js":"38bf1de714104665c4482e6544e12ed65ffa366acc47a794234fc3ad112fba35","/Semi Impact Risers-001.wav":"959311d4aaca0d1332069c1bea33cec2e19702bfc50256c9e4521c7fcbc0cef1","/script.js.backup":"fc8b7c30db23c2e5b600682b36050e906b49b4e0666a22d70b3850b3766e4615","/script.js":"311f1ee35bcae58764a2740fad6b7177adef3172495f2485aee2e5e6410e379f","/Qwen_html_20250810_ttxf0530d.html":"94a5b335039df65a253c26ea84d299c59beef32e0aa849b0bfe24e72bfa83664","/Qwen_html_20220210_ttxf0530d_functions.md":"bcb5d7e752877ab7993f2d8cafb663b308e35fda109dc8f365c75bee5eb2c4bf","/questions.js":"69811adb9b7f45200cb460160bbf662f634af34dc1864ed39c48de58b126de24","/questions-level7.js":"7df7797abe6f31bf558a9a40e8b5f4b472a2d4c45838e2cb6720bd269f2ac240","/questions-level6.js":"5c50cbb6d8917f42b31055e04d498e91d7f28fc883e78d84c5c987ba90f6d166","/questions-level5.js":"39d16c84d78fda012a6faaf4606aa458c1861d94b3b125bfbf0042d631d7cf7c","/questions-level4.js":"b86926d5c127b34c9610b8b580cdb010a2264fb41a380424d23ad411d6746462","/questions-level3.js":"5935c1ecf4ba46ff9afed08c28a9c2c13d502448ae06277afdc26d76df5698f3","/questions-level2.js":"da815a406af0f8c8809ffc2a9a83f5c5e949933a795960d966d7da8bf274cc5f","/questions-level1.js":"ad7d92d89849762c6b6e69f502a761d5b8fbbdeb4d79a5732d9b7f278e8f52b8","/prayer-styles.css":"5149103701b314af3568625fc9256ee3e8af63f397fb44df03cbe4b6bbe89f06","/prayer-dark-theme.css":"18c047c84be1c0084ed844e89040274032f36ebe785c28942a44bf3cacfef1c4","/package.json":"6ad67fe659cc2c63111a1aad1f43e5e88807ed590fb3dedd75cba2d8e0329404","/package-lock.json":"9838b390174601ad6a91169950598b5d8cb531c13bf1a47ba280a9d2be9df510","/network-diagnostics.html":"0f1888671616489e7173cb3f9bfecd7202d72abd79f6052c4d0d3d1c4d478530","/Motionarray_Floraphonic_Gameshow_Buzzer_1.wav":"0e9447856a2b6ed52724165243ff5a9e5896bfec28427edd83040d507ffdae31","/Montserrat-Regular.ttf":"47a08e0557ac247e06ee9cada7f05a4642bd8d0cb167570b9012b0288f3ab4d5","/Montserrat-Light.ttf":"a4d4430519350b6208ed832da8108106da0cd2630f09fd1cd4a626ff6685ed7b","/Montserrat-BoldItalic.ttf":"fbe96cb3090b91cd7d4c098c4f1f27af2779f12ca75bf28daa34fca09586478a","/menu.html":"e5ff11ae7d9774747987700282bddd7db1eed143c8dc1f5233b41cd42cb565a9","/menu-styles.css":"26cbcd2ad27c48e067c5e5e5270817573c57caf1de17281dcbad4def910d97ec","/menu-dark-theme.css":"7498f3f3fa8354f5d63ac28aa4cca486b846694cc3a31ec3db7122205389c300","/manifest.json":"e9ee22f098a7aaa749971dd385bd2ea0dc9990dddbe1b2b517ec519c7c703808","/index.html.backup":"da6a6ad80db17b1f2e01bb4b82693b97adb4d039bbd244e2a3cf7041de758e50","/index.html":"77164e6863a288326b005f51f5be7ff371b1572e424cf98010f86483f000975e","/Incorrect 9.wav":"a9f53e0c70f59aa438460b222b305d36f8e573234a517f4a0e5b3405eed4174e","/Incorrect 8.wav":"9a8bf389a7b93ababc7ac3fd48ad5a58bd662f176044f8ae7cc08c90b42ca619","/Incorrect 7.wav":"a398be6c0afdbcba8b1d0af73bdfdc7842420a472260536cb18ba40d465fe3ab","/Incorrect 6.wav":"da03307e3e468cc85f162878ebc303d905c124b16d590396b6c31f1c1bd7564b","/Incorrect 5.wav":"4e23b25107b8cfdea0854488f72fdcdcbca5c6ff417a853273f0ea16a5fed786","/Incorrect 4.wav":"31a91db231ba02b9dd6c22c45c1b13affe57ea8e3079463a1560365ad6fc610d","/Incorrect 3.wav":"9dbfd45976c694cb6c1c0905a616b1ec8019d61a8906121428471136160ec1d9","/Incorrect 2.wav":"dd5d3358999a8ceaf079b9d711f5a7036ff9bd4261a50879977cb4fc3c5ce7ce","/Incorrect 10.wav":"efd38580dff06407e8e7908c1d30a8c25de91571dc899d51523a24b4d388a094","/Incorrect 1.wav":"c09711bc975650133a13f029a1259e10c308b45592fea0fcf5b4c4e4d5b6a917","/icon-512.png.png":"ff552cd49e545c12de258a61c9aeae91586b7284bc62d1dc458506559e9fc82a","/icon-512.png":"67bc4e55b5124047d16624fd2961c2dd221d609752bc9958295ec5d6ffe3b067","/icon-192.png.png":"5d4a0047663647f338b9d18a1a5f5e73713f6309e9e17a7e369f01e55d6fac83","/icon-192.png":"67bc4e55b5124047d16624fd2961c2dd221d609752bc9958295ec5d6ffe3b067","/firestore.indexes.json":"2ebb5733aa5f724393a8893b05f4dba6cf6950eb7bc2f7b661312e28e5e907bc","/firestore-rules.txt":"86b0d03f6a00fcdd3d8520645c100296613735595b24f81a9a1df335c5ef290f","/FIREBASE_VERIFICATION_SUMMARY.md":"0c134daf52702ad0285e54d9233e46e71b2b5878f016fba15b99a5b97feb4d48","/FIREBASE_SETUP.md":"cebe074304b3c38fb5264530391344cc40764291d11a54183522e8efd2e5f377","/FIREBASE_CHECKLIST.md":"c1ed4835e59f5a664ee5cf2231995322bd66e10900abe24ff5bedd3b4f45f85d","/firebase-validator.html":"89bef7dbfb1291e9438272abff52cdc35385b8a7dc5abae064de638c04a5e5a7","/firebase-test.html":"7ca205a7912d905677f2b78ac7197406874a237c85f0df1a3efe03f5be18034e","/firebase-messaging-sw.js":"8804e9627fc4875070a872b269d7ff89d68b767faa69b1427708f81e837cc48c","/firebase-config.js":"2246b82eb814a20b4c4dab9b68997eeb58c7f11d797c1e624335ba3e03627597","/Fear God.png":"ff0edaa0bafb9afe5b8ab6b8fd7577f7f55fa934737486c41d44c80c95e7e06a","/favicon.ico":"67bc4e55b5124047d16624fd2961c2dd221d609752bc9958295ec5d6ffe3b067","/explanations.js":"46b50c321b39e89a491b6727a01628c34245605a30beb3e7414c5e01cff90e6e","/End of Time Icon.png":"67bc4e55b5124047d16624fd2961c2dd221d609752bc9958295ec5d6ffe3b067","/dark-theme.css":"19ff7b28a6e97fa81b3b45a1a8dd2dc1d4a877b64f4db5ba7c41d7ebebfd7949","/correct_answer_2.wav":"9b9cc7656fd2dbca0e836a03586f1396db7d9193e825ef00b00c9f1711cbd773","/correct_answer_1.wav":"2fd00b90490fcfc1c1c6f537566bb8192140bff3b682ea50b330938c6704a5c7","/Correct 9.wav":"eb508cb4204fdaec6cf512c57217268812be6fe2f69f9509f7f3846710b6d1f4","/Correct 8.wav":"d8b4b5fbffc52fe4b6830ad27ef77e2b8196b7cbca69f760ad96126ca788f088","/Correct 7.wav":"cd5a1e663d793619786cd25652c67ff4dd5a49c8478ff5e6e9f4ea86b657fa9e","/Correct 6.wav":"623bc7af26994feb591cb83693192ac16ae38184e17fb42cfda52712cfbecfe5","/Correct 5.wav":"a18a2deb80534d680334fa385c4ff40caae1092a4af6034a4fedc50ac6965108","/Correct 4.wav":"01298a72edcbb4d519bf05dbeebe3aa8a0e7af42bb77dc954e3107c49afcc143","/Correct 3.wav":"f897aa430145f697dd56a72506cde4c15b5635a6bbac8262054a4be60e927fdc","/Correct 2.wav":"660d441808b5c88cc9aaad540d8651a990d2a0bf1fe0c77701621596f35e78c3","/Correct 10.wav":"828d5ca9e3921cfa197b7d45f609ab72933ad840859696d874759fb3c275772d","/Correct 1.wav":"96c45268e2e00fad2fcfa1f5f9fcde1cf9a002dbd6a0c4965b0d9758fa0ac9a0","/background.mp4":"9ba3c84cac5931f193b1fe043a3990b004a939a76300723c238e890a6677c481","/background 7.mp4":"afd9560337e923dd91bd10af60498842791ee584bdd3703c0fbd69350a59d9b5","/background 6.mp4":"324c741d93bc32608b64ad51a49e0a2fbd44fd5f72de5d6e125c7bd85bcac228","/background 5.mp4":"2a1e2eef9189c55cb6d95b733ff95a56ba5324a59e4a0155aec22b4320f4914b","/background 3.mp4":"dc4a68d279200b9a60e7f2f362299ba54f60705b35cea2c69712f738286d4653","/background 2.mp4":"9d6662167b3c1c58dd68ad24142ac7d76024ce607b8e7c5d85f9dd7525deb6a9","/background 1.mp4":"a4a77111d58433c30cb2ce403ff4d5fa3855c4e2c8e586b3b25bc3cf62153450","/audio-manager.js":"5ad212cd8a4c7c11c0d44e5c9a626890dad5bb5d36037bcfe35d9773e8840119","/public/index.html":"ad79476ba6e4a2cb4a8f99e19bd004f6dfbe4d695209f30e80bf2818535b8a79","/public/firebase-messaging-sw.js":"7c86940c3ea0b6f726eea52de044bf16aebc6c0618e8e0429eefe2ebc8c07e43","/functions/tsconfig.json":"19541ba5834da151b932a1490482ee1ec7ea3d36f9a364b4b2663b61c08bb4c8","/functions/package.json":"5b58bea224841b44a467365e03a672dd3ac17c8d692951d55a8db6481e6e9fa3","/functions/package-lock.json":"de44b878b02bf9bd5b3549912906f7634eb3aa73bd6550c47c379beb8b0e2e6e","/functions/index.js":"b45e8cfdef813fc661d1febc4a668699dcbad49c65de1d8a6629420b43f809f1","/.github/workflows/firebase-hosting-pull-request.yml":"26a08f2452aab0bbfa4871242d349c2841e0bfcafd2cc2b3d5935fb1a6fb86f8","/.github/workflows/firebase-hosting-merge.yml":"161c99c36b7ada6342f98b4d61161a9c63aed4ceddf1f318c00b4d6f78b4a739","/.claude/settings.local.json":"e0d47c03d61b2b0d946902399c4d7574f78040a423fda5eeb59b31bbdacd05ba","/functions/index.ts":"86bb50a94cee4844b1738e8070c15762547c54f155db6f4b1fe35450b388e447","/functions/lib/index.js":"449a63d5b0dfca33d276e9ad5363d8f39cf466d2d9e4019c6ece0d9a735bcc7a"}}
[debug] [2025-10-01T21:25:16.009Z] <<< [apiv2][status] POST https://firebasehosting.googleapis.com/v1beta1/projects/628602476853/sites/end-of-time-94cd3/versions/68058b531b0ec3a6:populateFiles 200
[debug] [2025-10-01T21:25:16.009Z] <<< [apiv2][body] POST https://firebasehosting.googleapis.com/v1beta1/projects/628602476853/sites/end-of-time-94cd3/versions/68058b531b0ec3a6:populateFiles {"uploadRequiredHashes":["86bb50a94cee4844b1738e8070c15762547c54f155db6f4b1fe35450b388e447","449a63d5b0dfca33d276e9ad5363d8f39cf466d2d9e4019c6ece0d9a735bcc7a"],"uploadUrl":"https://upload-firebasehosting.googleapis.com/upload/sites/end-of-time-94cd3/versions/68058b531b0ec3a6/files"}
[debug] [2025-10-01T21:25:16.010Z] Checked if tokens are valid: true, expires at: 1759356586532
[debug] [2025-10-01T21:25:16.010Z] Checked if tokens are valid: true, expires at: 1759356586532
[debug] [2025-10-01T21:25:16.010Z] Checked if tokens are valid: true, expires at: 1759356586532
[debug] [2025-10-01T21:25:16.010Z] Checked if tokens are valid: true, expires at: 1759356586532
[debug] [2025-10-01T21:25:16.010Z] >>> [apiv2][query] POST https://upload-firebasehosting.googleapis.com/upload/sites/end-of-time-94cd3/versions/68058b531b0ec3a6/files/86bb50a94cee4844b1738e8070c15762547c54f155db6f4b1fe35450b388e447 [none]
[debug] [2025-10-01T21:25:16.010Z] >>> [apiv2][body] POST https://upload-firebasehosting.googleapis.com/upload/sites/end-of-time-94cd3/versions/68058b531b0ec3a6/files/86bb50a94cee4844b1738e8070c15762547c54f155db6f4b1fe35450b388e447 [stream]
[debug] [2025-10-01T21:25:16.011Z] >>> [apiv2][query] POST https://upload-firebasehosting.googleapis.com/upload/sites/end-of-time-94cd3/versions/68058b531b0ec3a6/files/449a63d5b0dfca33d276e9ad5363d8f39cf466d2d9e4019c6ece0d9a735bcc7a [none]
[debug] [2025-10-01T21:25:16.012Z] >>> [apiv2][body] POST https://upload-firebasehosting.googleapis.com/upload/sites/end-of-time-94cd3/versions/68058b531b0ec3a6/files/449a63d5b0dfca33d276e9ad5363d8f39cf466d2d9e4019c6ece0d9a735bcc7a [stream]
[debug] [2025-10-01T21:25:16.013Z] [hosting][populate queue][FINAL] {"max":1856,"min":1856,"avg":1856,"active":0,"complete":1,"success":1,"errored":0,"retried":0,"total":1,"elapsed":1859}
[debug] [2025-10-01T21:25:16.013Z] [hosting] uploads queued: 2
[info] i  hosting: uploading new files [0/2] (0%) 
[debug] [2025-10-01T21:25:17.631Z] <<< [apiv2][status] POST https://upload-firebasehosting.googleapis.com/upload/sites/end-of-time-94cd3/versions/68058b531b0ec3a6/files/86bb50a94cee4844b1738e8070c15762547c54f155db6f4b1fe35450b388e447 200
[debug] [2025-10-01T21:25:17.631Z] <<< [apiv2][body] POST https://upload-firebasehosting.googleapis.com/upload/sites/end-of-time-94cd3/versions/68058b531b0ec3a6/files/86bb50a94cee4844b1738e8070c15762547c54f155db6f4b1fe35450b388e447 [stream]
[debug] [2025-10-01T21:25:17.892Z] <<< [apiv2][status] POST https://upload-firebasehosting.googleapis.com/upload/sites/end-of-time-94cd3/versions/68058b531b0ec3a6/files/449a63d5b0dfca33d276e9ad5363d8f39cf466d2d9e4019c6ece0d9a735bcc7a 200
[debug] [2025-10-01T21:25:17.892Z] <<< [apiv2][body] POST https://upload-firebasehosting.googleapis.com/upload/sites/end-of-time-94cd3/versions/68058b531b0ec3a6/files/449a63d5b0dfca33d276e9ad5363d8f39cf466d2d9e4019c6ece0d9a735bcc7a [stream]
[debug] [2025-10-01T21:25:17.893Z] [hosting][upload queue][FINAL] {"max":1882,"min":1621,"avg":1751.5,"active":0,"complete":2,"success":2,"errored":0,"retried":0,"total":2,"elapsed":1884}
[info] i  hosting: upload complete 
[info] +  hosting[end-of-time-94cd3]: file upload complete 
[debug] [2025-10-01T21:25:17.893Z] [hosting] deploy completed after 3765ms
[debug] [2025-10-01T21:25:17.893Z] [rules] releasing cloud.firestore/(default) with ruleset projects/end-of-time-94cd3/rulesets/68474669-bfd1-460f-8513-1bd661aba286
[debug] [2025-10-01T21:25:17.893Z] Checked if tokens are valid: true, expires at: 1759356586532
[debug] [2025-10-01T21:25:17.893Z] Checked if tokens are valid: true, expires at: 1759356586532
[debug] [2025-10-01T21:25:17.893Z] >>> [apiv2][query] PATCH https://firebaserules.googleapis.com/v1/projects/end-of-time-94cd3/releases/cloud.firestore/(default) [none]
[debug] [2025-10-01T21:25:17.893Z] >>> [apiv2][body] PATCH https://firebaserules.googleapis.com/v1/projects/end-of-time-94cd3/releases/cloud.firestore/(default) {"release":{"name":"projects/end-of-time-94cd3/releases/cloud.firestore/(default)","rulesetName":"projects/end-of-time-94cd3/rulesets/68474669-bfd1-460f-8513-1bd661aba286"}}
[debug] [2025-10-01T21:25:19.029Z] <<< [apiv2][status] PATCH https://firebaserules.googleapis.com/v1/projects/end-of-time-94cd3/releases/cloud.firestore/(default) 200
[debug] [2025-10-01T21:25:19.029Z] <<< [apiv2][body] PATCH https://firebaserules.googleapis.com/v1/projects/end-of-time-94cd3/releases/cloud.firestore/(default) {"name":"projects/end-of-time-94cd3/releases/cloud.firestore","rulesetName":"projects/end-of-time-94cd3/rulesets/68474669-bfd1-460f-8513-1bd661aba286","createTime":"2025-08-07T13:16:05.983290Z","updateTime":"2025-10-01T21:25:16.497815Z"}
[debug] [2025-10-01T21:25:19.029Z] [rules] updated release projects/end-of-time-94cd3/releases/cloud.firestore
[info] +  firestore: released rules firestore-rules.txt to cloud.firestore 
[error] 
[error] Error: [onInteractionCreate(us-central1)] Changing from an HTTPS function to a background triggered function is not allowed. Please delete your function and create a new one instead.
[debug] [2025-10-01T21:25:47.951Z] ----------------------------------------------------------------------
[debug] [2025-10-01T21:25:47.954Z] Command:       C:\Program Files\nodejs\node.exe C:\Users\fanel\AppData\Roaming\npm\node_modules\firebase-tools\lib\bin\firebase.js functions:delete onInteractionCreate --region us-central1 --force
[debug] [2025-10-01T21:25:47.954Z] CLI Version:   14.12.0
[debug] [2025-10-01T21:25:47.954Z] Platform:      win32
[debug] [2025-10-01T21:25:47.954Z] Node Version:  v24.5.0
[debug] [2025-10-01T21:25:47.954Z] Time:          Wed Oct 01 2025 23:25:47 GMT+0200 (South Africa Standard Time)
[debug] [2025-10-01T21:25:47.954Z] ----------------------------------------------------------------------
[debug] 
[debug] [2025-10-01T21:25:48.112Z] > command requires scopes: ["email","openid","https://www.googleapis.com/auth/cloudplatformprojects.readonly","https://www.googleapis.com/auth/firebase","https://www.googleapis.com/auth/cloud-platform"]
[debug] [2025-10-01T21:25:48.113Z] > authorizing via signed-in user (fanelesibonge50@gmail.com)
[debug] [2025-10-01T21:25:48.113Z] [iam] checking project end-of-time-94cd3 for permissions ["cloudfunctions.functions.delete","cloudfunctions.functions.list","firebase.projects.get"]
[debug] [2025-10-01T21:25:48.114Z] Checked if tokens are valid: true, expires at: 1759356586532
[debug] [2025-10-01T21:25:48.114Z] Checked if tokens are valid: true, expires at: 1759356586532
[debug] [2025-10-01T21:25:48.115Z] >>> [apiv2][query] POST https://cloudresourcemanager.googleapis.com/v1/projects/end-of-time-94cd3:testIamPermissions [none]
[debug] [2025-10-01T21:25:48.115Z] >>> [apiv2][(partial)header] POST https://cloudresourcemanager.googleapis.com/v1/projects/end-of-time-94cd3:testIamPermissions x-goog-quota-user=projects/end-of-time-94cd3
[debug] [2025-10-01T21:25:48.115Z] >>> [apiv2][body] POST https://cloudresourcemanager.googleapis.com/v1/projects/end-of-time-94cd3:testIamPermissions {"permissions":["cloudfunctions.functions.delete","cloudfunctions.functions.list","firebase.projects.get"]}
[debug] [2025-10-01T21:25:49.747Z] <<< [apiv2][status] POST https://cloudresourcemanager.googleapis.com/v1/projects/end-of-time-94cd3:testIamPermissions 200
[debug] [2025-10-01T21:25:49.747Z] <<< [apiv2][body] POST https://cloudresourcemanager.googleapis.com/v1/projects/end-of-time-94cd3:testIamPermissions {"permissions":["cloudfunctions.functions.delete","cloudfunctions.functions.list","firebase.projects.get"]}
[debug] [2025-10-01T21:25:49.748Z] Checked if tokens are valid: true, expires at: 1759356586532
[debug] [2025-10-01T21:25:49.748Z] Checked if tokens are valid: true, expires at: 1759356586532
[debug] [2025-10-01T21:25:49.748Z] Checked if tokens are valid: true, expires at: 1759356586532
[debug] [2025-10-01T21:25:49.748Z] Checked if tokens are valid: true, expires at: 1759356586532
[debug] [2025-10-01T21:25:49.748Z] >>> [apiv2][query] GET https://firebase.googleapis.com/v1beta1/projects/end-of-time-94cd3/adminSdkConfig [none]
[debug] [2025-10-01T21:25:49.750Z] >>> [apiv2][query] GET https://cloudfunctions.googleapis.com/v1/projects/end-of-time-94cd3/locations/-/functions [none]
[debug] [2025-10-01T21:25:50.306Z] <<< [apiv2][status] GET https://firebase.googleapis.com/v1beta1/projects/end-of-time-94cd3/adminSdkConfig 200
[debug] [2025-10-01T21:25:50.306Z] <<< [apiv2][body] GET https://firebase.googleapis.com/v1beta1/projects/end-of-time-94cd3/adminSdkConfig {"projectId":"end-of-time-94cd3","storageBucket":"end-of-time-94cd3.firebasestorage.app"}
[debug] [2025-10-01T21:25:51.786Z] <<< [apiv2][status] GET https://cloudfunctions.googleapis.com/v1/projects/end-of-time-94cd3/locations/-/functions 200
[debug] [2025-10-01T21:25:51.786Z] <<< [apiv2][body] GET https://cloudfunctions.googleapis.com/v1/projects/end-of-time-94cd3/locations/-/functions {"functions":[{"name":"projects/end-of-time-94cd3/locations/us-central1/functions/sendEmailNotification","eventTrigger":{"eventType":"providers/cloud.firestore/eventTypes/document.create","resource":"projects/end-of-time-94cd3/databases/(default)/documents/emailQueue/{docId}","service":"firestore.googleapis.com","failurePolicy":{}},"status":"ACTIVE","entryPoint":"sendEmailNotification","timeout":"60s","availableMemoryMb":256,"serviceAccountEmail":"end-of-time-94cd3@appspot.gserviceaccount.com","updateTime":"2025-10-01T21:20:20.620964902Z","versionId":"1","labels":{"firebase-functions-hash":"abeb78fe080798b6edb30006e6a0e5ea74a57c45","deployment-tool":"cli-firebase"},"sourceUploadUrl":"https://storage.googleapis.com/uploads-942337535895.us-central1.cloudfunctions.appspot.com/8344b6c7-d4fe-4114-9f2b-a8efe8f014e9.zip","environmentVariables":{"FIREBASE_CONFIG":"{\"projectId\":\"end-of-time-94cd3\",\"storageBucket\":\"end-of-time-94cd3.firebasestorage.app\"}","GCLOUD_PROJECT":"end-of-time-94cd3","EVENTARC_CLOUD_EVENT_SOURCE":"projects/end-of-time-94cd3/locations/us-central1/functions/sendEmailNotification"},"runtime":"nodejs18","maxInstances":3000,"ingressSettings":"ALLOW_ALL","buildId":"0dfde81f-3944-471f-9606-8a11b2240aec","buildEnvironmentVariables":{"GOOGLE_NODE_RUN_SCRIPTS":""},"buildName":"projects/628602476853/locations/us-central1/builds/0dfde81f-3944-471f-9606-8a11b2240aec","dockerRegistry":"ARTIFACT_REGISTRY","automaticUpdatePolicy":{},"buildServiceAccount":"projects/end-of-time-94cd3/serviceAccounts/628602476853-compute@developer.gserviceaccount.com","satisfiesPzi":true}]}
[debug] [2025-10-01T21:25:51.787Z] Checked if tokens are valid: true, expires at: 1759356586532
[debug] [2025-10-01T21:25:51.787Z] Checked if tokens are valid: true, expires at: 1759356586532
[debug] [2025-10-01T21:25:51.787Z] >>> [apiv2][query] GET https://cloudfunctions.googleapis.com/v2/projects/end-of-time-94cd3/locations/-/functions filter=environment%3D%22GEN_2%22
[debug] [2025-10-01T21:25:53.597Z] <<< [apiv2][status] GET https://cloudfunctions.googleapis.com/v2/projects/end-of-time-94cd3/locations/-/functions 200
[debug] [2025-10-01T21:25:53.597Z] <<< [apiv2][body] GET https://cloudfunctions.googleapis.com/v2/projects/end-of-time-94cd3/locations/-/functions {"functions":[{"name":"projects/end-of-time-94cd3/locations/us-central1/functions/onInteractionCreate","buildConfig":{"build":"projects/628602476853/locations/us-central1/builds/82e2025a-c7ad-424b-a90d-378bc24aa3de","runtime":"nodejs18","entryPoint":"onInteractionCreate","source":{"storageSource":{"bucket":"gcf-v2-sources-628602476853-us-central1","object":"onInteractionCreate/function-source.zip","generation":"1759353733106012"}},"environmentVariables":{"GOOGLE_NODE_RUN_SCRIPTS":""},"dockerRepository":"projects/end-of-time-94cd3/locations/us-central1/repositories/gcf-artifacts","sourceProvenance":{"resolvedStorageSource":{"bucket":"gcf-v2-sources-628602476853-us-central1","object":"onInteractionCreate/function-source.zip","generation":"1759353733106012"}},"dockerRegistry":"ARTIFACT_REGISTRY","serviceAccount":"projects/end-of-time-94cd3/serviceAccounts/628602476853-compute@developer.gserviceaccount.com","automaticUpdatePolicy":{}},"state":"FAILED","updateTime":"2025-10-01T21:23:28.190032001Z","labels":{"deployment-tool":"cli-firebase","firebase-functions-hash":"76991da653c0df60e123106c1d99cae146712f90"},"stateMessages":[{"severity":"ERROR","type":"CloudRunServiceNotFound","message":"Cloud Run service projects/end-of-time-94cd3/locations/us-central1/services/oninteractioncreate for the function was not found. The function will not work correctly. Please redeploy."},{"severity":"ERROR","type":"EventarcTriggerNotFound","message":"Eventarc trigger projects/end-of-time-94cd3/locations/africa-south1/triggers/oninteractioncreate-524250 for the function was not found. The function may not work correctly. Please redeploy."}],"environment":"GEN_2","url":"https://us-central1-end-of-time-94cd3.cloudfunctions.net/onInteractionCreate","createTime":"2025-10-01T21:22:14.508888325Z","satisfiesPzi":true}]}
[debug] [2025-10-01T21:25:53.599Z] Checked if tokens are valid: true, expires at: 1759356586532
[debug] [2025-10-01T21:25:53.599Z] Checked if tokens are valid: true, expires at: 1759356586532
[debug] [2025-10-01T21:25:53.599Z] >>> [apiv2][query] GET https://cloudresourcemanager.googleapis.com/v1/projects/end-of-time-94cd3 [none]
[debug] [2025-10-01T21:25:53.919Z] <<< [apiv2][status] GET https://cloudresourcemanager.googleapis.com/v1/projects/end-of-time-94cd3 200
[debug] [2025-10-01T21:25:53.919Z] <<< [apiv2][body] GET https://cloudresourcemanager.googleapis.com/v1/projects/end-of-time-94cd3 {"projectNumber":"628602476853","projectId":"end-of-time-94cd3","lifecycleState":"ACTIVE","name":"End of Time","labels":{"firebase":"enabled","firebase-core":"disabled"},"createTime":"2025-08-07T11:37:20.813282Z"}
[info] i  functions: deleting Node.js 18 (2nd Gen) function onInteractionCreate(us-central1)... 
[debug] [2025-10-01T21:25:53.920Z] Checked if tokens are valid: true, expires at: 1759356586532
[debug] [2025-10-01T21:25:53.920Z] Checked if tokens are valid: true, expires at: 1759356586532
[debug] [2025-10-01T21:25:53.920Z] >>> [apiv2][query] DELETE https://cloudfunctions.googleapis.com/v2/projects/end-of-time-94cd3/locations/us-central1/functions/onInteractionCreate [none]
[debug] [2025-10-01T21:25:54.819Z] <<< [apiv2][status] DELETE https://cloudfunctions.googleapis.com/v2/projects/end-of-time-94cd3/locations/us-central1/functions/onInteractionCreate 200
[debug] [2025-10-01T21:25:54.819Z] <<< [apiv2][body] DELETE https://cloudfunctions.googleapis.com/v2/projects/end-of-time-94cd3/locations/us-central1/functions/onInteractionCreate {"name":"projects/end-of-time-94cd3/locations/us-central1/operations/operation-1759353952260-6401f835bd375-66b5bdfb-76388327","metadata":{"@type":"type.googleapis.com/google.cloud.functions.v2.OperationMetadata","createTime":"2025-10-01T21:25:52.281953870Z","target":"projects/end-of-time-94cd3/locations/us-central1/functions/onInteractionCreate","verb":"delete","cancelRequested":false,"apiVersion":"v2"},"done":false}
[debug] [2025-10-01T21:25:54.820Z] Checked if tokens are valid: true, expires at: 1759356586532
[debug] [2025-10-01T21:25:54.820Z] Checked if tokens are valid: true, expires at: 1759356586532
[debug] [2025-10-01T21:25:54.820Z] >>> [apiv2][query] GET https://cloudfunctions.googleapis.com/v2/projects/end-of-time-94cd3/locations/us-central1/operations/operation-1759353952260-6401f835bd375-66b5bdfb-76388327 [none]
[debug] [2025-10-01T21:25:55.649Z] <<< [apiv2][status] GET https://cloudfunctions.googleapis.com/v2/projects/end-of-time-94cd3/locations/us-central1/operations/operation-1759353952260-6401f835bd375-66b5bdfb-76388327 200
[debug] [2025-10-01T21:25:55.649Z] <<< [apiv2][body] GET https://cloudfunctions.googleapis.com/v2/projects/end-of-time-94cd3/locations/us-central1/operations/operation-1759353952260-6401f835bd375-66b5bdfb-76388327 {"name":"projects/end-of-time-94cd3/locations/us-central1/operations/operation-1759353952260-6401f835bd375-66b5bdfb-76388327","metadata":{"@type":"type.googleapis.com/google.cloud.functions.v2.OperationMetadata","createTime":"2025-10-01T21:25:52.281953870Z","target":"projects/end-of-time-94cd3/locations/us-central1/functions/onInteractionCreate","verb":"delete","cancelRequested":false,"apiVersion":"v2"},"done":false}
[debug] [2025-10-01T21:25:56.150Z] [delete-default-us-central1-onInteractionCreate] Retrying task index 0
[debug] [2025-10-01T21:25:56.150Z] Checked if tokens are valid: true, expires at: 1759356586532
[debug] [2025-10-01T21:25:56.150Z] Checked if tokens are valid: true, expires at: 1759356586532
[debug] [2025-10-01T21:25:56.151Z] >>> [apiv2][query] GET https://cloudfunctions.googleapis.com/v2/projects/end-of-time-94cd3/locations/us-central1/operations/operation-1759353952260-6401f835bd375-66b5bdfb-76388327 [none]
[debug] [2025-10-01T21:25:56.982Z] <<< [apiv2][status] GET https://cloudfunctions.googleapis.com/v2/projects/end-of-time-94cd3/locations/us-central1/operations/operation-1759353952260-6401f835bd375-66b5bdfb-76388327 200
[debug] [2025-10-01T21:25:56.982Z] <<< [apiv2][body] GET https://cloudfunctions.googleapis.com/v2/projects/end-of-time-94cd3/locations/us-central1/operations/operation-1759353952260-6401f835bd375-66b5bdfb-76388327 {"name":"projects/end-of-time-94cd3/locations/us-central1/operations/operation-1759353952260-6401f835bd375-66b5bdfb-76388327","metadata":{"@type":"type.googleapis.com/google.cloud.functions.v2.OperationMetadata","createTime":"2025-10-01T21:25:52.281953870Z","endTime":"2025-10-01T21:25:54.252864863Z","target":"projects/end-of-time-94cd3/locations/us-central1/functions/onInteractionCreate","verb":"delete","cancelRequested":false,"apiVersion":"v2","requestResource":{"@type":"type.googleapis.com/google.cloud.functions.v2.Function","name":"projects/end-of-time-94cd3/locations/us-central1/functions/onInteractionCreate","environment":"GEN_2"},"stages":[{"name":"ARTIFACT_REGISTRY","message":"Deleting function artifacts in Artifact Registry","state":"COMPLETE"},{"name":"SERVICE","message":"Deleting Cloud Run service","state":"COMPLETE","resource":"projects/end-of-time-94cd3/locations/us-central1/services/oninteractioncreate"},{"name":"TRIGGER","message":"Deleting Eventarc trigger","state":"COMPLETE","resource":"projects/end-of-time-94cd3/locations/africa-south1/triggers/oninteractioncreate-524250"}],"operationType":"DELETE_FUNCTION"},"done":true,"response":{"@type":"type.googleapis.com/google.protobuf.Empty"}}
[info] +  functions[onInteractionCreate(us-central1)] Successful delete operation. 
[debug] [2025-10-01T21:25:56.986Z] Total Function Deployment time: 3063
[debug] [2025-10-01T21:25:56.986Z] 1 Functions Deployed
[debug] [2025-10-01T21:25:56.986Z] 0 Functions Errored
[debug] [2025-10-01T21:25:56.986Z] 0 Function Deployments Aborted
[debug] [2025-10-01T21:25:56.986Z] Average Function Deployment time: 3063
[debug] [2025-10-01T21:26:00.333Z] ----------------------------------------------------------------------
[debug] [2025-10-01T21:26:00.335Z] Command:       C:\Program Files\nodejs\node.exe C:\Users\fanel\AppData\Roaming\npm\node_modules\firebase-tools\lib\bin\firebase.js deploy --only firestore:rules,hosting,functions
[debug] [2025-10-01T21:26:00.335Z] CLI Version:   14.12.0
[debug] [2025-10-01T21:26:00.335Z] Platform:      win32
[debug] [2025-10-01T21:26:00.336Z] Node Version:  v24.5.0
[debug] [2025-10-01T21:26:00.336Z] Time:          Wed Oct 01 2025 23:26:00 GMT+0200 (South Africa Standard Time)
[debug] [2025-10-01T21:26:00.336Z] ----------------------------------------------------------------------
[debug] 
[debug] [2025-10-01T21:26:00.502Z] > command requires scopes: ["email","openid","https://www.googleapis.com/auth/cloudplatformprojects.readonly","https://www.googleapis.com/auth/firebase","https://www.googleapis.com/auth/cloud-platform"]
[debug] [2025-10-01T21:26:00.503Z] > authorizing via signed-in user (fanelesibonge50@gmail.com)
[debug] [2025-10-01T21:26:00.503Z] [iam] checking project end-of-time-94cd3 for permissions ["cloudfunctions.functions.create","cloudfunctions.functions.delete","cloudfunctions.functions.get","cloudfunctions.functions.list","cloudfunctions.functions.update","cloudfunctions.operations.get","datastore.indexes.create","datastore.indexes.delete","datastore.indexes.list","datastore.indexes.update","firebase.projects.get","firebasehosting.sites.update"]
[debug] [2025-10-01T21:26:00.504Z] Checked if tokens are valid: true, expires at: 1759356586532
[debug] [2025-10-01T21:26:00.504Z] Checked if tokens are valid: true, expires at: 1759356586532
[debug] [2025-10-01T21:26:00.505Z] >>> [apiv2][query] POST https://cloudresourcemanager.googleapis.com/v1/projects/end-of-time-94cd3:testIamPermissions [none]
[debug] [2025-10-01T21:26:00.505Z] >>> [apiv2][(partial)header] POST https://cloudresourcemanager.googleapis.com/v1/projects/end-of-time-94cd3:testIamPermissions x-goog-quota-user=projects/end-of-time-94cd3
[debug] [2025-10-01T21:26:00.505Z] >>> [apiv2][body] POST https://cloudresourcemanager.googleapis.com/v1/projects/end-of-time-94cd3:testIamPermissions {"permissions":["cloudfunctions.functions.create","cloudfunctions.functions.delete","cloudfunctions.functions.get","cloudfunctions.functions.list","cloudfunctions.functions.update","cloudfunctions.operations.get","datastore.indexes.create","datastore.indexes.delete","datastore.indexes.list","datastore.indexes.update","firebase.projects.get","firebasehosting.sites.update"]}
[debug] [2025-10-01T21:26:02.134Z] <<< [apiv2][status] POST https://cloudresourcemanager.googleapis.com/v1/projects/end-of-time-94cd3:testIamPermissions 200
[debug] [2025-10-01T21:26:02.134Z] <<< [apiv2][body] POST https://cloudresourcemanager.googleapis.com/v1/projects/end-of-time-94cd3:testIamPermissions {"permissions":["cloudfunctions.functions.create","cloudfunctions.functions.delete","cloudfunctions.functions.get","cloudfunctions.functions.list","cloudfunctions.functions.update","cloudfunctions.operations.get","datastore.indexes.create","datastore.indexes.delete","datastore.indexes.list","datastore.indexes.update","firebase.projects.get","firebasehosting.sites.update"]}
[debug] [2025-10-01T21:26:02.135Z] Checked if tokens are valid: true, expires at: 1759356586532
[debug] [2025-10-01T21:26:02.135Z] Checked if tokens are valid: true, expires at: 1759356586532
[debug] [2025-10-01T21:26:02.135Z] >>> [apiv2][query] POST https://iam.googleapis.com/v1/projects/end-of-time-94cd3/serviceAccounts/end-of-time-94cd3@appspot.gserviceaccount.com:testIamPermissions [none]
[debug] [2025-10-01T21:26:02.135Z] >>> [apiv2][body] POST https://iam.googleapis.com/v1/projects/end-of-time-94cd3/serviceAccounts/end-of-time-94cd3@appspot.gserviceaccount.com:testIamPermissions {"permissions":["iam.serviceAccounts.actAs"]}
[debug] [2025-10-01T21:26:03.749Z] <<< [apiv2][status] POST https://iam.googleapis.com/v1/projects/end-of-time-94cd3/serviceAccounts/end-of-time-94cd3@appspot.gserviceaccount.com:testIamPermissions 200
[debug] [2025-10-01T21:26:03.749Z] <<< [apiv2][body] POST https://iam.googleapis.com/v1/projects/end-of-time-94cd3/serviceAccounts/end-of-time-94cd3@appspot.gserviceaccount.com:testIamPermissions {"permissions":["iam.serviceAccounts.actAs"]}
[debug] [2025-10-01T21:26:03.749Z] Checked if tokens are valid: true, expires at: 1759356586532
[debug] [2025-10-01T21:26:03.750Z] Checked if tokens are valid: true, expires at: 1759356586532
[debug] [2025-10-01T21:26:03.750Z] >>> [apiv2][query] GET https://firebase.googleapis.com/v1beta1/projects/end-of-time-94cd3 [none]
[debug] [2025-10-01T21:26:04.309Z] <<< [apiv2][status] GET https://firebase.googleapis.com/v1beta1/projects/end-of-time-94cd3 200
[debug] [2025-10-01T21:26:04.309Z] <<< [apiv2][body] GET https://firebase.googleapis.com/v1beta1/projects/end-of-time-94cd3 {"projectId":"end-of-time-94cd3","projectNumber":"628602476853","displayName":"End of Time","name":"projects/end-of-time-94cd3","resources":{"hostingSite":"end-of-time-94cd3"},"state":"ACTIVE","etag":"1_89cdfba8-2370-4ea1-b19c-81562d064c47"}
[info] 
[info] === Deploying to 'end-of-time-94cd3'...
[info] 
[info] i  deploying firestore, functions, hosting 
[info] i  firestore: reading indexes from firestore.indexes.json... 
[info] i  cloud.firestore: checking firestore-rules.txt for compilation errors... 
[debug] [2025-10-01T21:26:04.313Z] Checked if tokens are valid: true, expires at: 1759356586532
[debug] [2025-10-01T21:26:04.313Z] Checked if tokens are valid: true, expires at: 1759356586532
[debug] [2025-10-01T21:26:04.313Z] >>> [apiv2][query] POST https://firebaserules.googleapis.com/v1/projects/end-of-time-94cd3:test [none]
[debug] [2025-10-01T21:26:04.313Z] >>> [apiv2][body] POST https://firebaserules.googleapis.com/v1/projects/end-of-time-94cd3:test [omitted]
[debug] [2025-10-01T21:26:05.324Z] <<< [apiv2][status] POST https://firebaserules.googleapis.com/v1/projects/end-of-time-94cd3:test 200
[debug] [2025-10-01T21:26:05.324Z] <<< [apiv2][body] POST https://firebaserules.googleapis.com/v1/projects/end-of-time-94cd3:test {}
[info] +  cloud.firestore: rules file firestore-rules.txt compiled successfully 
[debug] [2025-10-01T21:26:05.325Z] Checked if tokens are valid: true, expires at: 1759356586532
[debug] [2025-10-01T21:26:05.325Z] Checked if tokens are valid: true, expires at: 1759356586532
[debug] [2025-10-01T21:26:05.325Z] >>> [apiv2][query] GET https://cloudresourcemanager.googleapis.com/v1/projects/end-of-time-94cd3 [none]
[debug] [2025-10-01T21:26:05.659Z] <<< [apiv2][status] GET https://cloudresourcemanager.googleapis.com/v1/projects/end-of-time-94cd3 200
[debug] [2025-10-01T21:26:05.659Z] <<< [apiv2][body] GET https://cloudresourcemanager.googleapis.com/v1/projects/end-of-time-94cd3 {"projectNumber":"628602476853","projectId":"end-of-time-94cd3","lifecycleState":"ACTIVE","name":"End of Time","labels":{"firebase":"enabled","firebase-core":"disabled"},"createTime":"2025-08-07T11:37:20.813282Z"}
[info] i  functions: preparing codebase default for deployment 
[info] i  functions: ensuring required API cloudfunctions.googleapis.com is enabled... 
[info] i  functions: ensuring required API cloudbuild.googleapis.com is enabled... 
[info] i  artifactregistry: ensuring required API artifactregistry.googleapis.com is enabled... 
[debug] [2025-10-01T21:26:05.661Z] Checked if tokens are valid: true, expires at: 1759356586532
[debug] [2025-10-01T21:26:05.661Z] Checked if tokens are valid: true, expires at: 1759356586532
[debug] [2025-10-01T21:26:05.661Z] >>> [apiv2][query] GET https://firebase.googleapis.com/v1beta1/projects/end-of-time-94cd3/adminSdkConfig [none]
[debug] [2025-10-01T21:26:06.017Z] <<< [apiv2][status] GET https://firebase.googleapis.com/v1beta1/projects/end-of-time-94cd3/adminSdkConfig 200
[debug] [2025-10-01T21:26:06.017Z] <<< [apiv2][body] GET https://firebase.googleapis.com/v1beta1/projects/end-of-time-94cd3/adminSdkConfig {"projectId":"end-of-time-94cd3","storageBucket":"end-of-time-94cd3.firebasestorage.app"}
[debug] [2025-10-01T21:26:06.018Z] Checked if tokens are valid: true, expires at: 1759356586532
[debug] [2025-10-01T21:26:06.018Z] Checked if tokens are valid: true, expires at: 1759356586532
[debug] [2025-10-01T21:26:06.018Z] >>> [apiv2][query] GET https://runtimeconfig.googleapis.com/v1beta1/projects/end-of-time-94cd3/configs [none]
[debug] [2025-10-01T21:26:06.593Z] <<< [apiv2][status] GET https://runtimeconfig.googleapis.com/v1beta1/projects/end-of-time-94cd3/configs 200
[debug] [2025-10-01T21:26:06.594Z] <<< [apiv2][body] GET https://runtimeconfig.googleapis.com/v1beta1/projects/end-of-time-94cd3/configs {"configs":[{"name":"projects/end-of-time-94cd3/configs/email"}]}
[debug] [2025-10-01T21:26:06.594Z] Checked if tokens are valid: true, expires at: 1759356586532
[debug] [2025-10-01T21:26:06.594Z] Checked if tokens are valid: true, expires at: 1759356586532
[debug] [2025-10-01T21:26:06.594Z] >>> [apiv2][query] GET https://runtimeconfig.googleapis.com/v1beta1/projects/end-of-time-94cd3/configs/email/variables [none]
[debug] [2025-10-01T21:26:06.941Z] <<< [apiv2][status] GET https://runtimeconfig.googleapis.com/v1beta1/projects/end-of-time-94cd3/configs/email/variables 200
[debug] [2025-10-01T21:26:06.941Z] <<< [apiv2][body] GET https://runtimeconfig.googleapis.com/v1beta1/projects/end-of-time-94cd3/configs/email/variables {"variables":[{"name":"projects/end-of-time-94cd3/configs/email/variables/user","updateTime":"2025-08-15T10:57:09.375568404Z"},{"name":"projects/end-of-time-94cd3/configs/email/variables/pass","updateTime":"2025-08-15T10:58:03.038240785Z"}]}
[debug] [2025-10-01T21:26:06.941Z] Checked if tokens are valid: true, expires at: 1759356586532
[debug] [2025-10-01T21:26:06.941Z] Checked if tokens are valid: true, expires at: 1759356586532
[debug] [2025-10-01T21:26:06.941Z] Checked if tokens are valid: true, expires at: 1759356586532
[debug] [2025-10-01T21:26:06.941Z] Checked if tokens are valid: true, expires at: 1759356586532
[debug] [2025-10-01T21:26:06.941Z] >>> [apiv2][query] GET https://runtimeconfig.googleapis.com/v1beta1/projects/end-of-time-94cd3/configs/email/variables/user [none]
[debug] [2025-10-01T21:26:06.942Z] >>> [apiv2][query] GET https://runtimeconfig.googleapis.com/v1beta1/projects/end-of-time-94cd3/configs/email/variables/pass [none]
[debug] [2025-10-01T21:26:07.289Z] <<< [apiv2][status] GET https://runtimeconfig.googleapis.com/v1beta1/projects/end-of-time-94cd3/configs/email/variables/user 200
[debug] [2025-10-01T21:26:07.289Z] <<< [apiv2][body] GET https://runtimeconfig.googleapis.com/v1beta1/projects/end-of-time-94cd3/configs/email/variables/user {"name":"projects/end-of-time-94cd3/configs/email/variables/user","updateTime":"2025-08-15T10:57:09.375568404Z","text":"fanelesibonge50@gmail.com"}
[debug] [2025-10-01T21:26:07.992Z] <<< [apiv2][status] GET https://runtimeconfig.googleapis.com/v1beta1/projects/end-of-time-94cd3/configs/email/variables/pass 200
[debug] [2025-10-01T21:26:07.992Z] <<< [apiv2][body] GET https://runtimeconfig.googleapis.com/v1beta1/projects/end-of-time-94cd3/configs/email/variables/pass {"name":"projects/end-of-time-94cd3/configs/email/variables/pass","updateTime":"2025-08-15T10:58:03.038240785Z","text":"znpv nfbd lerz mhbi"}
[debug] [2025-10-01T21:26:07.994Z] Validating nodejs source
[warn] !  functions: Runtime Node.js 18 was deprecated on 2025-04-30 and will be decommissioned on 2025-10-30, after which you will not be able to deploy without upgrading. Consider upgrading now to avoid disruption. See https://cloud.google.com/functions/docs/runtime-support for full details on the lifecycle policy 
[warn] !  functions: package.json indicates an outdated version of firebase-functions. Please upgrade using npm install --save firebase-functions@latest in your functions directory. 
[warn] !  functions: Please note that there will be breaking changes when you upgrade. 
[debug] [2025-10-01T21:26:08.699Z] > [functions] package.json contents: {
  "name": "end-of-time-functions",
  "engines": {
    "node": "18"
  },
  "main": "index.js",
  "scripts": {
    "build": "tsc -p .",
    "deploy": "npm run build && firebase deploy --only functions"
  },
  "dependencies": {
    "firebase-admin": "^11.11.0",
    "firebase-functions": "^4.4.0",
    "node-fetch": "^3.3.2",
    "nodemailer": "^7.0.5"
  },
  "devDependencies": {
    "typescript": "^5.4.0"
  }
}
[debug] [2025-10-01T21:26:08.699Z] Building nodejs source
[info] i  functions: Loading and analyzing source code for codebase default to determine what to deploy 
[info] i  functions: You are using a version of firebase-functions SDK (4.9.0) that does not have support for the newest Firebase Extensions features. Please update firebase-functions SDK to >=5.1.0 to use them correctly 
[debug] [2025-10-01T21:26:08.701Z] Could not find functions.yaml. Must use http discovery
[debug] [2025-10-01T21:26:08.707Z] Found firebase-functions binary at 'c:\Users\fanel\Videos\Web App (End of Time)\VideoProc Converter - Copy - Copy - Copy (2) - Copy - Copy\functions\node_modules\.bin\firebase-functions'
[info] Serving at port 8624

[debug] [2025-10-01T21:26:09.246Z] Got response from /__/functions.yaml {"endpoints":{"onInteractionCreate":{"platform":"gcfv1","availableMemoryMb":null,"timeoutSeconds":null,"minInstances":null,"maxInstances":null,"ingressSettings":null,"serviceAccountEmail":null,"vpc":null,"eventTrigger":{"eventType":"providers/cloud.firestore/eventTypes/document.create","eventFilters":{"resource":"projects/end-of-time-94cd3/databases/(default)/documents/prayers/{prayerId}/interactions/{interactionId}"},"retry":false},"labels":{},"entryPoint":"onInteractionCreate"},"sendEmailNotification":{"platform":"gcfv1","availableMemoryMb":null,"timeoutSeconds":null,"minInstances":null,"maxInstances":null,"ingressSettings":null,"serviceAccountEmail":null,"vpc":null,"eventTrigger":{"eventType":"providers/cloud.firestore/eventTypes/document.create","eventFilters":{"resource":"projects/end-of-time-94cd3/databases/(default)/documents/emailQueue/{docId}"},"retry":false},"labels":{},"entryPoint":"sendEmailNotification"}},"specVersion":"v1alpha1","requiredAPIs":[]}
[info] i  functions: preparing functions directory for uploading... 
[info] i  functions: packaged c:\Users\fanel\Videos\Web App (End of Time)\VideoProc Converter - Copy - Copy - Copy (2) - Copy - Copy\functions (43.38 KB) for uploading 
[debug] [2025-10-01T21:26:13.306Z] Checked if tokens are valid: true, expires at: 1759356586532
[debug] [2025-10-01T21:26:13.306Z] Checked if tokens are valid: true, expires at: 1759356586532
[debug] [2025-10-01T21:26:13.307Z] >>> [apiv2][query] GET https://cloudfunctions.googleapis.com/v1/projects/end-of-time-94cd3/locations/-/functions [none]
[debug] [2025-10-01T21:26:14.170Z] <<< [apiv2][status] GET https://cloudfunctions.googleapis.com/v1/projects/end-of-time-94cd3/locations/-/functions 200
[debug] [2025-10-01T21:26:14.170Z] <<< [apiv2][body] GET https://cloudfunctions.googleapis.com/v1/projects/end-of-time-94cd3/locations/-/functions {"functions":[{"name":"projects/end-of-time-94cd3/locations/us-central1/functions/sendEmailNotification","eventTrigger":{"eventType":"providers/cloud.firestore/eventTypes/document.create","resource":"projects/end-of-time-94cd3/databases/(default)/documents/emailQueue/{docId}","service":"firestore.googleapis.com","failurePolicy":{}},"status":"ACTIVE","entryPoint":"sendEmailNotification","timeout":"60s","availableMemoryMb":256,"serviceAccountEmail":"end-of-time-94cd3@appspot.gserviceaccount.com","updateTime":"2025-10-01T21:20:20.620964902Z","versionId":"1","labels":{"deployment-tool":"cli-firebase","firebase-functions-hash":"abeb78fe080798b6edb30006e6a0e5ea74a57c45"},"sourceUploadUrl":"https://storage.googleapis.com/uploads-942337535895.us-central1.cloudfunctions.appspot.com/8344b6c7-d4fe-4114-9f2b-a8efe8f014e9.zip","environmentVariables":{"FIREBASE_CONFIG":"{\"projectId\":\"end-of-time-94cd3\",\"storageBucket\":\"end-of-time-94cd3.firebasestorage.app\"}","GCLOUD_PROJECT":"end-of-time-94cd3","EVENTARC_CLOUD_EVENT_SOURCE":"projects/end-of-time-94cd3/locations/us-central1/functions/sendEmailNotification"},"runtime":"nodejs18","maxInstances":3000,"ingressSettings":"ALLOW_ALL","buildId":"0dfde81f-3944-471f-9606-8a11b2240aec","buildEnvironmentVariables":{"GOOGLE_NODE_RUN_SCRIPTS":""},"buildName":"projects/628602476853/locations/us-central1/builds/0dfde81f-3944-471f-9606-8a11b2240aec","dockerRegistry":"ARTIFACT_REGISTRY","automaticUpdatePolicy":{},"buildServiceAccount":"projects/end-of-time-94cd3/serviceAccounts/628602476853-compute@developer.gserviceaccount.com","satisfiesPzi":true}]}
[debug] [2025-10-01T21:26:14.170Z] Checked if tokens are valid: true, expires at: 1759356586532
[debug] [2025-10-01T21:26:14.170Z] Checked if tokens are valid: true, expires at: 1759356586532
[debug] [2025-10-01T21:26:14.171Z] >>> [apiv2][query] GET https://cloudfunctions.googleapis.com/v2/projects/end-of-time-94cd3/locations/-/functions filter=environment%3D%22GEN_2%22
[debug] [2025-10-01T21:26:15.276Z] <<< [apiv2][status] GET https://cloudfunctions.googleapis.com/v2/projects/end-of-time-94cd3/locations/-/functions 200
[debug] [2025-10-01T21:26:15.276Z] <<< [apiv2][body] GET https://cloudfunctions.googleapis.com/v2/projects/end-of-time-94cd3/locations/-/functions {}
[debug] [2025-10-01T21:26:15.278Z] Checked if tokens are valid: true, expires at: 1759356586532
[debug] [2025-10-01T21:26:15.278Z] Checked if tokens are valid: true, expires at: 1759356586532
[debug] [2025-10-01T21:26:15.278Z] >>> [apiv2][query] GET https://cloudresourcemanager.googleapis.com/v1/projects/end-of-time-94cd3 [none]
[debug] [2025-10-01T21:26:16.906Z] <<< [apiv2][status] GET https://cloudresourcemanager.googleapis.com/v1/projects/end-of-time-94cd3 200
[debug] [2025-10-01T21:26:16.906Z] <<< [apiv2][body] GET https://cloudresourcemanager.googleapis.com/v1/projects/end-of-time-94cd3 {"projectNumber":"628602476853","projectId":"end-of-time-94cd3","lifecycleState":"ACTIVE","name":"End of Time","labels":{"firebase":"enabled","firebase-core":"disabled"},"createTime":"2025-08-07T11:37:20.813282Z"}
[debug] [2025-10-01T21:26:16.909Z] Checked if tokens are valid: true, expires at: 1759356586532
[debug] [2025-10-01T21:26:16.909Z] Checked if tokens are valid: true, expires at: 1759356586532
[debug] [2025-10-01T21:26:16.910Z] >>> [apiv2][query] POST https://firebasehosting.googleapis.com/v1beta1/projects/-/sites/end-of-time-94cd3/versions [none]
[debug] [2025-10-01T21:26:16.910Z] >>> [apiv2][body] POST https://firebasehosting.googleapis.com/v1beta1/projects/-/sites/end-of-time-94cd3/versions {"status":"CREATED","labels":{"deployment-tool":"cli-firebase"}}
[debug] [2025-10-01T21:26:17.944Z] <<< [apiv2][status] POST https://firebasehosting.googleapis.com/v1beta1/projects/-/sites/end-of-time-94cd3/versions 200
[debug] [2025-10-01T21:26:17.944Z] <<< [apiv2][body] POST https://firebasehosting.googleapis.com/v1beta1/projects/-/sites/end-of-time-94cd3/versions {"name":"projects/628602476853/sites/end-of-time-94cd3/versions/fbb1d2997e4b5175","status":"CREATED","config":{},"labels":{"deployment-tool":"cli-firebase"}}
[debug] [2025-10-01T21:26:17.945Z] Checked if tokens are valid: true, expires at: 1759356586532
[debug] [2025-10-01T21:26:17.945Z] Checked if tokens are valid: true, expires at: 1759356586532
[debug] [2025-10-01T21:26:17.945Z] >>> [apiv2][query] GET https://firestore.googleapis.com/v1/projects/end-of-time-94cd3/databases/(default) [none]
[debug] [2025-10-01T21:26:18.523Z] <<< [apiv2][status] GET https://firestore.googleapis.com/v1/projects/end-of-time-94cd3/databases/(default) 200
[debug] [2025-10-01T21:26:18.523Z] <<< [apiv2][body] GET https://firestore.googleapis.com/v1/projects/end-of-time-94cd3/databases/(default) {"name":"projects/end-of-time-94cd3/databases/(default)","uid":"6b62c153-99ce-4b69-9b58-9389d65a2b79","createTime":"2025-08-07T13:15:58.421611Z","updateTime":"2025-08-07T13:15:58.421611Z","locationId":"africa-south1","type":"FIRESTORE_NATIVE","concurrencyMode":"PESSIMISTIC","versionRetentionPeriod":"3600s","earliestVersionTime":"2025-10-01T20:26:16.141471Z","appEngineIntegrationMode":"DISABLED","pointInTimeRecoveryEnablement":"POINT_IN_TIME_RECOVERY_DISABLED","deleteProtectionState":"DELETE_PROTECTION_DISABLED","databaseEdition":"STANDARD","freeTier":true,"etag":"IPfooKb4g5ADMJSOg43NgZAD"}
[debug] [2025-10-01T21:26:18.524Z] Checked if tokens are valid: true, expires at: 1759356586532
[debug] [2025-10-01T21:26:18.524Z] Checked if tokens are valid: true, expires at: 1759356586532
[debug] [2025-10-01T21:26:18.524Z] >>> [apiv2][query] GET https://firebaserules.googleapis.com/v1/projects/end-of-time-94cd3/releases pageSize=10&pageToken=
[debug] [2025-10-01T21:26:19.520Z] <<< [apiv2][status] GET https://firebaserules.googleapis.com/v1/projects/end-of-time-94cd3/releases 200
[debug] [2025-10-01T21:26:19.520Z] <<< [apiv2][body] GET https://firebaserules.googleapis.com/v1/projects/end-of-time-94cd3/releases {"releases":[{"name":"projects/end-of-time-94cd3/releases/cloud.firestore","rulesetName":"projects/end-of-time-94cd3/rulesets/68474669-bfd1-460f-8513-1bd661aba286","createTime":"2025-08-07T13:16:05.983290Z","updateTime":"2025-10-01T21:25:16.497815Z"}]}
[debug] [2025-10-01T21:26:19.520Z] Checked if tokens are valid: true, expires at: 1759356586532
[debug] [2025-10-01T21:26:19.520Z] Checked if tokens are valid: true, expires at: 1759356586532
[debug] [2025-10-01T21:26:19.520Z] >>> [apiv2][query] GET https://firebaserules.googleapis.com/v1/projects/end-of-time-94cd3/rulesets/68474669-bfd1-460f-8513-1bd661aba286 [none]
[debug] [2025-10-01T21:26:20.330Z] <<< [apiv2][status] GET https://firebaserules.googleapis.com/v1/projects/end-of-time-94cd3/rulesets/68474669-bfd1-460f-8513-1bd661aba286 200
[debug] [2025-10-01T21:26:20.330Z] <<< [apiv2][body] GET https://firebaserules.googleapis.com/v1/projects/end-of-time-94cd3/rulesets/68474669-bfd1-460f-8513-1bd661aba286 [omitted]
[info] i  firestore: latest version of firestore-rules.txt already up to date, skipping upload... 
[debug] [2025-10-01T21:26:20.331Z] Checked if tokens are valid: true, expires at: 1759356586532
[debug] [2025-10-01T21:26:20.331Z] Checked if tokens are valid: true, expires at: 1759356586532
[debug] [2025-10-01T21:26:20.331Z] >>> [apiv2][query] POST https://cloudfunctions.googleapis.com/v1/projects/end-of-time-94cd3/locations/us-central1/functions:generateUploadUrl [none]
[debug] [2025-10-01T21:26:20.331Z] >>> [apiv2][body] POST https://cloudfunctions.googleapis.com/v1/projects/end-of-time-94cd3/locations/us-central1/functions:generateUploadUrl {}
[debug] [2025-10-01T21:26:21.240Z] <<< [apiv2][status] POST https://cloudfunctions.googleapis.com/v1/projects/end-of-time-94cd3/locations/us-central1/functions:generateUploadUrl 200
[debug] [2025-10-01T21:26:21.240Z] <<< [apiv2][body] POST https://cloudfunctions.googleapis.com/v1/projects/end-of-time-94cd3/locations/us-central1/functions:generateUploadUrl {"uploadUrl":"https://storage.googleapis.com/uploads-942337535895.us-central1.cloudfunctions.appspot.com/95f129e4-5e1f-448e-9206-84767abc07a5.zip?GoogleAccessId=service-628602476853@gcf-admin-robot.iam.gserviceaccount.com&Expires=1759355778&Signature=C21O0SjQ9e3AZt5PFAP%2FcOJbiQSe5vGInHMXQrTtCQ3oAc1dDfvyVhTMs2SwUJXEHnOJ16B087suA%2F%2FaseogGYb8LUblvN89EdDDit8ePRe%2FSiZXy5E5cKcNf4JGnbcdu5Sy9PuYhZZXLWEozUn48%2BzBxk52OckxoHnjL%2BrgctUKMMtd57uDO4iVAiROuef6LvYQIxHNvWz2egmvqSR3R3nf5KACi0jAv3kcBic5XgKTHz43lSBX3k0FR5x8lht5dfxYNWVwBmh547q%2BHJHVaobxqe2oIILfNIjvol77hfzp1sepP%2FwiMTQbW1WMH%2FkJHLlnBihvTmMoeJzb8xR%2F0w%3D%3D"}
[debug] [2025-10-01T21:26:21.241Z] >>> [apiv2][query] PUT https://storage.googleapis.com/uploads-942337535895.us-central1.cloudfunctions.appspot.com/95f129e4-5e1f-448e-9206-84767abc07a5.zip GoogleAccessId=service-628602476853%40gcf-admin-robot.iam.gserviceaccount.com&Expires=1759355778&Signature=C21O0SjQ9e3AZt5PFAP%2FcOJbiQSe5vGInHMXQrTtCQ3oAc1dDfvyVhTMs2SwUJXEHnOJ16B087suA%2F%2FaseogGYb8LUblvN89EdDDit8ePRe%2FSiZXy5E5cKcNf4JGnbcdu5Sy9PuYhZZXLWEozUn48%2BzBxk52OckxoHnjL%2BrgctUKMMtd57uDO4iVAiROuef6LvYQIxHNvWz2egmvqSR3R3nf5KACi0jAv3kcBic5XgKTHz43lSBX3k0FR5x8lht5dfxYNWVwBmh547q%2BHJHVaobxqe2oIILfNIjvol77hfzp1sepP%2FwiMTQbW1WMH%2FkJHLlnBihvTmMoeJzb8xR%2F0w%3D%3D
[debug] [2025-10-01T21:26:21.241Z] >>> [apiv2][body] PUT https://storage.googleapis.com/uploads-942337535895.us-central1.cloudfunctions.appspot.com/95f129e4-5e1f-448e-9206-84767abc07a5.zip [stream]
[debug] [2025-10-01T21:26:23.294Z] <<< [apiv2][status] PUT https://storage.googleapis.com/uploads-942337535895.us-central1.cloudfunctions.appspot.com/95f129e4-5e1f-448e-9206-84767abc07a5.zip 200
[debug] [2025-10-01T21:26:23.295Z] <<< [apiv2][body] PUT https://storage.googleapis.com/uploads-942337535895.us-central1.cloudfunctions.appspot.com/95f129e4-5e1f-448e-9206-84767abc07a5.zip [omitted]
[info] +  functions: functions folder uploaded successfully 
[info] i  hosting[end-of-time-94cd3]: beginning deploy... 
[info] i  hosting[end-of-time-94cd3]: found 99 files in . 
[debug] [2025-10-01T21:26:23.311Z] [hosting] uploading with 200 concurrency
[debug] [2025-10-01T21:26:23.319Z] Checked if tokens are valid: true, expires at: 1759356586532
[debug] [2025-10-01T21:26:23.319Z] Checked if tokens are valid: true, expires at: 1759356586532
[debug] [2025-10-01T21:26:23.320Z] [hosting] hash cache [] stored for 99 files
[debug] [2025-10-01T21:26:23.320Z] [hosting][hash queue][FINAL] {"max":4,"min":0,"avg":1.1668366715670546,"active":0,"complete":99,"success":99,"errored":0,"retried":0,"total":99,"elapsed":8}
[debug] [2025-10-01T21:26:23.320Z] >>> [apiv2][query] POST https://firebasehosting.googleapis.com/v1beta1/projects/628602476853/sites/end-of-time-94cd3/versions/fbb1d2997e4b5175:populateFiles [none]
[debug] [2025-10-01T21:26:23.320Z] >>> [apiv2][body] POST https://firebasehosting.googleapis.com/v1beta1/projects/628602476853/sites/end-of-time-94cd3/versions/fbb1d2997e4b5175:populateFiles {"files":{"/WRONG BUZZER 7.wav":"67486f7092540787e54d72b6a2f03e2cf7b7d2a3546f620a6cb7b4e04870d5cc","/Transition.wav":"2237f334e8f5e8bcb3521282d8ab392488b15fee94584b5df7f8933d8bf5512e","/Transition 2.wav":"c1056a8ec267bf1eeccb9f82fcd79bec2c4871de631a2ad0a8aa50f13f1a544b","/ticking_time.wav":"bc86335ca68258da8f73e6fee157556d04731807d16b7f9fc4909cf1e5bbe4a0","/styles.css.backup":"b9afea2d8bf68b3b36c96ce228dfcdd393b744d706bcfd9faadf17c9d1a83e74","/styles.css":"e0997249d2632f51d6ca75b9f49eae3f765d8f0b11119d6adfadcc13686b4ed4","/soundtrack 5.mp3":"2cdcb0310e02965e7c65a16affcc9b160911a1210814e94aefdc325a8fc06485","/soundtrack 4.mp3":"1ee41ab08cccdfc0cf777e58d8df14ae732e1da98d268b1f7026a4ed1bd65f5d","/soundtrack 3.mp3":"965c94818077a858e2f9545b2260a22dcff70a493dfb73ecf163ead33478682b","/soundtrack 2.mp3":"beef4ab3084dedd80bb37a319903f9c5efb83d6d109f1bc7675b348f335baf7b","/soundtrack 1.mp3":"64579bc035754e19c8dfae9d20610105080735f799cfa7a3b8d8b32a21b2ec46","/service-worker.js":"38bf1de714104665c4482e6544e12ed65ffa366acc47a794234fc3ad112fba35","/Semi Impact Risers-001.wav":"959311d4aaca0d1332069c1bea33cec2e19702bfc50256c9e4521c7fcbc0cef1","/script.js.backup":"fc8b7c30db23c2e5b600682b36050e906b49b4e0666a22d70b3850b3766e4615","/script.js":"311f1ee35bcae58764a2740fad6b7177adef3172495f2485aee2e5e6410e379f","/Qwen_html_20250810_ttxf0530d.html":"94a5b335039df65a253c26ea84d299c59beef32e0aa849b0bfe24e72bfa83664","/Qwen_html_20220210_ttxf0530d_functions.md":"bcb5d7e752877ab7993f2d8cafb663b308e35fda109dc8f365c75bee5eb2c4bf","/questions.js":"69811adb9b7f45200cb460160bbf662f634af34dc1864ed39c48de58b126de24","/questions-level7.js":"7df7797abe6f31bf558a9a40e8b5f4b472a2d4c45838e2cb6720bd269f2ac240","/questions-level6.js":"5c50cbb6d8917f42b31055e04d498e91d7f28fc883e78d84c5c987ba90f6d166","/questions-level5.js":"39d16c84d78fda012a6faaf4606aa458c1861d94b3b125bfbf0042d631d7cf7c","/questions-level4.js":"b86926d5c127b34c9610b8b580cdb010a2264fb41a380424d23ad411d6746462","/questions-level3.js":"5935c1ecf4ba46ff9afed08c28a9c2c13d502448ae06277afdc26d76df5698f3","/questions-level2.js":"da815a406af0f8c8809ffc2a9a83f5c5e949933a795960d966d7da8bf274cc5f","/questions-level1.js":"ad7d92d89849762c6b6e69f502a761d5b8fbbdeb4d79a5732d9b7f278e8f52b8","/prayer-styles.css":"5149103701b314af3568625fc9256ee3e8af63f397fb44df03cbe4b6bbe89f06","/prayer-dark-theme.css":"18c047c84be1c0084ed844e89040274032f36ebe785c28942a44bf3cacfef1c4","/package.json":"6ad67fe659cc2c63111a1aad1f43e5e88807ed590fb3dedd75cba2d8e0329404","/package-lock.json":"9838b390174601ad6a91169950598b5d8cb531c13bf1a47ba280a9d2be9df510","/network-diagnostics.html":"0f1888671616489e7173cb3f9bfecd7202d72abd79f6052c4d0d3d1c4d478530","/Motionarray_Floraphonic_Gameshow_Buzzer_1.wav":"0e9447856a2b6ed52724165243ff5a9e5896bfec28427edd83040d507ffdae31","/Montserrat-Regular.ttf":"47a08e0557ac247e06ee9cada7f05a4642bd8d0cb167570b9012b0288f3ab4d5","/Montserrat-Light.ttf":"a4d4430519350b6208ed832da8108106da0cd2630f09fd1cd4a626ff6685ed7b","/Montserrat-BoldItalic.ttf":"fbe96cb3090b91cd7d4c098c4f1f27af2779f12ca75bf28daa34fca09586478a","/menu.html":"e5ff11ae7d9774747987700282bddd7db1eed143c8dc1f5233b41cd42cb565a9","/menu-styles.css":"26cbcd2ad27c48e067c5e5e5270817573c57caf1de17281dcbad4def910d97ec","/menu-dark-theme.css":"7498f3f3fa8354f5d63ac28aa4cca486b846694cc3a31ec3db7122205389c300","/manifest.json":"e9ee22f098a7aaa749971dd385bd2ea0dc9990dddbe1b2b517ec519c7c703808","/index.html.backup":"da6a6ad80db17b1f2e01bb4b82693b97adb4d039bbd244e2a3cf7041de758e50","/index.html":"77164e6863a288326b005f51f5be7ff371b1572e424cf98010f86483f000975e","/Incorrect 9.wav":"a9f53e0c70f59aa438460b222b305d36f8e573234a517f4a0e5b3405eed4174e","/Incorrect 8.wav":"9a8bf389a7b93ababc7ac3fd48ad5a58bd662f176044f8ae7cc08c90b42ca619","/Incorrect 7.wav":"a398be6c0afdbcba8b1d0af73bdfdc7842420a472260536cb18ba40d465fe3ab","/Incorrect 6.wav":"da03307e3e468cc85f162878ebc303d905c124b16d590396b6c31f1c1bd7564b","/Incorrect 5.wav":"4e23b25107b8cfdea0854488f72fdcdcbca5c6ff417a853273f0ea16a5fed786","/Incorrect 4.wav":"31a91db231ba02b9dd6c22c45c1b13affe57ea8e3079463a1560365ad6fc610d","/Incorrect 3.wav":"9dbfd45976c694cb6c1c0905a616b1ec8019d61a8906121428471136160ec1d9","/Incorrect 2.wav":"dd5d3358999a8ceaf079b9d711f5a7036ff9bd4261a50879977cb4fc3c5ce7ce","/Incorrect 10.wav":"efd38580dff06407e8e7908c1d30a8c25de91571dc899d51523a24b4d388a094","/Incorrect 1.wav":"c09711bc975650133a13f029a1259e10c308b45592fea0fcf5b4c4e4d5b6a917","/icon-512.png.png":"ff552cd49e545c12de258a61c9aeae91586b7284bc62d1dc458506559e9fc82a","/icon-512.png":"67bc4e55b5124047d16624fd2961c2dd221d609752bc9958295ec5d6ffe3b067","/icon-192.png.png":"5d4a0047663647f338b9d18a1a5f5e73713f6309e9e17a7e369f01e55d6fac83","/icon-192.png":"67bc4e55b5124047d16624fd2961c2dd221d609752bc9958295ec5d6ffe3b067","/firestore.indexes.json":"2ebb5733aa5f724393a8893b05f4dba6cf6950eb7bc2f7b661312e28e5e907bc","/firestore-rules.txt":"86b0d03f6a00fcdd3d8520645c100296613735595b24f81a9a1df335c5ef290f","/FIREBASE_VERIFICATION_SUMMARY.md":"0c134daf52702ad0285e54d9233e46e71b2b5878f016fba15b99a5b97feb4d48","/FIREBASE_SETUP.md":"cebe074304b3c38fb5264530391344cc40764291d11a54183522e8efd2e5f377","/FIREBASE_CHECKLIST.md":"c1ed4835e59f5a664ee5cf2231995322bd66e10900abe24ff5bedd3b4f45f85d","/firebase-validator.html":"89bef7dbfb1291e9438272abff52cdc35385b8a7dc5abae064de638c04a5e5a7","/firebase-test.html":"7ca205a7912d905677f2b78ac7197406874a237c85f0df1a3efe03f5be18034e","/firebase-messaging-sw.js":"8804e9627fc4875070a872b269d7ff89d68b767faa69b1427708f81e837cc48c","/firebase-config.js":"2246b82eb814a20b4c4dab9b68997eeb58c7f11d797c1e624335ba3e03627597","/Fear God.png":"ff0edaa0bafb9afe5b8ab6b8fd7577f7f55fa934737486c41d44c80c95e7e06a","/favicon.ico":"67bc4e55b5124047d16624fd2961c2dd221d609752bc9958295ec5d6ffe3b067","/explanations.js":"46b50c321b39e89a491b6727a01628c34245605a30beb3e7414c5e01cff90e6e","/End of Time Icon.png":"67bc4e55b5124047d16624fd2961c2dd221d609752bc9958295ec5d6ffe3b067","/dark-theme.css":"19ff7b28a6e97fa81b3b45a1a8dd2dc1d4a877b64f4db5ba7c41d7ebebfd7949","/correct_answer_2.wav":"9b9cc7656fd2dbca0e836a03586f1396db7d9193e825ef00b00c9f1711cbd773","/correct_answer_1.wav":"2fd00b90490fcfc1c1c6f537566bb8192140bff3b682ea50b330938c6704a5c7","/Correct 9.wav":"eb508cb4204fdaec6cf512c57217268812be6fe2f69f9509f7f3846710b6d1f4","/Correct 8.wav":"d8b4b5fbffc52fe4b6830ad27ef77e2b8196b7cbca69f760ad96126ca788f088","/Correct 7.wav":"cd5a1e663d793619786cd25652c67ff4dd5a49c8478ff5e6e9f4ea86b657fa9e","/Correct 6.wav":"623bc7af26994feb591cb83693192ac16ae38184e17fb42cfda52712cfbecfe5","/Correct 5.wav":"a18a2deb80534d680334fa385c4ff40caae1092a4af6034a4fedc50ac6965108","/Correct 4.wav":"01298a72edcbb4d519bf05dbeebe3aa8a0e7af42bb77dc954e3107c49afcc143","/Correct 3.wav":"f897aa430145f697dd56a72506cde4c15b5635a6bbac8262054a4be60e927fdc","/Correct 2.wav":"660d441808b5c88cc9aaad540d8651a990d2a0bf1fe0c77701621596f35e78c3","/Correct 10.wav":"828d5ca9e3921cfa197b7d45f609ab72933ad840859696d874759fb3c275772d","/Correct 1.wav":"96c45268e2e00fad2fcfa1f5f9fcde1cf9a002dbd6a0c4965b0d9758fa0ac9a0","/background.mp4":"9ba3c84cac5931f193b1fe043a3990b004a939a76300723c238e890a6677c481","/background 7.mp4":"afd9560337e923dd91bd10af60498842791ee584bdd3703c0fbd69350a59d9b5","/background 6.mp4":"324c741d93bc32608b64ad51a49e0a2fbd44fd5f72de5d6e125c7bd85bcac228","/background 5.mp4":"2a1e2eef9189c55cb6d95b733ff95a56ba5324a59e4a0155aec22b4320f4914b","/background 3.mp4":"dc4a68d279200b9a60e7f2f362299ba54f60705b35cea2c69712f738286d4653","/background 2.mp4":"9d6662167b3c1c58dd68ad24142ac7d76024ce607b8e7c5d85f9dd7525deb6a9","/background 1.mp4":"a4a77111d58433c30cb2ce403ff4d5fa3855c4e2c8e586b3b25bc3cf62153450","/audio-manager.js":"5ad212cd8a4c7c11c0d44e5c9a626890dad5bb5d36037bcfe35d9773e8840119","/public/index.html":"ad79476ba6e4a2cb4a8f99e19bd004f6dfbe4d695209f30e80bf2818535b8a79","/public/firebase-messaging-sw.js":"7c86940c3ea0b6f726eea52de044bf16aebc6c0618e8e0429eefe2ebc8c07e43","/functions/tsconfig.json":"19541ba5834da151b932a1490482ee1ec7ea3d36f9a364b4b2663b61c08bb4c8","/functions/package.json":"5b58bea224841b44a467365e03a672dd3ac17c8d692951d55a8db6481e6e9fa3","/functions/package-lock.json":"de44b878b02bf9bd5b3549912906f7634eb3aa73bd6550c47c379beb8b0e2e6e","/functions/index.ts":"86bb50a94cee4844b1738e8070c15762547c54f155db6f4b1fe35450b388e447","/functions/index.js":"b45e8cfdef813fc661d1febc4a668699dcbad49c65de1d8a6629420b43f809f1","/functions/lib/index.js":"449a63d5b0dfca33d276e9ad5363d8f39cf466d2d9e4019c6ece0d9a735bcc7a","/.github/workflows/firebase-hosting-pull-request.yml":"26a08f2452aab0bbfa4871242d349c2841e0bfcafd2cc2b3d5935fb1a6fb86f8","/.github/workflows/firebase-hosting-merge.yml":"161c99c36b7ada6342f98b4d61161a9c63aed4ceddf1f318c00b4d6f78b4a739","/.claude/settings.local.json":"e0d47c03d61b2b0d946902399c4d7574f78040a423fda5eeb59b31bbdacd05ba"}}
[debug] [2025-10-01T21:26:25.161Z] <<< [apiv2][status] POST https://firebasehosting.googleapis.com/v1beta1/projects/628602476853/sites/end-of-time-94cd3/versions/fbb1d2997e4b5175:populateFiles 200
[debug] [2025-10-01T21:26:25.162Z] <<< [apiv2][body] POST https://firebasehosting.googleapis.com/v1beta1/projects/628602476853/sites/end-of-time-94cd3/versions/fbb1d2997e4b5175:populateFiles {"uploadUrl":"https://upload-firebasehosting.googleapis.com/upload/sites/end-of-time-94cd3/versions/fbb1d2997e4b5175/files"}
[debug] [2025-10-01T21:26:25.162Z] [hosting][populate queue][FINAL] {"max":1843,"min":1843,"avg":1843,"active":0,"complete":1,"success":1,"errored":0,"retried":0,"total":1,"elapsed":1843}
[debug] [2025-10-01T21:26:25.162Z] [hosting] uploads queued: 0
[debug] [2025-10-01T21:26:25.162Z] [hosting][upload queue][FINAL] {"max":0,"min":9999999999,"avg":0,"active":0,"complete":0,"success":0,"errored":0,"retried":0,"total":0,"elapsed":1759353985162}
[info] i  hosting: upload complete 
[info] +  hosting[end-of-time-94cd3]: file upload complete 
[debug] [2025-10-01T21:26:25.162Z] [hosting] deploy completed after 1866ms
[debug] [2025-10-01T21:26:25.162Z] [rules] releasing cloud.firestore/(default) with ruleset projects/end-of-time-94cd3/rulesets/68474669-bfd1-460f-8513-1bd661aba286
[debug] [2025-10-01T21:26:25.163Z] Checked if tokens are valid: true, expires at: 1759356586532
[debug] [2025-10-01T21:26:25.163Z] Checked if tokens are valid: true, expires at: 1759356586532
[debug] [2025-10-01T21:26:25.163Z] >>> [apiv2][query] PATCH https://firebaserules.googleapis.com/v1/projects/end-of-time-94cd3/releases/cloud.firestore/(default) [none]
[debug] [2025-10-01T21:26:25.163Z] >>> [apiv2][body] PATCH https://firebaserules.googleapis.com/v1/projects/end-of-time-94cd3/releases/cloud.firestore/(default) {"release":{"name":"projects/end-of-time-94cd3/releases/cloud.firestore/(default)","rulesetName":"projects/end-of-time-94cd3/rulesets/68474669-bfd1-460f-8513-1bd661aba286"}}
[debug] [2025-10-01T21:26:25.653Z] <<< [apiv2][status] PATCH https://firebaserules.googleapis.com/v1/projects/end-of-time-94cd3/releases/cloud.firestore/(default) 200
[debug] [2025-10-01T21:26:25.653Z] <<< [apiv2][body] PATCH https://firebaserules.googleapis.com/v1/projects/end-of-time-94cd3/releases/cloud.firestore/(default) {"name":"projects/end-of-time-94cd3/releases/cloud.firestore","rulesetName":"projects/end-of-time-94cd3/rulesets/68474669-bfd1-460f-8513-1bd661aba286","createTime":"2025-08-07T13:16:05.983290Z","updateTime":"2025-10-01T21:26:23.122617Z"}
[debug] [2025-10-01T21:26:25.654Z] [rules] updated release projects/end-of-time-94cd3/releases/cloud.firestore
[info] +  firestore: released rules firestore-rules.txt to cloud.firestore 
[info] i  functions: creating Node.js 18 (1st Gen) function onInteractionCreate(us-central1)... 
[info] i  functions: updating Node.js 18 (1st Gen) function sendEmailNotification(us-central1)... 
[debug] [2025-10-01T21:26:25.656Z] Checked if tokens are valid: true, expires at: 1759356586532
[debug] [2025-10-01T21:26:25.656Z] Checked if tokens are valid: true, expires at: 1759356586532
[debug] [2025-10-01T21:26:25.656Z] >>> [apiv2][query] POST https://cloudfunctions.googleapis.com/v1/projects/end-of-time-94cd3/locations/us-central1/functions [none]
[debug] [2025-10-01T21:26:25.656Z] >>> [apiv2][body] POST https://cloudfunctions.googleapis.com/v1/projects/end-of-time-94cd3/locations/us-central1/functions {"name":"projects/end-of-time-94cd3/locations/us-central1/functions/onInteractionCreate","sourceUploadUrl":"https://storage.googleapis.com/uploads-942337535895.us-central1.cloudfunctions.appspot.com/95f129e4-5e1f-448e-9206-84767abc07a5.zip?GoogleAccessId=service-628602476853@gcf-admin-robot.iam.gserviceaccount.com&Expires=1759355778&Signature=C21O0SjQ9e3AZt5PFAP%2FcOJbiQSe5vGInHMXQrTtCQ3oAc1dDfvyVhTMs2SwUJXEHnOJ16B087suA%2F%2FaseogGYb8LUblvN89EdDDit8ePRe%2FSiZXy5E5cKcNf4JGnbcdu5Sy9PuYhZZXLWEozUn48%2BzBxk52OckxoHnjL%2BrgctUKMMtd57uDO4iVAiROuef6LvYQIxHNvWz2egmvqSR3R3nf5KACi0jAv3kcBic5XgKTHz43lSBX3k0FR5x8lht5dfxYNWVwBmh547q%2BHJHVaobxqe2oIILfNIjvol77hfzp1sepP%2FwiMTQbW1WMH%2FkJHLlnBihvTmMoeJzb8xR%2F0w%3D%3D","entryPoint":"onInteractionCreate","runtime":"nodejs18","dockerRegistry":"ARTIFACT_REGISTRY","labels":{"deployment-tool":"cli-firebase","firebase-functions-hash":"38be96f969decf62c34c705495486f4a4c86c905"},"eventTrigger":{"eventType":"providers/cloud.firestore/eventTypes/document.create","resource":"projects/end-of-time-94cd3/databases/(default)/documents/prayers/{prayerId}/interactions/{interactionId}"},"minInstances":null,"maxInstances":null,"ingressSettings":null,"environmentVariables":{"FIREBASE_CONFIG":"{\"projectId\":\"end-of-time-94cd3\",\"storageBucket\":\"end-of-time-94cd3.firebasestorage.app\"}","GCLOUD_PROJECT":"end-of-time-94cd3","EVENTARC_CLOUD_EVENT_SOURCE":"projects/end-of-time-94cd3/locations/us-central1/functions/onInteractionCreate"},"serviceAccountEmail":null,"availableMemoryMb":null,"timeout":null,"vpcConnector":null,"vpcConnectorEgressSettings":null,"buildEnvironmentVariables":{"GOOGLE_NODE_RUN_SCRIPTS":""}}
[debug] [2025-10-01T21:26:26.419Z] <<< [apiv2][status] POST https://cloudfunctions.googleapis.com/v1/projects/end-of-time-94cd3/locations/us-central1/functions 200
[debug] [2025-10-01T21:26:26.419Z] <<< [apiv2][body] POST https://cloudfunctions.googleapis.com/v1/projects/end-of-time-94cd3/locations/us-central1/functions {"name":"operations/cHJvamVjdHMvZW5kLW9mLXRpbWUtOTRjZDMvbG9jYXRpb25zL3VzLWNlbnRyYWwxL29wZXJhdGlvbnMvb3BlcmF0aW9uLTE3NTkzNTM5ODM0OTMtNjQwMWY4NTM4NjZmYi05Y2ZiZGE0MS1hYTk5NzlhMA","metadata":{"@type":"type.googleapis.com/google.cloud.functions.v1.OperationMetadataV1","target":"projects/end-of-time-94cd3/locations/us-central1/functions/onInteractionCreate","updateTime":"2025-10-01T21:26:23.887673996Z"}}
[debug] [2025-10-01T21:26:26.419Z] Checked if tokens are valid: true, expires at: 1759356586532
[debug] [2025-10-01T21:26:26.419Z] Checked if tokens are valid: true, expires at: 1759356586532
[debug] [2025-10-01T21:26:26.420Z] >>> [apiv2][query] GET https://cloudfunctions.googleapis.com/v1/operations/cHJvamVjdHMvZW5kLW9mLXRpbWUtOTRjZDMvbG9jYXRpb25zL3VzLWNlbnRyYWwxL29wZXJhdGlvbnMvb3BlcmF0aW9uLTE3NTkzNTM5ODM0OTMtNjQwMWY4NTM4NjZmYi05Y2ZiZGE0MS1hYTk5NzlhMA [none]
[debug] [2025-10-01T21:26:26.766Z] <<< [apiv2][status] GET https://cloudfunctions.googleapis.com/v1/operations/cHJvamVjdHMvZW5kLW9mLXRpbWUtOTRjZDMvbG9jYXRpb25zL3VzLWNlbnRyYWwxL29wZXJhdGlvbnMvb3BlcmF0aW9uLTE3NTkzNTM5ODM0OTMtNjQwMWY4NTM4NjZmYi05Y2ZiZGE0MS1hYTk5NzlhMA 200
[debug] [2025-10-01T21:26:26.767Z] <<< [apiv2][body] GET https://cloudfunctions.googleapis.com/v1/operations/cHJvamVjdHMvZW5kLW9mLXRpbWUtOTRjZDMvbG9jYXRpb25zL3VzLWNlbnRyYWwxL29wZXJhdGlvbnMvb3BlcmF0aW9uLTE3NTkzNTM5ODM0OTMtNjQwMWY4NTM4NjZmYi05Y2ZiZGE0MS1hYTk5NzlhMA {"name":"operations/cHJvamVjdHMvZW5kLW9mLXRpbWUtOTRjZDMvbG9jYXRpb25zL3VzLWNlbnRyYWwxL29wZXJhdGlvbnMvb3BlcmF0aW9uLTE3NTkzNTM5ODM0OTMtNjQwMWY4NTM4NjZmYi05Y2ZiZGE0MS1hYTk5NzlhMA","metadata":{"@type":"type.googleapis.com/google.cloud.functions.v1.OperationMetadataV1","target":"projects/end-of-time-94cd3/locations/us-central1/functions/onInteractionCreate","updateTime":"2025-10-01T21:26:23.887673996Z"}}
[debug] [2025-10-01T21:26:27.278Z] [create-default-us-central1-onInteractionCreate] Retrying task index 0
[debug] [2025-10-01T21:26:27.278Z] Checked if tokens are valid: true, expires at: 1759356586532
[debug] [2025-10-01T21:26:27.278Z] Checked if tokens are valid: true, expires at: 1759356586532
[debug] [2025-10-01T21:26:27.278Z] >>> [apiv2][query] GET https://cloudfunctions.googleapis.com/v1/operations/cHJvamVjdHMvZW5kLW9mLXRpbWUtOTRjZDMvbG9jYXRpb25zL3VzLWNlbnRyYWwxL29wZXJhdGlvbnMvb3BlcmF0aW9uLTE3NTkzNTM5ODM0OTMtNjQwMWY4NTM4NjZmYi05Y2ZiZGE0MS1hYTk5NzlhMA [none]
[debug] [2025-10-01T21:26:27.610Z] <<< [apiv2][status] GET https://cloudfunctions.googleapis.com/v1/operations/cHJvamVjdHMvZW5kLW9mLXRpbWUtOTRjZDMvbG9jYXRpb25zL3VzLWNlbnRyYWwxL29wZXJhdGlvbnMvb3BlcmF0aW9uLTE3NTkzNTM5ODM0OTMtNjQwMWY4NTM4NjZmYi05Y2ZiZGE0MS1hYTk5NzlhMA 200
[debug] [2025-10-01T21:26:27.610Z] <<< [apiv2][body] GET https://cloudfunctions.googleapis.com/v1/operations/cHJvamVjdHMvZW5kLW9mLXRpbWUtOTRjZDMvbG9jYXRpb25zL3VzLWNlbnRyYWwxL29wZXJhdGlvbnMvb3BlcmF0aW9uLTE3NTkzNTM5ODM0OTMtNjQwMWY4NTM4NjZmYi05Y2ZiZGE0MS1hYTk5NzlhMA {"name":"operations/cHJvamVjdHMvZW5kLW9mLXRpbWUtOTRjZDMvbG9jYXRpb25zL3VzLWNlbnRyYWwxL29wZXJhdGlvbnMvb3BlcmF0aW9uLTE3NTkzNTM5ODM0OTMtNjQwMWY4NTM4NjZmYi05Y2ZiZGE0MS1hYTk5NzlhMA","metadata":{"@type":"type.googleapis.com/google.cloud.functions.v1.OperationMetadataV1","target":"projects/end-of-time-94cd3/locations/us-central1/functions/onInteractionCreate","type":"CREATE_FUNCTION","request":{"@type":"type.googleapis.com/google.cloud.functions.v1.CloudFunction","name":"projects/end-of-time-94cd3/locations/us-central1/functions/onInteractionCreate","eventTrigger":{"eventType":"providers/cloud.firestore/eventTypes/document.create","resource":"projects/end-of-time-94cd3/databases/(default)/documents/prayers/{prayerId}/interactions/{interactionId}","failurePolicy":{}},"entryPoint":"onInteractionCreate","updateTime":"1970-01-01T00:00:00Z","labels":{"deployment-tool":"cli-firebase","firebase-functions-hash":"38be96f969decf62c34c705495486f4a4c86c905"},"sourceUploadUrl":"https://storage.googleapis.com/uploads-942337535895.us-central1.cloudfunctions.appspot.com/95f129e4-5e1f-448e-9206-84767abc07a5.zip?GoogleAccessId=service-628602476853@gcf-admin-robot.iam.gserviceaccount.com&Expires=1759355778&Signature=C21O0SjQ9e3AZt5PFAP%2FcOJbiQSe5vGInHMXQrTtCQ3oAc1dDfvyVhTMs2SwUJXEHnOJ16B087suA%2F%2FaseogGYb8LUblvN89EdDDit8ePRe%2FSiZXy5E5cKcNf4JGnbcdu5Sy9PuYhZZXLWEozUn48%2BzBxk52OckxoHnjL%2BrgctUKMMtd57uDO4iVAiROuef6LvYQIxHNvWz2egmvqSR3R3nf5KACi0jAv3kcBic5XgKTHz43lSBX3k0FR5x8lht5dfxYNWVwBmh547q%2BHJHVaobxqe2oIILfNIjvol77hfzp1sepP%2FwiMTQbW1WMH%2FkJHLlnBihvTmMoeJzb8xR%2F0w%3D%3D","environmentVariables":{"FIREBASE_CONFIG":"{\"projectId\":\"end-of-time-94cd3\",\"storageBucket\":\"end-of-time-94cd3.firebasestorage.app\"}","GCLOUD_PROJECT":"end-of-time-94cd3","EVENTARC_CLOUD_EVENT_SOURCE":"projects/end-of-time-94cd3/locations/us-central1/functions/onInteractionCreate"},"runtime":"nodejs18","buildEnvironmentVariables":{"GOOGLE_NODE_RUN_SCRIPTS":""},"dockerRegistry":"ARTIFACT_REGISTRY"},"versionId":"1","updateTime":"2025-10-01T21:26:23.887673996Z"}}
[debug] [2025-10-01T21:26:28.613Z] [create-default-us-central1-onInteractionCreate] Retrying task index 0
[debug] [2025-10-01T21:26:28.614Z] Checked if tokens are valid: true, expires at: 1759356586532
[debug] [2025-10-01T21:26:28.614Z] Checked if tokens are valid: true, expires at: 1759356586532
[debug] [2025-10-01T21:26:28.614Z] >>> [apiv2][query] GET https://cloudfunctions.googleapis.com/v1/operations/cHJvamVjdHMvZW5kLW9mLXRpbWUtOTRjZDMvbG9jYXRpb25zL3VzLWNlbnRyYWwxL29wZXJhdGlvbnMvb3BlcmF0aW9uLTE3NTkzNTM5ODM0OTMtNjQwMWY4NTM4NjZmYi05Y2ZiZGE0MS1hYTk5NzlhMA [none]
[debug] [2025-10-01T21:26:28.941Z] <<< [apiv2][status] GET https://cloudfunctions.googleapis.com/v1/operations/cHJvamVjdHMvZW5kLW9mLXRpbWUtOTRjZDMvbG9jYXRpb25zL3VzLWNlbnRyYWwxL29wZXJhdGlvbnMvb3BlcmF0aW9uLTE3NTkzNTM5ODM0OTMtNjQwMWY4NTM4NjZmYi05Y2ZiZGE0MS1hYTk5NzlhMA 200
[debug] [2025-10-01T21:26:28.941Z] <<< [apiv2][body] GET https://cloudfunctions.googleapis.com/v1/operations/cHJvamVjdHMvZW5kLW9mLXRpbWUtOTRjZDMvbG9jYXRpb25zL3VzLWNlbnRyYWwxL29wZXJhdGlvbnMvb3BlcmF0aW9uLTE3NTkzNTM5ODM0OTMtNjQwMWY4NTM4NjZmYi05Y2ZiZGE0MS1hYTk5NzlhMA {"name":"operations/cHJvamVjdHMvZW5kLW9mLXRpbWUtOTRjZDMvbG9jYXRpb25zL3VzLWNlbnRyYWwxL29wZXJhdGlvbnMvb3BlcmF0aW9uLTE3NTkzNTM5ODM0OTMtNjQwMWY4NTM4NjZmYi05Y2ZiZGE0MS1hYTk5NzlhMA","metadata":{"@type":"type.googleapis.com/google.cloud.functions.v1.OperationMetadataV1","target":"projects/end-of-time-94cd3/locations/us-central1/functions/onInteractionCreate","type":"CREATE_FUNCTION","request":{"@type":"type.googleapis.com/google.cloud.functions.v1.CloudFunction","name":"projects/end-of-time-94cd3/locations/us-central1/functions/onInteractionCreate","eventTrigger":{"eventType":"providers/cloud.firestore/eventTypes/document.create","resource":"projects/end-of-time-94cd3/databases/(default)/documents/prayers/{prayerId}/interactions/{interactionId}","failurePolicy":{}},"entryPoint":"onInteractionCreate","updateTime":"1970-01-01T00:00:00Z","labels":{"deployment-tool":"cli-firebase","firebase-functions-hash":"38be96f969decf62c34c705495486f4a4c86c905"},"sourceUploadUrl":"https://storage.googleapis.com/uploads-942337535895.us-central1.cloudfunctions.appspot.com/95f129e4-5e1f-448e-9206-84767abc07a5.zip?GoogleAccessId=service-628602476853@gcf-admin-robot.iam.gserviceaccount.com&Expires=1759355778&Signature=C21O0SjQ9e3AZt5PFAP%2FcOJbiQSe5vGInHMXQrTtCQ3oAc1dDfvyVhTMs2SwUJXEHnOJ16B087suA%2F%2FaseogGYb8LUblvN89EdDDit8ePRe%2FSiZXy5E5cKcNf4JGnbcdu5Sy9PuYhZZXLWEozUn48%2BzBxk52OckxoHnjL%2BrgctUKMMtd57uDO4iVAiROuef6LvYQIxHNvWz2egmvqSR3R3nf5KACi0jAv3kcBic5XgKTHz43lSBX3k0FR5x8lht5dfxYNWVwBmh547q%2BHJHVaobxqe2oIILfNIjvol77hfzp1sepP%2FwiMTQbW1WMH%2FkJHLlnBihvTmMoeJzb8xR%2F0w%3D%3D","environmentVariables":{"FIREBASE_CONFIG":"{\"projectId\":\"end-of-time-94cd3\",\"storageBucket\":\"end-of-time-94cd3.firebasestorage.app\"}","GCLOUD_PROJECT":"end-of-time-94cd3","EVENTARC_CLOUD_EVENT_SOURCE":"projects/end-of-time-94cd3/locations/us-central1/functions/onInteractionCreate"},"runtime":"nodejs18","buildEnvironmentVariables":{"GOOGLE_NODE_RUN_SCRIPTS":""},"dockerRegistry":"ARTIFACT_REGISTRY"},"versionId":"1","updateTime":"2025-10-01T21:26:23.887673996Z"}}
[debug] [2025-10-01T21:26:30.944Z] [create-default-us-central1-onInteractionCreate] Retrying task index 0
[debug] [2025-10-01T21:26:30.945Z] Checked if tokens are valid: true, expires at: 1759356586532
[debug] [2025-10-01T21:26:30.945Z] Checked if tokens are valid: true, expires at: 1759356586532
[debug] [2025-10-01T21:26:30.945Z] >>> [apiv2][query] GET https://cloudfunctions.googleapis.com/v1/operations/cHJvamVjdHMvZW5kLW9mLXRpbWUtOTRjZDMvbG9jYXRpb25zL3VzLWNlbnRyYWwxL29wZXJhdGlvbnMvb3BlcmF0aW9uLTE3NTkzNTM5ODM0OTMtNjQwMWY4NTM4NjZmYi05Y2ZiZGE0MS1hYTk5NzlhMA [none]
[debug] [2025-10-01T21:26:31.275Z] <<< [apiv2][status] GET https://cloudfunctions.googleapis.com/v1/operations/cHJvamVjdHMvZW5kLW9mLXRpbWUtOTRjZDMvbG9jYXRpb25zL3VzLWNlbnRyYWwxL29wZXJhdGlvbnMvb3BlcmF0aW9uLTE3NTkzNTM5ODM0OTMtNjQwMWY4NTM4NjZmYi05Y2ZiZGE0MS1hYTk5NzlhMA 200
[debug] [2025-10-01T21:26:31.276Z] <<< [apiv2][body] GET https://cloudfunctions.googleapis.com/v1/operations/cHJvamVjdHMvZW5kLW9mLXRpbWUtOTRjZDMvbG9jYXRpb25zL3VzLWNlbnRyYWwxL29wZXJhdGlvbnMvb3BlcmF0aW9uLTE3NTkzNTM5ODM0OTMtNjQwMWY4NTM4NjZmYi05Y2ZiZGE0MS1hYTk5NzlhMA {"name":"operations/cHJvamVjdHMvZW5kLW9mLXRpbWUtOTRjZDMvbG9jYXRpb25zL3VzLWNlbnRyYWwxL29wZXJhdGlvbnMvb3BlcmF0aW9uLTE3NTkzNTM5ODM0OTMtNjQwMWY4NTM4NjZmYi05Y2ZiZGE0MS1hYTk5NzlhMA","metadata":{"@type":"type.googleapis.com/google.cloud.functions.v1.OperationMetadataV1","target":"projects/end-of-time-94cd3/locations/us-central1/functions/onInteractionCreate","type":"CREATE_FUNCTION","request":{"@type":"type.googleapis.com/google.cloud.functions.v1.CloudFunction","name":"projects/end-of-time-94cd3/locations/us-central1/functions/onInteractionCreate","eventTrigger":{"eventType":"providers/cloud.firestore/eventTypes/document.create","resource":"projects/end-of-time-94cd3/databases/(default)/documents/prayers/{prayerId}/interactions/{interactionId}","failurePolicy":{}},"entryPoint":"onInteractionCreate","updateTime":"1970-01-01T00:00:00Z","labels":{"deployment-tool":"cli-firebase","firebase-functions-hash":"38be96f969decf62c34c705495486f4a4c86c905"},"sourceUploadUrl":"https://storage.googleapis.com/uploads-942337535895.us-central1.cloudfunctions.appspot.com/95f129e4-5e1f-448e-9206-84767abc07a5.zip?GoogleAccessId=service-628602476853@gcf-admin-robot.iam.gserviceaccount.com&Expires=1759355778&Signature=C21O0SjQ9e3AZt5PFAP%2FcOJbiQSe5vGInHMXQrTtCQ3oAc1dDfvyVhTMs2SwUJXEHnOJ16B087suA%2F%2FaseogGYb8LUblvN89EdDDit8ePRe%2FSiZXy5E5cKcNf4JGnbcdu5Sy9PuYhZZXLWEozUn48%2BzBxk52OckxoHnjL%2BrgctUKMMtd57uDO4iVAiROuef6LvYQIxHNvWz2egmvqSR3R3nf5KACi0jAv3kcBic5XgKTHz43lSBX3k0FR5x8lht5dfxYNWVwBmh547q%2BHJHVaobxqe2oIILfNIjvol77hfzp1sepP%2FwiMTQbW1WMH%2FkJHLlnBihvTmMoeJzb8xR%2F0w%3D%3D","environmentVariables":{"FIREBASE_CONFIG":"{\"projectId\":\"end-of-time-94cd3\",\"storageBucket\":\"end-of-time-94cd3.firebasestorage.app\"}","GCLOUD_PROJECT":"end-of-time-94cd3","EVENTARC_CLOUD_EVENT_SOURCE":"projects/end-of-time-94cd3/locations/us-central1/functions/onInteractionCreate"},"runtime":"nodejs18","buildEnvironmentVariables":{"GOOGLE_NODE_RUN_SCRIPTS":""},"dockerRegistry":"ARTIFACT_REGISTRY"},"versionId":"1","updateTime":"2025-10-01T21:26:23.887673996Z","buildId":"6a11c8b4-d822-4a34-b527-25d93a666143","buildName":"projects/628602476853/locations/us-central1/builds/6a11c8b4-d822-4a34-b527-25d93a666143"}}
[debug] [2025-10-01T21:26:35.289Z] [create-default-us-central1-onInteractionCreate] Retrying task index 0
[debug] [2025-10-01T21:26:35.289Z] Checked if tokens are valid: true, expires at: 1759356586532
[debug] [2025-10-01T21:26:35.289Z] Checked if tokens are valid: true, expires at: 1759356586532
[debug] [2025-10-01T21:26:35.289Z] >>> [apiv2][query] GET https://cloudfunctions.googleapis.com/v1/operations/cHJvamVjdHMvZW5kLW9mLXRpbWUtOTRjZDMvbG9jYXRpb25zL3VzLWNlbnRyYWwxL29wZXJhdGlvbnMvb3BlcmF0aW9uLTE3NTkzNTM5ODM0OTMtNjQwMWY4NTM4NjZmYi05Y2ZiZGE0MS1hYTk5NzlhMA [none]
[debug] [2025-10-01T21:26:35.627Z] <<< [apiv2][status] GET https://cloudfunctions.googleapis.com/v1/operations/cHJvamVjdHMvZW5kLW9mLXRpbWUtOTRjZDMvbG9jYXRpb25zL3VzLWNlbnRyYWwxL29wZXJhdGlvbnMvb3BlcmF0aW9uLTE3NTkzNTM5ODM0OTMtNjQwMWY4NTM4NjZmYi05Y2ZiZGE0MS1hYTk5NzlhMA 200
[debug] [2025-10-01T21:26:35.627Z] <<< [apiv2][body] GET https://cloudfunctions.googleapis.com/v1/operations/cHJvamVjdHMvZW5kLW9mLXRpbWUtOTRjZDMvbG9jYXRpb25zL3VzLWNlbnRyYWwxL29wZXJhdGlvbnMvb3BlcmF0aW9uLTE3NTkzNTM5ODM0OTMtNjQwMWY4NTM4NjZmYi05Y2ZiZGE0MS1hYTk5NzlhMA {"name":"operations/cHJvamVjdHMvZW5kLW9mLXRpbWUtOTRjZDMvbG9jYXRpb25zL3VzLWNlbnRyYWwxL29wZXJhdGlvbnMvb3BlcmF0aW9uLTE3NTkzNTM5ODM0OTMtNjQwMWY4NTM4NjZmYi05Y2ZiZGE0MS1hYTk5NzlhMA","metadata":{"@type":"type.googleapis.com/google.cloud.functions.v1.OperationMetadataV1","target":"projects/end-of-time-94cd3/locations/us-central1/functions/onInteractionCreate","type":"CREATE_FUNCTION","request":{"@type":"type.googleapis.com/google.cloud.functions.v1.CloudFunction","name":"projects/end-of-time-94cd3/locations/us-central1/functions/onInteractionCreate","eventTrigger":{"eventType":"providers/cloud.firestore/eventTypes/document.create","resource":"projects/end-of-time-94cd3/databases/(default)/documents/prayers/{prayerId}/interactions/{interactionId}","failurePolicy":{}},"entryPoint":"onInteractionCreate","updateTime":"1970-01-01T00:00:00Z","labels":{"deployment-tool":"cli-firebase","firebase-functions-hash":"38be96f969decf62c34c705495486f4a4c86c905"},"sourceUploadUrl":"https://storage.googleapis.com/uploads-942337535895.us-central1.cloudfunctions.appspot.com/95f129e4-5e1f-448e-9206-84767abc07a5.zip?GoogleAccessId=service-628602476853@gcf-admin-robot.iam.gserviceaccount.com&Expires=1759355778&Signature=C21O0SjQ9e3AZt5PFAP%2FcOJbiQSe5vGInHMXQrTtCQ3oAc1dDfvyVhTMs2SwUJXEHnOJ16B087suA%2F%2FaseogGYb8LUblvN89EdDDit8ePRe%2FSiZXy5E5cKcNf4JGnbcdu5Sy9PuYhZZXLWEozUn48%2BzBxk52OckxoHnjL%2BrgctUKMMtd57uDO4iVAiROuef6LvYQIxHNvWz2egmvqSR3R3nf5KACi0jAv3kcBic5XgKTHz43lSBX3k0FR5x8lht5dfxYNWVwBmh547q%2BHJHVaobxqe2oIILfNIjvol77hfzp1sepP%2FwiMTQbW1WMH%2FkJHLlnBihvTmMoeJzb8xR%2F0w%3D%3D","environmentVariables":{"FIREBASE_CONFIG":"{\"projectId\":\"end-of-time-94cd3\",\"storageBucket\":\"end-of-time-94cd3.firebasestorage.app\"}","GCLOUD_PROJECT":"end-of-time-94cd3","EVENTARC_CLOUD_EVENT_SOURCE":"projects/end-of-time-94cd3/locations/us-central1/functions/onInteractionCreate"},"runtime":"nodejs18","buildEnvironmentVariables":{"GOOGLE_NODE_RUN_SCRIPTS":""},"dockerRegistry":"ARTIFACT_REGISTRY"},"versionId":"1","updateTime":"2025-10-01T21:26:23.887673996Z","buildId":"6a11c8b4-d822-4a34-b527-25d93a666143","buildName":"projects/628602476853/locations/us-central1/builds/6a11c8b4-d822-4a34-b527-25d93a666143"}}
[debug] [2025-10-01T21:26:43.638Z] [create-default-us-central1-onInteractionCreate] Retrying task index 0
[debug] [2025-10-01T21:26:43.638Z] Checked if tokens are valid: true, expires at: 1759356586532
[debug] [2025-10-01T21:26:43.638Z] Checked if tokens are valid: true, expires at: 1759356586532
[debug] [2025-10-01T21:26:43.638Z] >>> [apiv2][query] GET https://cloudfunctions.googleapis.com/v1/operations/cHJvamVjdHMvZW5kLW9mLXRpbWUtOTRjZDMvbG9jYXRpb25zL3VzLWNlbnRyYWwxL29wZXJhdGlvbnMvb3BlcmF0aW9uLTE3NTkzNTM5ODM0OTMtNjQwMWY4NTM4NjZmYi05Y2ZiZGE0MS1hYTk5NzlhMA [none]
[debug] [2025-10-01T21:26:44.185Z] <<< [apiv2][status] GET https://cloudfunctions.googleapis.com/v1/operations/cHJvamVjdHMvZW5kLW9mLXRpbWUtOTRjZDMvbG9jYXRpb25zL3VzLWNlbnRyYWwxL29wZXJhdGlvbnMvb3BlcmF0aW9uLTE3NTkzNTM5ODM0OTMtNjQwMWY4NTM4NjZmYi05Y2ZiZGE0MS1hYTk5NzlhMA 200
[debug] [2025-10-01T21:26:44.185Z] <<< [apiv2][body] GET https://cloudfunctions.googleapis.com/v1/operations/cHJvamVjdHMvZW5kLW9mLXRpbWUtOTRjZDMvbG9jYXRpb25zL3VzLWNlbnRyYWwxL29wZXJhdGlvbnMvb3BlcmF0aW9uLTE3NTkzNTM5ODM0OTMtNjQwMWY4NTM4NjZmYi05Y2ZiZGE0MS1hYTk5NzlhMA {"name":"operations/cHJvamVjdHMvZW5kLW9mLXRpbWUtOTRjZDMvbG9jYXRpb25zL3VzLWNlbnRyYWwxL29wZXJhdGlvbnMvb3BlcmF0aW9uLTE3NTkzNTM5ODM0OTMtNjQwMWY4NTM4NjZmYi05Y2ZiZGE0MS1hYTk5NzlhMA","metadata":{"@type":"type.googleapis.com/google.cloud.functions.v1.OperationMetadataV1","target":"projects/end-of-time-94cd3/locations/us-central1/functions/onInteractionCreate","type":"CREATE_FUNCTION","request":{"@type":"type.googleapis.com/google.cloud.functions.v1.CloudFunction","name":"projects/end-of-time-94cd3/locations/us-central1/functions/onInteractionCreate","eventTrigger":{"eventType":"providers/cloud.firestore/eventTypes/document.create","resource":"projects/end-of-time-94cd3/databases/(default)/documents/prayers/{prayerId}/interactions/{interactionId}","failurePolicy":{}},"entryPoint":"onInteractionCreate","updateTime":"1970-01-01T00:00:00Z","labels":{"deployment-tool":"cli-firebase","firebase-functions-hash":"38be96f969decf62c34c705495486f4a4c86c905"},"sourceUploadUrl":"https://storage.googleapis.com/uploads-942337535895.us-central1.cloudfunctions.appspot.com/95f129e4-5e1f-448e-9206-84767abc07a5.zip?GoogleAccessId=service-628602476853@gcf-admin-robot.iam.gserviceaccount.com&Expires=1759355778&Signature=C21O0SjQ9e3AZt5PFAP%2FcOJbiQSe5vGInHMXQrTtCQ3oAc1dDfvyVhTMs2SwUJXEHnOJ16B087suA%2F%2FaseogGYb8LUblvN89EdDDit8ePRe%2FSiZXy5E5cKcNf4JGnbcdu5Sy9PuYhZZXLWEozUn48%2BzBxk52OckxoHnjL%2BrgctUKMMtd57uDO4iVAiROuef6LvYQIxHNvWz2egmvqSR3R3nf5KACi0jAv3kcBic5XgKTHz43lSBX3k0FR5x8lht5dfxYNWVwBmh547q%2BHJHVaobxqe2oIILfNIjvol77hfzp1sepP%2FwiMTQbW1WMH%2FkJHLlnBihvTmMoeJzb8xR%2F0w%3D%3D","environmentVariables":{"FIREBASE_CONFIG":"{\"projectId\":\"end-of-time-94cd3\",\"storageBucket\":\"end-of-time-94cd3.firebasestorage.app\"}","GCLOUD_PROJECT":"end-of-time-94cd3","EVENTARC_CLOUD_EVENT_SOURCE":"projects/end-of-time-94cd3/locations/us-central1/functions/onInteractionCreate"},"runtime":"nodejs18","buildEnvironmentVariables":{"GOOGLE_NODE_RUN_SCRIPTS":""},"dockerRegistry":"ARTIFACT_REGISTRY"},"versionId":"1","updateTime":"2025-10-01T21:26:23.887673996Z","buildId":"6a11c8b4-d822-4a34-b527-25d93a666143","buildName":"projects/628602476853/locations/us-central1/builds/6a11c8b4-d822-4a34-b527-25d93a666143"}}
[debug] [2025-10-01T21:26:54.200Z] [create-default-us-central1-onInteractionCreate] Retrying task index 0
[debug] [2025-10-01T21:26:54.200Z] Checked if tokens are valid: true, expires at: 1759356586532
[debug] [2025-10-01T21:26:54.200Z] Checked if tokens are valid: true, expires at: 1759356586532
[debug] [2025-10-01T21:26:54.200Z] >>> [apiv2][query] GET https://cloudfunctions.googleapis.com/v1/operations/cHJvamVjdHMvZW5kLW9mLXRpbWUtOTRjZDMvbG9jYXRpb25zL3VzLWNlbnRyYWwxL29wZXJhdGlvbnMvb3BlcmF0aW9uLTE3NTkzNTM5ODM0OTMtNjQwMWY4NTM4NjZmYi05Y2ZiZGE0MS1hYTk5NzlhMA [none]
[debug] [2025-10-01T21:26:54.743Z] <<< [apiv2][status] GET https://cloudfunctions.googleapis.com/v1/operations/cHJvamVjdHMvZW5kLW9mLXRpbWUtOTRjZDMvbG9jYXRpb25zL3VzLWNlbnRyYWwxL29wZXJhdGlvbnMvb3BlcmF0aW9uLTE3NTkzNTM5ODM0OTMtNjQwMWY4NTM4NjZmYi05Y2ZiZGE0MS1hYTk5NzlhMA 200
[debug] [2025-10-01T21:26:54.743Z] <<< [apiv2][body] GET https://cloudfunctions.googleapis.com/v1/operations/cHJvamVjdHMvZW5kLW9mLXRpbWUtOTRjZDMvbG9jYXRpb25zL3VzLWNlbnRyYWwxL29wZXJhdGlvbnMvb3BlcmF0aW9uLTE3NTkzNTM5ODM0OTMtNjQwMWY4NTM4NjZmYi05Y2ZiZGE0MS1hYTk5NzlhMA {"name":"operations/cHJvamVjdHMvZW5kLW9mLXRpbWUtOTRjZDMvbG9jYXRpb25zL3VzLWNlbnRyYWwxL29wZXJhdGlvbnMvb3BlcmF0aW9uLTE3NTkzNTM5ODM0OTMtNjQwMWY4NTM4NjZmYi05Y2ZiZGE0MS1hYTk5NzlhMA","metadata":{"@type":"type.googleapis.com/google.cloud.functions.v1.OperationMetadataV1","target":"projects/end-of-time-94cd3/locations/us-central1/functions/onInteractionCreate","type":"CREATE_FUNCTION","request":{"@type":"type.googleapis.com/google.cloud.functions.v1.CloudFunction","name":"projects/end-of-time-94cd3/locations/us-central1/functions/onInteractionCreate","eventTrigger":{"eventType":"providers/cloud.firestore/eventTypes/document.create","resource":"projects/end-of-time-94cd3/databases/(default)/documents/prayers/{prayerId}/interactions/{interactionId}","failurePolicy":{}},"entryPoint":"onInteractionCreate","updateTime":"1970-01-01T00:00:00Z","labels":{"deployment-tool":"cli-firebase","firebase-functions-hash":"38be96f969decf62c34c705495486f4a4c86c905"},"sourceUploadUrl":"https://storage.googleapis.com/uploads-942337535895.us-central1.cloudfunctions.appspot.com/95f129e4-5e1f-448e-9206-84767abc07a5.zip?GoogleAccessId=service-628602476853@gcf-admin-robot.iam.gserviceaccount.com&Expires=1759355778&Signature=C21O0SjQ9e3AZt5PFAP%2FcOJbiQSe5vGInHMXQrTtCQ3oAc1dDfvyVhTMs2SwUJXEHnOJ16B087suA%2F%2FaseogGYb8LUblvN89EdDDit8ePRe%2FSiZXy5E5cKcNf4JGnbcdu5Sy9PuYhZZXLWEozUn48%2BzBxk52OckxoHnjL%2BrgctUKMMtd57uDO4iVAiROuef6LvYQIxHNvWz2egmvqSR3R3nf5KACi0jAv3kcBic5XgKTHz43lSBX3k0FR5x8lht5dfxYNWVwBmh547q%2BHJHVaobxqe2oIILfNIjvol77hfzp1sepP%2FwiMTQbW1WMH%2FkJHLlnBihvTmMoeJzb8xR%2F0w%3D%3D","environmentVariables":{"FIREBASE_CONFIG":"{\"projectId\":\"end-of-time-94cd3\",\"storageBucket\":\"end-of-time-94cd3.firebasestorage.app\"}","GCLOUD_PROJECT":"end-of-time-94cd3","EVENTARC_CLOUD_EVENT_SOURCE":"projects/end-of-time-94cd3/locations/us-central1/functions/onInteractionCreate"},"runtime":"nodejs18","buildEnvironmentVariables":{"GOOGLE_NODE_RUN_SCRIPTS":""},"dockerRegistry":"ARTIFACT_REGISTRY"},"versionId":"1","updateTime":"2025-10-01T21:26:23.887673996Z","buildId":"6a11c8b4-d822-4a34-b527-25d93a666143","buildName":"projects/628602476853/locations/us-central1/builds/6a11c8b4-d822-4a34-b527-25d93a666143"}}
[debug] [2025-10-01T21:27:04.744Z] [create-default-us-central1-onInteractionCreate] Retrying task index 0
[debug] [2025-10-01T21:27:04.745Z] Checked if tokens are valid: true, expires at: 1759356586532
[debug] [2025-10-01T21:27:04.745Z] Checked if tokens are valid: true, expires at: 1759356586532
[debug] [2025-10-01T21:27:04.745Z] >>> [apiv2][query] GET https://cloudfunctions.googleapis.com/v1/operations/cHJvamVjdHMvZW5kLW9mLXRpbWUtOTRjZDMvbG9jYXRpb25zL3VzLWNlbnRyYWwxL29wZXJhdGlvbnMvb3BlcmF0aW9uLTE3NTkzNTM5ODM0OTMtNjQwMWY4NTM4NjZmYi05Y2ZiZGE0MS1hYTk5NzlhMA [none]
[debug] [2025-10-01T21:27:05.268Z] <<< [apiv2][status] GET https://cloudfunctions.googleapis.com/v1/operations/cHJvamVjdHMvZW5kLW9mLXRpbWUtOTRjZDMvbG9jYXRpb25zL3VzLWNlbnRyYWwxL29wZXJhdGlvbnMvb3BlcmF0aW9uLTE3NTkzNTM5ODM0OTMtNjQwMWY4NTM4NjZmYi05Y2ZiZGE0MS1hYTk5NzlhMA 200
[debug] [2025-10-01T21:27:05.268Z] <<< [apiv2][body] GET https://cloudfunctions.googleapis.com/v1/operations/cHJvamVjdHMvZW5kLW9mLXRpbWUtOTRjZDMvbG9jYXRpb25zL3VzLWNlbnRyYWwxL29wZXJhdGlvbnMvb3BlcmF0aW9uLTE3NTkzNTM5ODM0OTMtNjQwMWY4NTM4NjZmYi05Y2ZiZGE0MS1hYTk5NzlhMA {"name":"operations/cHJvamVjdHMvZW5kLW9mLXRpbWUtOTRjZDMvbG9jYXRpb25zL3VzLWNlbnRyYWwxL29wZXJhdGlvbnMvb3BlcmF0aW9uLTE3NTkzNTM5ODM0OTMtNjQwMWY4NTM4NjZmYi05Y2ZiZGE0MS1hYTk5NzlhMA","metadata":{"@type":"type.googleapis.com/google.cloud.functions.v1.OperationMetadataV1","target":"projects/end-of-time-94cd3/locations/us-central1/functions/onInteractionCreate","type":"CREATE_FUNCTION","request":{"@type":"type.googleapis.com/google.cloud.functions.v1.CloudFunction","name":"projects/end-of-time-94cd3/locations/us-central1/functions/onInteractionCreate","eventTrigger":{"eventType":"providers/cloud.firestore/eventTypes/document.create","resource":"projects/end-of-time-94cd3/databases/(default)/documents/prayers/{prayerId}/interactions/{interactionId}","failurePolicy":{}},"entryPoint":"onInteractionCreate","updateTime":"1970-01-01T00:00:00Z","labels":{"deployment-tool":"cli-firebase","firebase-functions-hash":"38be96f969decf62c34c705495486f4a4c86c905"},"sourceUploadUrl":"https://storage.googleapis.com/uploads-942337535895.us-central1.cloudfunctions.appspot.com/95f129e4-5e1f-448e-9206-84767abc07a5.zip?GoogleAccessId=service-628602476853@gcf-admin-robot.iam.gserviceaccount.com&Expires=1759355778&Signature=C21O0SjQ9e3AZt5PFAP%2FcOJbiQSe5vGInHMXQrTtCQ3oAc1dDfvyVhTMs2SwUJXEHnOJ16B087suA%2F%2FaseogGYb8LUblvN89EdDDit8ePRe%2FSiZXy5E5cKcNf4JGnbcdu5Sy9PuYhZZXLWEozUn48%2BzBxk52OckxoHnjL%2BrgctUKMMtd57uDO4iVAiROuef6LvYQIxHNvWz2egmvqSR3R3nf5KACi0jAv3kcBic5XgKTHz43lSBX3k0FR5x8lht5dfxYNWVwBmh547q%2BHJHVaobxqe2oIILfNIjvol77hfzp1sepP%2FwiMTQbW1WMH%2FkJHLlnBihvTmMoeJzb8xR%2F0w%3D%3D","environmentVariables":{"FIREBASE_CONFIG":"{\"projectId\":\"end-of-time-94cd3\",\"storageBucket\":\"end-of-time-94cd3.firebasestorage.app\"}","GCLOUD_PROJECT":"end-of-time-94cd3","EVENTARC_CLOUD_EVENT_SOURCE":"projects/end-of-time-94cd3/locations/us-central1/functions/onInteractionCreate"},"runtime":"nodejs18","buildEnvironmentVariables":{"GOOGLE_NODE_RUN_SCRIPTS":""},"dockerRegistry":"ARTIFACT_REGISTRY"},"versionId":"1","updateTime":"2025-10-01T21:26:23.887673996Z","buildId":"6a11c8b4-d822-4a34-b527-25d93a666143","buildName":"projects/628602476853/locations/us-central1/builds/6a11c8b4-d822-4a34-b527-25d93a666143"}}
[debug] [2025-10-01T21:27:15.281Z] [create-default-us-central1-onInteractionCreate] Retrying task index 0
[debug] [2025-10-01T21:27:15.281Z] Checked if tokens are valid: true, expires at: 1759356586532
[debug] [2025-10-01T21:27:15.281Z] Checked if tokens are valid: true, expires at: 1759356586532
[debug] [2025-10-01T21:27:15.281Z] >>> [apiv2][query] GET https://cloudfunctions.googleapis.com/v1/operations/cHJvamVjdHMvZW5kLW9mLXRpbWUtOTRjZDMvbG9jYXRpb25zL3VzLWNlbnRyYWwxL29wZXJhdGlvbnMvb3BlcmF0aW9uLTE3NTkzNTM5ODM0OTMtNjQwMWY4NTM4NjZmYi05Y2ZiZGE0MS1hYTk5NzlhMA [none]
[debug] [2025-10-01T21:27:15.988Z] <<< [apiv2][status] GET https://cloudfunctions.googleapis.com/v1/operations/cHJvamVjdHMvZW5kLW9mLXRpbWUtOTRjZDMvbG9jYXRpb25zL3VzLWNlbnRyYWwxL29wZXJhdGlvbnMvb3BlcmF0aW9uLTE3NTkzNTM5ODM0OTMtNjQwMWY4NTM4NjZmYi05Y2ZiZGE0MS1hYTk5NzlhMA 200
[debug] [2025-10-01T21:27:15.988Z] <<< [apiv2][body] GET https://cloudfunctions.googleapis.com/v1/operations/cHJvamVjdHMvZW5kLW9mLXRpbWUtOTRjZDMvbG9jYXRpb25zL3VzLWNlbnRyYWwxL29wZXJhdGlvbnMvb3BlcmF0aW9uLTE3NTkzNTM5ODM0OTMtNjQwMWY4NTM4NjZmYi05Y2ZiZGE0MS1hYTk5NzlhMA {"name":"operations/cHJvamVjdHMvZW5kLW9mLXRpbWUtOTRjZDMvbG9jYXRpb25zL3VzLWNlbnRyYWwxL29wZXJhdGlvbnMvb3BlcmF0aW9uLTE3NTkzNTM5ODM0OTMtNjQwMWY4NTM4NjZmYi05Y2ZiZGE0MS1hYTk5NzlhMA","metadata":{"@type":"type.googleapis.com/google.cloud.functions.v1.OperationMetadataV1","target":"projects/end-of-time-94cd3/locations/us-central1/functions/onInteractionCreate","type":"CREATE_FUNCTION","request":{"@type":"type.googleapis.com/google.cloud.functions.v1.CloudFunction","name":"projects/end-of-time-94cd3/locations/us-central1/functions/onInteractionCreate","eventTrigger":{"eventType":"providers/cloud.firestore/eventTypes/document.create","resource":"projects/end-of-time-94cd3/databases/(default)/documents/prayers/{prayerId}/interactions/{interactionId}","failurePolicy":{}},"entryPoint":"onInteractionCreate","updateTime":"1970-01-01T00:00:00Z","labels":{"deployment-tool":"cli-firebase","firebase-functions-hash":"38be96f969decf62c34c705495486f4a4c86c905"},"sourceUploadUrl":"https://storage.googleapis.com/uploads-942337535895.us-central1.cloudfunctions.appspot.com/95f129e4-5e1f-448e-9206-84767abc07a5.zip?GoogleAccessId=service-628602476853@gcf-admin-robot.iam.gserviceaccount.com&Expires=1759355778&Signature=C21O0SjQ9e3AZt5PFAP%2FcOJbiQSe5vGInHMXQrTtCQ3oAc1dDfvyVhTMs2SwUJXEHnOJ16B087suA%2F%2FaseogGYb8LUblvN89EdDDit8ePRe%2FSiZXy5E5cKcNf4JGnbcdu5Sy9PuYhZZXLWEozUn48%2BzBxk52OckxoHnjL%2BrgctUKMMtd57uDO4iVAiROuef6LvYQIxHNvWz2egmvqSR3R3nf5KACi0jAv3kcBic5XgKTHz43lSBX3k0FR5x8lht5dfxYNWVwBmh547q%2BHJHVaobxqe2oIILfNIjvol77hfzp1sepP%2FwiMTQbW1WMH%2FkJHLlnBihvTmMoeJzb8xR%2F0w%3D%3D","environmentVariables":{"FIREBASE_CONFIG":"{\"projectId\":\"end-of-time-94cd3\",\"storageBucket\":\"end-of-time-94cd3.firebasestorage.app\"}","GCLOUD_PROJECT":"end-of-time-94cd3","EVENTARC_CLOUD_EVENT_SOURCE":"projects/end-of-time-94cd3/locations/us-central1/functions/onInteractionCreate"},"runtime":"nodejs18","buildEnvironmentVariables":{"GOOGLE_NODE_RUN_SCRIPTS":""},"dockerRegistry":"ARTIFACT_REGISTRY"},"versionId":"1","updateTime":"2025-10-01T21:26:23.887673996Z","buildId":"6a11c8b4-d822-4a34-b527-25d93a666143","buildName":"projects/628602476853/locations/us-central1/builds/6a11c8b4-d822-4a34-b527-25d93a666143"}}
[debug] [2025-10-01T21:27:25.995Z] [create-default-us-central1-onInteractionCreate] Retrying task index 0
[debug] [2025-10-01T21:27:25.995Z] Checked if tokens are valid: true, expires at: 1759356586532
[debug] [2025-10-01T21:27:25.995Z] Checked if tokens are valid: true, expires at: 1759356586532
[debug] [2025-10-01T21:27:25.995Z] >>> [apiv2][query] GET https://cloudfunctions.googleapis.com/v1/operations/cHJvamVjdHMvZW5kLW9mLXRpbWUtOTRjZDMvbG9jYXRpb25zL3VzLWNlbnRyYWwxL29wZXJhdGlvbnMvb3BlcmF0aW9uLTE3NTkzNTM5ODM0OTMtNjQwMWY4NTM4NjZmYi05Y2ZiZGE0MS1hYTk5NzlhMA [none]
[debug] [2025-10-01T21:27:26.545Z] <<< [apiv2][status] GET https://cloudfunctions.googleapis.com/v1/operations/cHJvamVjdHMvZW5kLW9mLXRpbWUtOTRjZDMvbG9jYXRpb25zL3VzLWNlbnRyYWwxL29wZXJhdGlvbnMvb3BlcmF0aW9uLTE3NTkzNTM5ODM0OTMtNjQwMWY4NTM4NjZmYi05Y2ZiZGE0MS1hYTk5NzlhMA 200
[debug] [2025-10-01T21:27:26.545Z] <<< [apiv2][body] GET https://cloudfunctions.googleapis.com/v1/operations/cHJvamVjdHMvZW5kLW9mLXRpbWUtOTRjZDMvbG9jYXRpb25zL3VzLWNlbnRyYWwxL29wZXJhdGlvbnMvb3BlcmF0aW9uLTE3NTkzNTM5ODM0OTMtNjQwMWY4NTM4NjZmYi05Y2ZiZGE0MS1hYTk5NzlhMA {"name":"operations/cHJvamVjdHMvZW5kLW9mLXRpbWUtOTRjZDMvbG9jYXRpb25zL3VzLWNlbnRyYWwxL29wZXJhdGlvbnMvb3BlcmF0aW9uLTE3NTkzNTM5ODM0OTMtNjQwMWY4NTM4NjZmYi05Y2ZiZGE0MS1hYTk5NzlhMA","metadata":{"@type":"type.googleapis.com/google.cloud.functions.v1.OperationMetadataV1","target":"projects/end-of-time-94cd3/locations/us-central1/functions/onInteractionCreate","type":"CREATE_FUNCTION","request":{"@type":"type.googleapis.com/google.cloud.functions.v1.CloudFunction","name":"projects/end-of-time-94cd3/locations/us-central1/functions/onInteractionCreate","eventTrigger":{"eventType":"providers/cloud.firestore/eventTypes/document.create","resource":"projects/end-of-time-94cd3/databases/(default)/documents/prayers/{prayerId}/interactions/{interactionId}","failurePolicy":{}},"entryPoint":"onInteractionCreate","updateTime":"1970-01-01T00:00:00Z","labels":{"deployment-tool":"cli-firebase","firebase-functions-hash":"38be96f969decf62c34c705495486f4a4c86c905"},"sourceUploadUrl":"https://storage.googleapis.com/uploads-942337535895.us-central1.cloudfunctions.appspot.com/95f129e4-5e1f-448e-9206-84767abc07a5.zip?GoogleAccessId=service-628602476853@gcf-admin-robot.iam.gserviceaccount.com&Expires=1759355778&Signature=C21O0SjQ9e3AZt5PFAP%2FcOJbiQSe5vGInHMXQrTtCQ3oAc1dDfvyVhTMs2SwUJXEHnOJ16B087suA%2F%2FaseogGYb8LUblvN89EdDDit8ePRe%2FSiZXy5E5cKcNf4JGnbcdu5Sy9PuYhZZXLWEozUn48%2BzBxk52OckxoHnjL%2BrgctUKMMtd57uDO4iVAiROuef6LvYQIxHNvWz2egmvqSR3R3nf5KACi0jAv3kcBic5XgKTHz43lSBX3k0FR5x8lht5dfxYNWVwBmh547q%2BHJHVaobxqe2oIILfNIjvol77hfzp1sepP%2FwiMTQbW1WMH%2FkJHLlnBihvTmMoeJzb8xR%2F0w%3D%3D","environmentVariables":{"FIREBASE_CONFIG":"{\"projectId\":\"end-of-time-94cd3\",\"storageBucket\":\"end-of-time-94cd3.firebasestorage.app\"}","GCLOUD_PROJECT":"end-of-time-94cd3","EVENTARC_CLOUD_EVENT_SOURCE":"projects/end-of-time-94cd3/locations/us-central1/functions/onInteractionCreate"},"runtime":"nodejs18","buildEnvironmentVariables":{"GOOGLE_NODE_RUN_SCRIPTS":""},"dockerRegistry":"ARTIFACT_REGISTRY"},"versionId":"1","updateTime":"2025-10-01T21:26:23.887673996Z","buildId":"6a11c8b4-d822-4a34-b527-25d93a666143","buildName":"projects/628602476853/locations/us-central1/builds/6a11c8b4-d822-4a34-b527-25d93a666143"}}
[debug] [2025-10-01T21:27:36.547Z] [create-default-us-central1-onInteractionCreate] Retrying task index 0
[debug] [2025-10-01T21:27:36.547Z] Checked if tokens are valid: true, expires at: 1759356586532
[debug] [2025-10-01T21:27:36.547Z] Checked if tokens are valid: true, expires at: 1759356586532
[debug] [2025-10-01T21:27:36.547Z] >>> [apiv2][query] GET https://cloudfunctions.googleapis.com/v1/operations/cHJvamVjdHMvZW5kLW9mLXRpbWUtOTRjZDMvbG9jYXRpb25zL3VzLWNlbnRyYWwxL29wZXJhdGlvbnMvb3BlcmF0aW9uLTE3NTkzNTM5ODM0OTMtNjQwMWY4NTM4NjZmYi05Y2ZiZGE0MS1hYTk5NzlhMA [none]
[debug] [2025-10-01T21:27:37.089Z] <<< [apiv2][status] GET https://cloudfunctions.googleapis.com/v1/operations/cHJvamVjdHMvZW5kLW9mLXRpbWUtOTRjZDMvbG9jYXRpb25zL3VzLWNlbnRyYWwxL29wZXJhdGlvbnMvb3BlcmF0aW9uLTE3NTkzNTM5ODM0OTMtNjQwMWY4NTM4NjZmYi05Y2ZiZGE0MS1hYTk5NzlhMA 200
[debug] [2025-10-01T21:27:37.089Z] <<< [apiv2][body] GET https://cloudfunctions.googleapis.com/v1/operations/cHJvamVjdHMvZW5kLW9mLXRpbWUtOTRjZDMvbG9jYXRpb25zL3VzLWNlbnRyYWwxL29wZXJhdGlvbnMvb3BlcmF0aW9uLTE3NTkzNTM5ODM0OTMtNjQwMWY4NTM4NjZmYi05Y2ZiZGE0MS1hYTk5NzlhMA {"name":"operations/cHJvamVjdHMvZW5kLW9mLXRpbWUtOTRjZDMvbG9jYXRpb25zL3VzLWNlbnRyYWwxL29wZXJhdGlvbnMvb3BlcmF0aW9uLTE3NTkzNTM5ODM0OTMtNjQwMWY4NTM4NjZmYi05Y2ZiZGE0MS1hYTk5NzlhMA","metadata":{"@type":"type.googleapis.com/google.cloud.functions.v1.OperationMetadataV1","target":"projects/end-of-time-94cd3/locations/us-central1/functions/onInteractionCreate","type":"CREATE_FUNCTION","request":{"@type":"type.googleapis.com/google.cloud.functions.v1.CloudFunction","name":"projects/end-of-time-94cd3/locations/us-central1/functions/onInteractionCreate","eventTrigger":{"eventType":"providers/cloud.firestore/eventTypes/document.create","resource":"projects/end-of-time-94cd3/databases/(default)/documents/prayers/{prayerId}/interactions/{interactionId}","failurePolicy":{}},"entryPoint":"onInteractionCreate","updateTime":"1970-01-01T00:00:00Z","labels":{"deployment-tool":"cli-firebase","firebase-functions-hash":"38be96f969decf62c34c705495486f4a4c86c905"},"sourceUploadUrl":"https://storage.googleapis.com/uploads-942337535895.us-central1.cloudfunctions.appspot.com/95f129e4-5e1f-448e-9206-84767abc07a5.zip?GoogleAccessId=service-628602476853@gcf-admin-robot.iam.gserviceaccount.com&Expires=1759355778&Signature=C21O0SjQ9e3AZt5PFAP%2FcOJbiQSe5vGInHMXQrTtCQ3oAc1dDfvyVhTMs2SwUJXEHnOJ16B087suA%2F%2FaseogGYb8LUblvN89EdDDit8ePRe%2FSiZXy5E5cKcNf4JGnbcdu5Sy9PuYhZZXLWEozUn48%2BzBxk52OckxoHnjL%2BrgctUKMMtd57uDO4iVAiROuef6LvYQIxHNvWz2egmvqSR3R3nf5KACi0jAv3kcBic5XgKTHz43lSBX3k0FR5x8lht5dfxYNWVwBmh547q%2BHJHVaobxqe2oIILfNIjvol77hfzp1sepP%2FwiMTQbW1WMH%2FkJHLlnBihvTmMoeJzb8xR%2F0w%3D%3D","environmentVariables":{"FIREBASE_CONFIG":"{\"projectId\":\"end-of-time-94cd3\",\"storageBucket\":\"end-of-time-94cd3.firebasestorage.app\"}","GCLOUD_PROJECT":"end-of-time-94cd3","EVENTARC_CLOUD_EVENT_SOURCE":"projects/end-of-time-94cd3/locations/us-central1/functions/onInteractionCreate"},"runtime":"nodejs18","buildEnvironmentVariables":{"GOOGLE_NODE_RUN_SCRIPTS":""},"dockerRegistry":"ARTIFACT_REGISTRY"},"versionId":"1","updateTime":"2025-10-01T21:26:23.887673996Z","buildId":"6a11c8b4-d822-4a34-b527-25d93a666143","sourceToken":"0a312fcf-3878-4101-9cef-48ae25b840af","buildName":"projects/628602476853/locations/us-central1/builds/6a11c8b4-d822-4a34-b527-25d93a666143"}}
[debug] [2025-10-01T21:27:37.089Z] Got source token 0a312fcf-3878-4101-9cef-48ae25b840af for region us-central1
[debug] [2025-10-01T21:27:37.090Z] Checked if tokens are valid: true, expires at: 1759356586532
[debug] [2025-10-01T21:27:37.090Z] Checked if tokens are valid: true, expires at: 1759356586532
[debug] [2025-10-01T21:27:37.090Z] >>> [apiv2][query] PATCH https://cloudfunctions.googleapis.com/v1/projects/end-of-time-94cd3/locations/us-central1/functions/sendEmailNotification updateMask=name%2CsourceUploadUrl%2CentryPoint%2Cruntime%2CdockerRegistry%2Clabels%2CeventTrigger.eventType%2CeventTrigger.resource%2CeventTrigger.failurePolicy%2CminInstances%2CmaxInstances%2CingressSettings%2CenvironmentVariables%2CserviceAccountEmail%2CavailableMemoryMb%2Ctimeout%2CvpcConnector%2CvpcConnectorEgressSettings%2CsourceToken%2CbuildEnvironmentVariables
[debug] [2025-10-01T21:27:37.090Z] >>> [apiv2][body] PATCH https://cloudfunctions.googleapis.com/v1/projects/end-of-time-94cd3/locations/us-central1/functions/sendEmailNotification {"name":"projects/end-of-time-94cd3/locations/us-central1/functions/sendEmailNotification","sourceUploadUrl":"https://storage.googleapis.com/uploads-942337535895.us-central1.cloudfunctions.appspot.com/95f129e4-5e1f-448e-9206-84767abc07a5.zip?GoogleAccessId=service-628602476853@gcf-admin-robot.iam.gserviceaccount.com&Expires=1759355778&Signature=C21O0SjQ9e3AZt5PFAP%2FcOJbiQSe5vGInHMXQrTtCQ3oAc1dDfvyVhTMs2SwUJXEHnOJ16B087suA%2F%2FaseogGYb8LUblvN89EdDDit8ePRe%2FSiZXy5E5cKcNf4JGnbcdu5Sy9PuYhZZXLWEozUn48%2BzBxk52OckxoHnjL%2BrgctUKMMtd57uDO4iVAiROuef6LvYQIxHNvWz2egmvqSR3R3nf5KACi0jAv3kcBic5XgKTHz43lSBX3k0FR5x8lht5dfxYNWVwBmh547q%2BHJHVaobxqe2oIILfNIjvol77hfzp1sepP%2FwiMTQbW1WMH%2FkJHLlnBihvTmMoeJzb8xR%2F0w%3D%3D","entryPoint":"sendEmailNotification","runtime":"nodejs18","dockerRegistry":"ARTIFACT_REGISTRY","labels":{"deployment-tool":"cli-firebase","firebase-functions-hash":"38be96f969decf62c34c705495486f4a4c86c905"},"eventTrigger":{"eventType":"providers/cloud.firestore/eventTypes/document.create","resource":"projects/end-of-time-94cd3/databases/(default)/documents/emailQueue/{docId}"},"minInstances":null,"maxInstances":null,"ingressSettings":null,"environmentVariables":{"FIREBASE_CONFIG":"{\"projectId\":\"end-of-time-94cd3\",\"storageBucket\":\"end-of-time-94cd3.firebasestorage.app\"}","GCLOUD_PROJECT":"end-of-time-94cd3","EVENTARC_CLOUD_EVENT_SOURCE":"projects/end-of-time-94cd3/locations/us-central1/functions/sendEmailNotification"},"serviceAccountEmail":null,"availableMemoryMb":null,"timeout":null,"vpcConnector":null,"vpcConnectorEgressSettings":null,"sourceToken":"0a312fcf-3878-4101-9cef-48ae25b840af","buildEnvironmentVariables":{"GOOGLE_NODE_RUN_SCRIPTS":""}}
[debug] [2025-10-01T21:27:37.728Z] <<< [apiv2][status] PATCH https://cloudfunctions.googleapis.com/v1/projects/end-of-time-94cd3/locations/us-central1/functions/sendEmailNotification 200
[debug] [2025-10-01T21:27:37.729Z] <<< [apiv2][body] PATCH https://cloudfunctions.googleapis.com/v1/projects/end-of-time-94cd3/locations/us-central1/functions/sendEmailNotification {"name":"operations/ZW5kLW9mLXRpbWUtOTRjZDMvdXMtY2VudHJhbDEvc2VuZEVtYWlsTm90aWZpY2F0aW9uL01UNzN1bmNGWGdv","metadata":{"@type":"type.googleapis.com/google.cloud.functions.v1.OperationMetadataV1","target":"projects/end-of-time-94cd3/locations/us-central1/functions/sendEmailNotification","type":"UPDATE_FUNCTION","request":{"@type":"type.googleapis.com/google.cloud.functions.v1.CloudFunction","name":"projects/end-of-time-94cd3/locations/us-central1/functions/sendEmailNotification","eventTrigger":{"eventType":"providers/cloud.firestore/eventTypes/document.create","resource":"projects/end-of-time-94cd3/databases/(default)/documents/emailQueue/{docId}","service":"firestore.googleapis.com"},"status":"ACTIVE","entryPoint":"sendEmailNotification","updateTime":"2025-10-01T21:20:17.628Z","versionId":"1","labels":{"deployment-tool":"cli-firebase","firebase-functions-hash":"38be96f969decf62c34c705495486f4a4c86c905"},"sourceUploadUrl":"https://storage.googleapis.com/uploads-942337535895.us-central1.cloudfunctions.appspot.com/95f129e4-5e1f-448e-9206-84767abc07a5.zip?GoogleAccessId=service-628602476853@gcf-admin-robot.iam.gserviceaccount.com&Expires=1759355778&Signature=C21O0SjQ9e3AZt5PFAP%2FcOJbiQSe5vGInHMXQrTtCQ3oAc1dDfvyVhTMs2SwUJXEHnOJ16B087suA%2F%2FaseogGYb8LUblvN89EdDDit8ePRe%2FSiZXy5E5cKcNf4JGnbcdu5Sy9PuYhZZXLWEozUn48%2BzBxk52OckxoHnjL%2BrgctUKMMtd57uDO4iVAiROuef6LvYQIxHNvWz2egmvqSR3R3nf5KACi0jAv3kcBic5XgKTHz43lSBX3k0FR5x8lht5dfxYNWVwBmh547q%2BHJHVaobxqe2oIILfNIjvol77hfzp1sepP%2FwiMTQbW1WMH%2FkJHLlnBihvTmMoeJzb8xR%2F0w%3D%3D","environmentVariables":{"FIREBASE_CONFIG":"{\"projectId\":\"end-of-time-94cd3\",\"storageBucket\":\"end-of-time-94cd3.firebasestorage.app\"}","GCLOUD_PROJECT":"end-of-time-94cd3","EVENTARC_CLOUD_EVENT_SOURCE":"projects/end-of-time-94cd3/locations/us-central1/functions/sendEmailNotification"},"runtime":"nodejs18","buildId":"0dfde81f-3944-471f-9606-8a11b2240aec","buildEnvironmentVariables":{"GOOGLE_NODE_RUN_SCRIPTS":""},"sourceToken":"0a312fcf-3878-4101-9cef-48ae25b840af","buildName":"projects/628602476853/locations/us-central1/builds/0dfde81f-3944-471f-9606-8a11b2240aec","dockerRegistry":"ARTIFACT_REGISTRY","automaticUpdatePolicy":{},"buildServiceAccount":"projects/end-of-time-94cd3/serviceAccounts/628602476853-compute@developer.gserviceaccount.com"},"versionId":"2","updateTime":"2025-10-01T21:27:35Z","sourceToken":"0a312fcf-3878-4101-9cef-48ae25b840af"}}
[debug] [2025-10-01T21:27:37.729Z] Checked if tokens are valid: true, expires at: 1759356586532
[debug] [2025-10-01T21:27:37.729Z] Checked if tokens are valid: true, expires at: 1759356586532
[debug] [2025-10-01T21:27:37.729Z] >>> [apiv2][query] GET https://cloudfunctions.googleapis.com/v1/operations/ZW5kLW9mLXRpbWUtOTRjZDMvdXMtY2VudHJhbDEvc2VuZEVtYWlsTm90aWZpY2F0aW9uL01UNzN1bmNGWGdv [none]
[debug] [2025-10-01T21:27:38.064Z] <<< [apiv2][status] GET https://cloudfunctions.googleapis.com/v1/operations/ZW5kLW9mLXRpbWUtOTRjZDMvdXMtY2VudHJhbDEvc2VuZEVtYWlsTm90aWZpY2F0aW9uL01UNzN1bmNGWGdv 200
[debug] [2025-10-01T21:27:38.064Z] <<< [apiv2][body] GET https://cloudfunctions.googleapis.com/v1/operations/ZW5kLW9mLXRpbWUtOTRjZDMvdXMtY2VudHJhbDEvc2VuZEVtYWlsTm90aWZpY2F0aW9uL01UNzN1bmNGWGdv {"name":"operations/ZW5kLW9mLXRpbWUtOTRjZDMvdXMtY2VudHJhbDEvc2VuZEVtYWlsTm90aWZpY2F0aW9uL01UNzN1bmNGWGdv","metadata":{"@type":"type.googleapis.com/google.cloud.functions.v1.OperationMetadataV1","target":"projects/end-of-time-94cd3/locations/us-central1/functions/sendEmailNotification","type":"UPDATE_FUNCTION","request":{"@type":"type.googleapis.com/google.cloud.functions.v1.CloudFunction","name":"projects/end-of-time-94cd3/locations/us-central1/functions/sendEmailNotification","eventTrigger":{"eventType":"providers/cloud.firestore/eventTypes/document.create","resource":"projects/end-of-time-94cd3/databases/(default)/documents/emailQueue/{docId}","service":"firestore.googleapis.com"},"status":"ACTIVE","entryPoint":"sendEmailNotification","updateTime":"2025-10-01T21:20:17.628Z","versionId":"1","labels":{"deployment-tool":"cli-firebase","firebase-functions-hash":"38be96f969decf62c34c705495486f4a4c86c905"},"sourceUploadUrl":"https://storage.googleapis.com/uploads-942337535895.us-central1.cloudfunctions.appspot.com/95f129e4-5e1f-448e-9206-84767abc07a5.zip?GoogleAccessId=service-628602476853@gcf-admin-robot.iam.gserviceaccount.com&Expires=1759355778&Signature=C21O0SjQ9e3AZt5PFAP%2FcOJbiQSe5vGInHMXQrTtCQ3oAc1dDfvyVhTMs2SwUJXEHnOJ16B087suA%2F%2FaseogGYb8LUblvN89EdDDit8ePRe%2FSiZXy5E5cKcNf4JGnbcdu5Sy9PuYhZZXLWEozUn48%2BzBxk52OckxoHnjL%2BrgctUKMMtd57uDO4iVAiROuef6LvYQIxHNvWz2egmvqSR3R3nf5KACi0jAv3kcBic5XgKTHz43lSBX3k0FR5x8lht5dfxYNWVwBmh547q%2BHJHVaobxqe2oIILfNIjvol77hfzp1sepP%2FwiMTQbW1WMH%2FkJHLlnBihvTmMoeJzb8xR%2F0w%3D%3D","environmentVariables":{"FIREBASE_CONFIG":"{\"projectId\":\"end-of-time-94cd3\",\"storageBucket\":\"end-of-time-94cd3.firebasestorage.app\"}","GCLOUD_PROJECT":"end-of-time-94cd3","EVENTARC_CLOUD_EVENT_SOURCE":"projects/end-of-time-94cd3/locations/us-central1/functions/sendEmailNotification"},"runtime":"nodejs18","buildId":"0dfde81f-3944-471f-9606-8a11b2240aec","buildEnvironmentVariables":{"GOOGLE_NODE_RUN_SCRIPTS":""},"sourceToken":"0a312fcf-3878-4101-9cef-48ae25b840af","buildName":"projects/628602476853/locations/us-central1/builds/0dfde81f-3944-471f-9606-8a11b2240aec","dockerRegistry":"ARTIFACT_REGISTRY","automaticUpdatePolicy":{},"buildServiceAccount":"projects/end-of-time-94cd3/serviceAccounts/628602476853-compute@developer.gserviceaccount.com"},"versionId":"2","updateTime":"2025-10-01T21:27:35Z","sourceToken":"0a312fcf-3878-4101-9cef-48ae25b840af"}}
[debug] [2025-10-01T21:27:38.064Z] Got source token 0a312fcf-3878-4101-9cef-48ae25b840af for region us-central1
[debug] [2025-10-01T21:27:38.579Z] [update-default-us-central1-sendEmailNotification] Retrying task index 0
[debug] [2025-10-01T21:27:38.579Z] Checked if tokens are valid: true, expires at: 1759356586532
[debug] [2025-10-01T21:27:38.580Z] Checked if tokens are valid: true, expires at: 1759356586532
[debug] [2025-10-01T21:27:38.580Z] >>> [apiv2][query] GET https://cloudfunctions.googleapis.com/v1/operations/ZW5kLW9mLXRpbWUtOTRjZDMvdXMtY2VudHJhbDEvc2VuZEVtYWlsTm90aWZpY2F0aW9uL01UNzN1bmNGWGdv [none]
[debug] [2025-10-01T21:27:38.915Z] <<< [apiv2][status] GET https://cloudfunctions.googleapis.com/v1/operations/ZW5kLW9mLXRpbWUtOTRjZDMvdXMtY2VudHJhbDEvc2VuZEVtYWlsTm90aWZpY2F0aW9uL01UNzN1bmNGWGdv 200
[debug] [2025-10-01T21:27:38.915Z] <<< [apiv2][body] GET https://cloudfunctions.googleapis.com/v1/operations/ZW5kLW9mLXRpbWUtOTRjZDMvdXMtY2VudHJhbDEvc2VuZEVtYWlsTm90aWZpY2F0aW9uL01UNzN1bmNGWGdv {"name":"operations/ZW5kLW9mLXRpbWUtOTRjZDMvdXMtY2VudHJhbDEvc2VuZEVtYWlsTm90aWZpY2F0aW9uL01UNzN1bmNGWGdv","metadata":{"@type":"type.googleapis.com/google.cloud.functions.v1.OperationMetadataV1","target":"projects/end-of-time-94cd3/locations/us-central1/functions/sendEmailNotification","type":"UPDATE_FUNCTION","request":{"@type":"type.googleapis.com/google.cloud.functions.v1.CloudFunction","name":"projects/end-of-time-94cd3/locations/us-central1/functions/sendEmailNotification","eventTrigger":{"eventType":"providers/cloud.firestore/eventTypes/document.create","resource":"projects/end-of-time-94cd3/databases/(default)/documents/emailQueue/{docId}","service":"firestore.googleapis.com"},"status":"ACTIVE","entryPoint":"sendEmailNotification","updateTime":"2025-10-01T21:20:17.628Z","versionId":"1","labels":{"deployment-tool":"cli-firebase","firebase-functions-hash":"38be96f969decf62c34c705495486f4a4c86c905"},"sourceUploadUrl":"https://storage.googleapis.com/uploads-942337535895.us-central1.cloudfunctions.appspot.com/95f129e4-5e1f-448e-9206-84767abc07a5.zip?GoogleAccessId=service-628602476853@gcf-admin-robot.iam.gserviceaccount.com&Expires=1759355778&Signature=C21O0SjQ9e3AZt5PFAP%2FcOJbiQSe5vGInHMXQrTtCQ3oAc1dDfvyVhTMs2SwUJXEHnOJ16B087suA%2F%2FaseogGYb8LUblvN89EdDDit8ePRe%2FSiZXy5E5cKcNf4JGnbcdu5Sy9PuYhZZXLWEozUn48%2BzBxk52OckxoHnjL%2BrgctUKMMtd57uDO4iVAiROuef6LvYQIxHNvWz2egmvqSR3R3nf5KACi0jAv3kcBic5XgKTHz43lSBX3k0FR5x8lht5dfxYNWVwBmh547q%2BHJHVaobxqe2oIILfNIjvol77hfzp1sepP%2FwiMTQbW1WMH%2FkJHLlnBihvTmMoeJzb8xR%2F0w%3D%3D","environmentVariables":{"FIREBASE_CONFIG":"{\"projectId\":\"end-of-time-94cd3\",\"storageBucket\":\"end-of-time-94cd3.firebasestorage.app\"}","GCLOUD_PROJECT":"end-of-time-94cd3","EVENTARC_CLOUD_EVENT_SOURCE":"projects/end-of-time-94cd3/locations/us-central1/functions/sendEmailNotification"},"runtime":"nodejs18","buildId":"0dfde81f-3944-471f-9606-8a11b2240aec","buildEnvironmentVariables":{"GOOGLE_NODE_RUN_SCRIPTS":""},"sourceToken":"0a312fcf-3878-4101-9cef-48ae25b840af","buildName":"projects/628602476853/locations/us-central1/builds/0dfde81f-3944-471f-9606-8a11b2240aec","dockerRegistry":"ARTIFACT_REGISTRY","automaticUpdatePolicy":{},"buildServiceAccount":"projects/end-of-time-94cd3/serviceAccounts/628602476853-compute@developer.gserviceaccount.com"},"versionId":"2","updateTime":"2025-10-01T21:27:35Z","buildId":"6a11c8b4-d822-4a34-b527-25d93a666143","sourceToken":"0a312fcf-3878-4101-9cef-48ae25b840af","buildName":"projects/628602476853/locations/us-central1/builds/6a11c8b4-d822-4a34-b527-25d93a666143"}}
[debug] [2025-10-01T21:27:38.916Z] Got source token 0a312fcf-3878-4101-9cef-48ae25b840af for region us-central1
[debug] [2025-10-01T21:27:39.930Z] [update-default-us-central1-sendEmailNotification] Retrying task index 0
[debug] [2025-10-01T21:27:39.930Z] Checked if tokens are valid: true, expires at: 1759356586532
[debug] [2025-10-01T21:27:39.931Z] Checked if tokens are valid: true, expires at: 1759356586532
[debug] [2025-10-01T21:27:39.931Z] >>> [apiv2][query] GET https://cloudfunctions.googleapis.com/v1/operations/ZW5kLW9mLXRpbWUtOTRjZDMvdXMtY2VudHJhbDEvc2VuZEVtYWlsTm90aWZpY2F0aW9uL01UNzN1bmNGWGdv [none]
[debug] [2025-10-01T21:27:40.245Z] <<< [apiv2][status] GET https://cloudfunctions.googleapis.com/v1/operations/ZW5kLW9mLXRpbWUtOTRjZDMvdXMtY2VudHJhbDEvc2VuZEVtYWlsTm90aWZpY2F0aW9uL01UNzN1bmNGWGdv 200
[debug] [2025-10-01T21:27:40.245Z] <<< [apiv2][body] GET https://cloudfunctions.googleapis.com/v1/operations/ZW5kLW9mLXRpbWUtOTRjZDMvdXMtY2VudHJhbDEvc2VuZEVtYWlsTm90aWZpY2F0aW9uL01UNzN1bmNGWGdv {"name":"operations/ZW5kLW9mLXRpbWUtOTRjZDMvdXMtY2VudHJhbDEvc2VuZEVtYWlsTm90aWZpY2F0aW9uL01UNzN1bmNGWGdv","metadata":{"@type":"type.googleapis.com/google.cloud.functions.v1.OperationMetadataV1","target":"projects/end-of-time-94cd3/locations/us-central1/functions/sendEmailNotification","type":"UPDATE_FUNCTION","request":{"@type":"type.googleapis.com/google.cloud.functions.v1.CloudFunction","name":"projects/end-of-time-94cd3/locations/us-central1/functions/sendEmailNotification","eventTrigger":{"eventType":"providers/cloud.firestore/eventTypes/document.create","resource":"projects/end-of-time-94cd3/databases/(default)/documents/emailQueue/{docId}","service":"firestore.googleapis.com"},"status":"ACTIVE","entryPoint":"sendEmailNotification","updateTime":"2025-10-01T21:20:17.628Z","versionId":"1","labels":{"deployment-tool":"cli-firebase","firebase-functions-hash":"38be96f969decf62c34c705495486f4a4c86c905"},"sourceUploadUrl":"https://storage.googleapis.com/uploads-942337535895.us-central1.cloudfunctions.appspot.com/95f129e4-5e1f-448e-9206-84767abc07a5.zip?GoogleAccessId=service-628602476853@gcf-admin-robot.iam.gserviceaccount.com&Expires=1759355778&Signature=C21O0SjQ9e3AZt5PFAP%2FcOJbiQSe5vGInHMXQrTtCQ3oAc1dDfvyVhTMs2SwUJXEHnOJ16B087suA%2F%2FaseogGYb8LUblvN89EdDDit8ePRe%2FSiZXy5E5cKcNf4JGnbcdu5Sy9PuYhZZXLWEozUn48%2BzBxk52OckxoHnjL%2BrgctUKMMtd57uDO4iVAiROuef6LvYQIxHNvWz2egmvqSR3R3nf5KACi0jAv3kcBic5XgKTHz43lSBX3k0FR5x8lht5dfxYNWVwBmh547q%2BHJHVaobxqe2oIILfNIjvol77hfzp1sepP%2FwiMTQbW1WMH%2FkJHLlnBihvTmMoeJzb8xR%2F0w%3D%3D","environmentVariables":{"FIREBASE_CONFIG":"{\"projectId\":\"end-of-time-94cd3\",\"storageBucket\":\"end-of-time-94cd3.firebasestorage.app\"}","GCLOUD_PROJECT":"end-of-time-94cd3","EVENTARC_CLOUD_EVENT_SOURCE":"projects/end-of-time-94cd3/locations/us-central1/functions/sendEmailNotification"},"runtime":"nodejs18","buildId":"0dfde81f-3944-471f-9606-8a11b2240aec","buildEnvironmentVariables":{"GOOGLE_NODE_RUN_SCRIPTS":""},"sourceToken":"0a312fcf-3878-4101-9cef-48ae25b840af","buildName":"projects/628602476853/locations/us-central1/builds/0dfde81f-3944-471f-9606-8a11b2240aec","dockerRegistry":"ARTIFACT_REGISTRY","automaticUpdatePolicy":{},"buildServiceAccount":"projects/end-of-time-94cd3/serviceAccounts/628602476853-compute@developer.gserviceaccount.com"},"versionId":"2","updateTime":"2025-10-01T21:27:35Z","buildId":"6a11c8b4-d822-4a34-b527-25d93a666143","sourceToken":"0a312fcf-3878-4101-9cef-48ae25b840af","buildName":"projects/628602476853/locations/us-central1/builds/6a11c8b4-d822-4a34-b527-25d93a666143"}}
[debug] [2025-10-01T21:27:40.245Z] Got source token 0a312fcf-3878-4101-9cef-48ae25b840af for region us-central1
[debug] [2025-10-01T21:27:42.256Z] [update-default-us-central1-sendEmailNotification] Retrying task index 0
[debug] [2025-10-01T21:27:42.256Z] Checked if tokens are valid: true, expires at: 1759356586532
[debug] [2025-10-01T21:27:42.256Z] Checked if tokens are valid: true, expires at: 1759356586532
[debug] [2025-10-01T21:27:42.256Z] >>> [apiv2][query] GET https://cloudfunctions.googleapis.com/v1/operations/ZW5kLW9mLXRpbWUtOTRjZDMvdXMtY2VudHJhbDEvc2VuZEVtYWlsTm90aWZpY2F0aW9uL01UNzN1bmNGWGdv [none]
[debug] [2025-10-01T21:27:42.570Z] <<< [apiv2][status] GET https://cloudfunctions.googleapis.com/v1/operations/ZW5kLW9mLXRpbWUtOTRjZDMvdXMtY2VudHJhbDEvc2VuZEVtYWlsTm90aWZpY2F0aW9uL01UNzN1bmNGWGdv 200
[debug] [2025-10-01T21:27:42.571Z] <<< [apiv2][body] GET https://cloudfunctions.googleapis.com/v1/operations/ZW5kLW9mLXRpbWUtOTRjZDMvdXMtY2VudHJhbDEvc2VuZEVtYWlsTm90aWZpY2F0aW9uL01UNzN1bmNGWGdv {"name":"operations/ZW5kLW9mLXRpbWUtOTRjZDMvdXMtY2VudHJhbDEvc2VuZEVtYWlsTm90aWZpY2F0aW9uL01UNzN1bmNGWGdv","metadata":{"@type":"type.googleapis.com/google.cloud.functions.v1.OperationMetadataV1","target":"projects/end-of-time-94cd3/locations/us-central1/functions/sendEmailNotification","type":"UPDATE_FUNCTION","request":{"@type":"type.googleapis.com/google.cloud.functions.v1.CloudFunction","name":"projects/end-of-time-94cd3/locations/us-central1/functions/sendEmailNotification","eventTrigger":{"eventType":"providers/cloud.firestore/eventTypes/document.create","resource":"projects/end-of-time-94cd3/databases/(default)/documents/emailQueue/{docId}","service":"firestore.googleapis.com"},"status":"ACTIVE","entryPoint":"sendEmailNotification","updateTime":"2025-10-01T21:20:17.628Z","versionId":"1","labels":{"deployment-tool":"cli-firebase","firebase-functions-hash":"38be96f969decf62c34c705495486f4a4c86c905"},"sourceUploadUrl":"https://storage.googleapis.com/uploads-942337535895.us-central1.cloudfunctions.appspot.com/95f129e4-5e1f-448e-9206-84767abc07a5.zip?GoogleAccessId=service-628602476853@gcf-admin-robot.iam.gserviceaccount.com&Expires=1759355778&Signature=C21O0SjQ9e3AZt5PFAP%2FcOJbiQSe5vGInHMXQrTtCQ3oAc1dDfvyVhTMs2SwUJXEHnOJ16B087suA%2F%2FaseogGYb8LUblvN89EdDDit8ePRe%2FSiZXy5E5cKcNf4JGnbcdu5Sy9PuYhZZXLWEozUn48%2BzBxk52OckxoHnjL%2BrgctUKMMtd57uDO4iVAiROuef6LvYQIxHNvWz2egmvqSR3R3nf5KACi0jAv3kcBic5XgKTHz43lSBX3k0FR5x8lht5dfxYNWVwBmh547q%2BHJHVaobxqe2oIILfNIjvol77hfzp1sepP%2FwiMTQbW1WMH%2FkJHLlnBihvTmMoeJzb8xR%2F0w%3D%3D","environmentVariables":{"FIREBASE_CONFIG":"{\"projectId\":\"end-of-time-94cd3\",\"storageBucket\":\"end-of-time-94cd3.firebasestorage.app\"}","GCLOUD_PROJECT":"end-of-time-94cd3","EVENTARC_CLOUD_EVENT_SOURCE":"projects/end-of-time-94cd3/locations/us-central1/functions/sendEmailNotification"},"runtime":"nodejs18","buildId":"0dfde81f-3944-471f-9606-8a11b2240aec","buildEnvironmentVariables":{"GOOGLE_NODE_RUN_SCRIPTS":""},"sourceToken":"0a312fcf-3878-4101-9cef-48ae25b840af","buildName":"projects/628602476853/locations/us-central1/builds/0dfde81f-3944-471f-9606-8a11b2240aec","dockerRegistry":"ARTIFACT_REGISTRY","automaticUpdatePolicy":{},"buildServiceAccount":"projects/end-of-time-94cd3/serviceAccounts/628602476853-compute@developer.gserviceaccount.com"},"versionId":"2","updateTime":"2025-10-01T21:27:35Z","buildId":"6a11c8b4-d822-4a34-b527-25d93a666143","sourceToken":"0a312fcf-3878-4101-9cef-48ae25b840af","buildName":"projects/628602476853/locations/us-central1/builds/6a11c8b4-d822-4a34-b527-25d93a666143"}}
[debug] [2025-10-01T21:27:42.571Z] Got source token 0a312fcf-3878-4101-9cef-48ae25b840af for region us-central1
[debug] [2025-10-01T21:27:46.583Z] [update-default-us-central1-sendEmailNotification] Retrying task index 0
[debug] [2025-10-01T21:27:46.583Z] Checked if tokens are valid: true, expires at: 1759356586532
[debug] [2025-10-01T21:27:46.584Z] Checked if tokens are valid: true, expires at: 1759356586532
[debug] [2025-10-01T21:27:46.584Z] >>> [apiv2][query] GET https://cloudfunctions.googleapis.com/v1/operations/ZW5kLW9mLXRpbWUtOTRjZDMvdXMtY2VudHJhbDEvc2VuZEVtYWlsTm90aWZpY2F0aW9uL01UNzN1bmNGWGdv [none]
[debug] [2025-10-01T21:27:46.916Z] <<< [apiv2][status] GET https://cloudfunctions.googleapis.com/v1/operations/ZW5kLW9mLXRpbWUtOTRjZDMvdXMtY2VudHJhbDEvc2VuZEVtYWlsTm90aWZpY2F0aW9uL01UNzN1bmNGWGdv 200
[debug] [2025-10-01T21:27:46.916Z] <<< [apiv2][body] GET https://cloudfunctions.googleapis.com/v1/operations/ZW5kLW9mLXRpbWUtOTRjZDMvdXMtY2VudHJhbDEvc2VuZEVtYWlsTm90aWZpY2F0aW9uL01UNzN1bmNGWGdv {"name":"operations/ZW5kLW9mLXRpbWUtOTRjZDMvdXMtY2VudHJhbDEvc2VuZEVtYWlsTm90aWZpY2F0aW9uL01UNzN1bmNGWGdv","metadata":{"@type":"type.googleapis.com/google.cloud.functions.v1.OperationMetadataV1","target":"projects/end-of-time-94cd3/locations/us-central1/functions/sendEmailNotification","type":"UPDATE_FUNCTION","request":{"@type":"type.googleapis.com/google.cloud.functions.v1.CloudFunction","name":"projects/end-of-time-94cd3/locations/us-central1/functions/sendEmailNotification","eventTrigger":{"eventType":"providers/cloud.firestore/eventTypes/document.create","resource":"projects/end-of-time-94cd3/databases/(default)/documents/emailQueue/{docId}","service":"firestore.googleapis.com"},"status":"ACTIVE","entryPoint":"sendEmailNotification","updateTime":"2025-10-01T21:20:17.628Z","versionId":"1","labels":{"deployment-tool":"cli-firebase","firebase-functions-hash":"38be96f969decf62c34c705495486f4a4c86c905"},"sourceUploadUrl":"https://storage.googleapis.com/uploads-942337535895.us-central1.cloudfunctions.appspot.com/95f129e4-5e1f-448e-9206-84767abc07a5.zip?GoogleAccessId=service-628602476853@gcf-admin-robot.iam.gserviceaccount.com&Expires=1759355778&Signature=C21O0SjQ9e3AZt5PFAP%2FcOJbiQSe5vGInHMXQrTtCQ3oAc1dDfvyVhTMs2SwUJXEHnOJ16B087suA%2F%2FaseogGYb8LUblvN89EdDDit8ePRe%2FSiZXy5E5cKcNf4JGnbcdu5Sy9PuYhZZXLWEozUn48%2BzBxk52OckxoHnjL%2BrgctUKMMtd57uDO4iVAiROuef6LvYQIxHNvWz2egmvqSR3R3nf5KACi0jAv3kcBic5XgKTHz43lSBX3k0FR5x8lht5dfxYNWVwBmh547q%2BHJHVaobxqe2oIILfNIjvol77hfzp1sepP%2FwiMTQbW1WMH%2FkJHLlnBihvTmMoeJzb8xR%2F0w%3D%3D","environmentVariables":{"FIREBASE_CONFIG":"{\"projectId\":\"end-of-time-94cd3\",\"storageBucket\":\"end-of-time-94cd3.firebasestorage.app\"}","GCLOUD_PROJECT":"end-of-time-94cd3","EVENTARC_CLOUD_EVENT_SOURCE":"projects/end-of-time-94cd3/locations/us-central1/functions/sendEmailNotification"},"runtime":"nodejs18","buildId":"0dfde81f-3944-471f-9606-8a11b2240aec","buildEnvironmentVariables":{"GOOGLE_NODE_RUN_SCRIPTS":""},"sourceToken":"0a312fcf-3878-4101-9cef-48ae25b840af","buildName":"projects/628602476853/locations/us-central1/builds/0dfde81f-3944-471f-9606-8a11b2240aec","dockerRegistry":"ARTIFACT_REGISTRY","automaticUpdatePolicy":{},"buildServiceAccount":"projects/end-of-time-94cd3/serviceAccounts/628602476853-compute@developer.gserviceaccount.com"},"versionId":"2","updateTime":"2025-10-01T21:27:35Z","buildId":"6a11c8b4-d822-4a34-b527-25d93a666143","sourceToken":"0a312fcf-3878-4101-9cef-48ae25b840af","buildName":"projects/628602476853/locations/us-central1/builds/6a11c8b4-d822-4a34-b527-25d93a666143"}}
[debug] [2025-10-01T21:27:46.916Z] Got source token 0a312fcf-3878-4101-9cef-48ae25b840af for region us-central1
[debug] [2025-10-01T21:27:47.093Z] [create-default-us-central1-onInteractionCreate] Retrying task index 0
[debug] [2025-10-01T21:27:47.093Z] Checked if tokens are valid: true, expires at: 1759356586532
[debug] [2025-10-01T21:27:47.093Z] Checked if tokens are valid: true, expires at: 1759356586532
[debug] [2025-10-01T21:27:47.094Z] >>> [apiv2][query] GET https://cloudfunctions.googleapis.com/v1/operations/cHJvamVjdHMvZW5kLW9mLXRpbWUtOTRjZDMvbG9jYXRpb25zL3VzLWNlbnRyYWwxL29wZXJhdGlvbnMvb3BlcmF0aW9uLTE3NTkzNTM5ODM0OTMtNjQwMWY4NTM4NjZmYi05Y2ZiZGE0MS1hYTk5NzlhMA [none]
[debug] [2025-10-01T21:27:47.467Z] <<< [apiv2][status] GET https://cloudfunctions.googleapis.com/v1/operations/cHJvamVjdHMvZW5kLW9mLXRpbWUtOTRjZDMvbG9jYXRpb25zL3VzLWNlbnRyYWwxL29wZXJhdGlvbnMvb3BlcmF0aW9uLTE3NTkzNTM5ODM0OTMtNjQwMWY4NTM4NjZmYi05Y2ZiZGE0MS1hYTk5NzlhMA 200
[debug] [2025-10-01T21:27:47.467Z] <<< [apiv2][body] GET https://cloudfunctions.googleapis.com/v1/operations/cHJvamVjdHMvZW5kLW9mLXRpbWUtOTRjZDMvbG9jYXRpb25zL3VzLWNlbnRyYWwxL29wZXJhdGlvbnMvb3BlcmF0aW9uLTE3NTkzNTM5ODM0OTMtNjQwMWY4NTM4NjZmYi05Y2ZiZGE0MS1hYTk5NzlhMA {"name":"operations/cHJvamVjdHMvZW5kLW9mLXRpbWUtOTRjZDMvbG9jYXRpb25zL3VzLWNlbnRyYWwxL29wZXJhdGlvbnMvb3BlcmF0aW9uLTE3NTkzNTM5ODM0OTMtNjQwMWY4NTM4NjZmYi05Y2ZiZGE0MS1hYTk5NzlhMA","metadata":{"@type":"type.googleapis.com/google.cloud.functions.v1.OperationMetadataV1","target":"projects/end-of-time-94cd3/locations/us-central1/functions/onInteractionCreate","type":"CREATE_FUNCTION","request":{"@type":"type.googleapis.com/google.cloud.functions.v1.CloudFunction","name":"projects/end-of-time-94cd3/locations/us-central1/functions/onInteractionCreate","eventTrigger":{"eventType":"providers/cloud.firestore/eventTypes/document.create","resource":"projects/end-of-time-94cd3/databases/(default)/documents/prayers/{prayerId}/interactions/{interactionId}","failurePolicy":{}},"entryPoint":"onInteractionCreate","updateTime":"1970-01-01T00:00:00Z","labels":{"deployment-tool":"cli-firebase","firebase-functions-hash":"38be96f969decf62c34c705495486f4a4c86c905"},"sourceUploadUrl":"https://storage.googleapis.com/uploads-942337535895.us-central1.cloudfunctions.appspot.com/95f129e4-5e1f-448e-9206-84767abc07a5.zip?GoogleAccessId=service-628602476853@gcf-admin-robot.iam.gserviceaccount.com&Expires=1759355778&Signature=C21O0SjQ9e3AZt5PFAP%2FcOJbiQSe5vGInHMXQrTtCQ3oAc1dDfvyVhTMs2SwUJXEHnOJ16B087suA%2F%2FaseogGYb8LUblvN89EdDDit8ePRe%2FSiZXy5E5cKcNf4JGnbcdu5Sy9PuYhZZXLWEozUn48%2BzBxk52OckxoHnjL%2BrgctUKMMtd57uDO4iVAiROuef6LvYQIxHNvWz2egmvqSR3R3nf5KACi0jAv3kcBic5XgKTHz43lSBX3k0FR5x8lht5dfxYNWVwBmh547q%2BHJHVaobxqe2oIILfNIjvol77hfzp1sepP%2FwiMTQbW1WMH%2FkJHLlnBihvTmMoeJzb8xR%2F0w%3D%3D","environmentVariables":{"FIREBASE_CONFIG":"{\"projectId\":\"end-of-time-94cd3\",\"storageBucket\":\"end-of-time-94cd3.firebasestorage.app\"}","GCLOUD_PROJECT":"end-of-time-94cd3","EVENTARC_CLOUD_EVENT_SOURCE":"projects/end-of-time-94cd3/locations/us-central1/functions/onInteractionCreate"},"runtime":"nodejs18","buildEnvironmentVariables":{"GOOGLE_NODE_RUN_SCRIPTS":""},"dockerRegistry":"ARTIFACT_REGISTRY"},"versionId":"1","updateTime":"2025-10-01T21:27:38.392726866Z","buildId":"6a11c8b4-d822-4a34-b527-25d93a666143","sourceToken":"0a312fcf-3878-4101-9cef-48ae25b840af","buildName":"projects/628602476853/locations/us-central1/builds/6a11c8b4-d822-4a34-b527-25d93a666143"},"done":true,"error":{"code":3,"message":"Gen1 operation for function projects/end-of-time-94cd3/locations/us-central1/functions/onInteractionCreate failed: Function failed on loading user code. This is likely due to a bug in the user code. Error message: Function 'onInteractionCreate' is not defined in the provided module.\nDid you specify the correct target function to execute?\nCould not load the function, shutting down.. Please visit https://cloud.google.com/functions/docs/troubleshooting for in-depth troubleshooting documentation.."}}
[debug] [2025-10-01T21:27:47.467Z] Got source token 0a312fcf-3878-4101-9cef-48ae25b840af for region us-central1
[error] Gen1 operation for function projects/end-of-time-94cd3/locations/us-central1/functions/onInteractionCreate failed: Function failed on loading user code. This is likely due to a bug in the user code. Error message: Function 'onInteractionCreate' is not defined in the provided module.
Did you specify the correct target function to execute?
Could not load the function, shutting down.. Please visit https://cloud.google.com/functions/docs/troubleshooting for in-depth troubleshooting documentation..
[debug] [2025-10-01T21:27:54.923Z] [update-default-us-central1-sendEmailNotification] Retrying task index 0
[debug] [2025-10-01T21:27:54.923Z] Checked if tokens are valid: true, expires at: 1759356586532
[debug] [2025-10-01T21:27:54.923Z] Checked if tokens are valid: true, expires at: 1759356586532
[debug] [2025-10-01T21:27:54.923Z] >>> [apiv2][query] GET https://cloudfunctions.googleapis.com/v1/operations/ZW5kLW9mLXRpbWUtOTRjZDMvdXMtY2VudHJhbDEvc2VuZEVtYWlsTm90aWZpY2F0aW9uL01UNzN1bmNGWGdv [none]
[debug] [2025-10-01T21:27:55.445Z] <<< [apiv2][status] GET https://cloudfunctions.googleapis.com/v1/operations/ZW5kLW9mLXRpbWUtOTRjZDMvdXMtY2VudHJhbDEvc2VuZEVtYWlsTm90aWZpY2F0aW9uL01UNzN1bmNGWGdv 200
[debug] [2025-10-01T21:27:55.445Z] <<< [apiv2][body] GET https://cloudfunctions.googleapis.com/v1/operations/ZW5kLW9mLXRpbWUtOTRjZDMvdXMtY2VudHJhbDEvc2VuZEVtYWlsTm90aWZpY2F0aW9uL01UNzN1bmNGWGdv {"name":"operations/ZW5kLW9mLXRpbWUtOTRjZDMvdXMtY2VudHJhbDEvc2VuZEVtYWlsTm90aWZpY2F0aW9uL01UNzN1bmNGWGdv","metadata":{"@type":"type.googleapis.com/google.cloud.functions.v1.OperationMetadataV1","target":"projects/end-of-time-94cd3/locations/us-central1/functions/sendEmailNotification","type":"UPDATE_FUNCTION","request":{"@type":"type.googleapis.com/google.cloud.functions.v1.CloudFunction","name":"projects/end-of-time-94cd3/locations/us-central1/functions/sendEmailNotification","eventTrigger":{"eventType":"providers/cloud.firestore/eventTypes/document.create","resource":"projects/end-of-time-94cd3/databases/(default)/documents/emailQueue/{docId}","service":"firestore.googleapis.com"},"status":"ACTIVE","entryPoint":"sendEmailNotification","updateTime":"2025-10-01T21:20:17.628Z","versionId":"1","labels":{"deployment-tool":"cli-firebase","firebase-functions-hash":"38be96f969decf62c34c705495486f4a4c86c905"},"sourceUploadUrl":"https://storage.googleapis.com/uploads-942337535895.us-central1.cloudfunctions.appspot.com/95f129e4-5e1f-448e-9206-84767abc07a5.zip?GoogleAccessId=service-628602476853@gcf-admin-robot.iam.gserviceaccount.com&Expires=1759355778&Signature=C21O0SjQ9e3AZt5PFAP%2FcOJbiQSe5vGInHMXQrTtCQ3oAc1dDfvyVhTMs2SwUJXEHnOJ16B087suA%2F%2FaseogGYb8LUblvN89EdDDit8ePRe%2FSiZXy5E5cKcNf4JGnbcdu5Sy9PuYhZZXLWEozUn48%2BzBxk52OckxoHnjL%2BrgctUKMMtd57uDO4iVAiROuef6LvYQIxHNvWz2egmvqSR3R3nf5KACi0jAv3kcBic5XgKTHz43lSBX3k0FR5x8lht5dfxYNWVwBmh547q%2BHJHVaobxqe2oIILfNIjvol77hfzp1sepP%2FwiMTQbW1WMH%2FkJHLlnBihvTmMoeJzb8xR%2F0w%3D%3D","environmentVariables":{"FIREBASE_CONFIG":"{\"projectId\":\"end-of-time-94cd3\",\"storageBucket\":\"end-of-time-94cd3.firebasestorage.app\"}","GCLOUD_PROJECT":"end-of-time-94cd3","EVENTARC_CLOUD_EVENT_SOURCE":"projects/end-of-time-94cd3/locations/us-central1/functions/sendEmailNotification"},"runtime":"nodejs18","buildId":"0dfde81f-3944-471f-9606-8a11b2240aec","buildEnvironmentVariables":{"GOOGLE_NODE_RUN_SCRIPTS":""},"sourceToken":"0a312fcf-3878-4101-9cef-48ae25b840af","buildName":"projects/628602476853/locations/us-central1/builds/0dfde81f-3944-471f-9606-8a11b2240aec","dockerRegistry":"ARTIFACT_REGISTRY","automaticUpdatePolicy":{},"buildServiceAccount":"projects/end-of-time-94cd3/serviceAccounts/628602476853-compute@developer.gserviceaccount.com"},"versionId":"2","updateTime":"2025-10-01T21:27:35Z","buildId":"6a11c8b4-d822-4a34-b527-25d93a666143","sourceToken":"0a312fcf-3878-4101-9cef-48ae25b840af","buildName":"projects/628602476853/locations/us-central1/builds/6a11c8b4-d822-4a34-b527-25d93a666143"}}
[debug] [2025-10-01T21:27:55.446Z] Got source token 0a312fcf-3878-4101-9cef-48ae25b840af for region us-central1
[debug] [2025-10-01T21:28:05.450Z] [update-default-us-central1-sendEmailNotification] Retrying task index 0
[debug] [2025-10-01T21:28:05.450Z] Checked if tokens are valid: true, expires at: 1759356586532
[debug] [2025-10-01T21:28:05.450Z] Checked if tokens are valid: true, expires at: 1759356586532
[debug] [2025-10-01T21:28:05.450Z] >>> [apiv2][query] GET https://cloudfunctions.googleapis.com/v1/operations/ZW5kLW9mLXRpbWUtOTRjZDMvdXMtY2VudHJhbDEvc2VuZEVtYWlsTm90aWZpY2F0aW9uL01UNzN1bmNGWGdv [none]
[debug] [2025-10-01T21:28:05.958Z] <<< [apiv2][status] GET https://cloudfunctions.googleapis.com/v1/operations/ZW5kLW9mLXRpbWUtOTRjZDMvdXMtY2VudHJhbDEvc2VuZEVtYWlsTm90aWZpY2F0aW9uL01UNzN1bmNGWGdv 200
[debug] [2025-10-01T21:28:05.958Z] <<< [apiv2][body] GET https://cloudfunctions.googleapis.com/v1/operations/ZW5kLW9mLXRpbWUtOTRjZDMvdXMtY2VudHJhbDEvc2VuZEVtYWlsTm90aWZpY2F0aW9uL01UNzN1bmNGWGdv {"name":"operations/ZW5kLW9mLXRpbWUtOTRjZDMvdXMtY2VudHJhbDEvc2VuZEVtYWlsTm90aWZpY2F0aW9uL01UNzN1bmNGWGdv","metadata":{"@type":"type.googleapis.com/google.cloud.functions.v1.OperationMetadataV1","target":"projects/end-of-time-94cd3/locations/us-central1/functions/sendEmailNotification","type":"UPDATE_FUNCTION","request":{"@type":"type.googleapis.com/google.cloud.functions.v1.CloudFunction","name":"projects/end-of-time-94cd3/locations/us-central1/functions/sendEmailNotification","eventTrigger":{"eventType":"providers/cloud.firestore/eventTypes/document.create","resource":"projects/end-of-time-94cd3/databases/(default)/documents/emailQueue/{docId}","service":"firestore.googleapis.com"},"status":"ACTIVE","entryPoint":"sendEmailNotification","updateTime":"2025-10-01T21:20:17.628Z","versionId":"1","labels":{"deployment-tool":"cli-firebase","firebase-functions-hash":"38be96f969decf62c34c705495486f4a4c86c905"},"sourceUploadUrl":"https://storage.googleapis.com/uploads-942337535895.us-central1.cloudfunctions.appspot.com/95f129e4-5e1f-448e-9206-84767abc07a5.zip?GoogleAccessId=service-628602476853@gcf-admin-robot.iam.gserviceaccount.com&Expires=1759355778&Signature=C21O0SjQ9e3AZt5PFAP%2FcOJbiQSe5vGInHMXQrTtCQ3oAc1dDfvyVhTMs2SwUJXEHnOJ16B087suA%2F%2FaseogGYb8LUblvN89EdDDit8ePRe%2FSiZXy5E5cKcNf4JGnbcdu5Sy9PuYhZZXLWEozUn48%2BzBxk52OckxoHnjL%2BrgctUKMMtd57uDO4iVAiROuef6LvYQIxHNvWz2egmvqSR3R3nf5KACi0jAv3kcBic5XgKTHz43lSBX3k0FR5x8lht5dfxYNWVwBmh547q%2BHJHVaobxqe2oIILfNIjvol77hfzp1sepP%2FwiMTQbW1WMH%2FkJHLlnBihvTmMoeJzb8xR%2F0w%3D%3D","environmentVariables":{"FIREBASE_CONFIG":"{\"projectId\":\"end-of-time-94cd3\",\"storageBucket\":\"end-of-time-94cd3.firebasestorage.app\"}","GCLOUD_PROJECT":"end-of-time-94cd3","EVENTARC_CLOUD_EVENT_SOURCE":"projects/end-of-time-94cd3/locations/us-central1/functions/sendEmailNotification"},"runtime":"nodejs18","buildId":"0dfde81f-3944-471f-9606-8a11b2240aec","buildEnvironmentVariables":{"GOOGLE_NODE_RUN_SCRIPTS":""},"sourceToken":"0a312fcf-3878-4101-9cef-48ae25b840af","buildName":"projects/628602476853/locations/us-central1/builds/0dfde81f-3944-471f-9606-8a11b2240aec","dockerRegistry":"ARTIFACT_REGISTRY","automaticUpdatePolicy":{},"buildServiceAccount":"projects/end-of-time-94cd3/serviceAccounts/628602476853-compute@developer.gserviceaccount.com"},"versionId":"2","updateTime":"2025-10-01T21:27:35Z","buildId":"6a11c8b4-d822-4a34-b527-25d93a666143","sourceToken":"0a312fcf-3878-4101-9cef-48ae25b840af","buildName":"projects/628602476853/locations/us-central1/builds/6a11c8b4-d822-4a34-b527-25d93a666143"}}
[debug] [2025-10-01T21:28:05.958Z] Got source token 0a312fcf-3878-4101-9cef-48ae25b840af for region us-central1
[debug] [2025-10-01T21:28:15.972Z] [update-default-us-central1-sendEmailNotification] Retrying task index 0
[debug] [2025-10-01T21:28:15.973Z] Checked if tokens are valid: true, expires at: 1759356586532
[debug] [2025-10-01T21:28:15.973Z] Checked if tokens are valid: true, expires at: 1759356586532
[debug] [2025-10-01T21:28:15.973Z] >>> [apiv2][query] GET https://cloudfunctions.googleapis.com/v1/operations/ZW5kLW9mLXRpbWUtOTRjZDMvdXMtY2VudHJhbDEvc2VuZEVtYWlsTm90aWZpY2F0aW9uL01UNzN1bmNGWGdv [none]
[debug] [2025-10-01T21:28:16.479Z] <<< [apiv2][status] GET https://cloudfunctions.googleapis.com/v1/operations/ZW5kLW9mLXRpbWUtOTRjZDMvdXMtY2VudHJhbDEvc2VuZEVtYWlsTm90aWZpY2F0aW9uL01UNzN1bmNGWGdv 200
[debug] [2025-10-01T21:28:16.480Z] <<< [apiv2][body] GET https://cloudfunctions.googleapis.com/v1/operations/ZW5kLW9mLXRpbWUtOTRjZDMvdXMtY2VudHJhbDEvc2VuZEVtYWlsTm90aWZpY2F0aW9uL01UNzN1bmNGWGdv {"name":"operations/ZW5kLW9mLXRpbWUtOTRjZDMvdXMtY2VudHJhbDEvc2VuZEVtYWlsTm90aWZpY2F0aW9uL01UNzN1bmNGWGdv","metadata":{"@type":"type.googleapis.com/google.cloud.functions.v1.OperationMetadataV1","target":"projects/end-of-time-94cd3/locations/us-central1/functions/sendEmailNotification","type":"UPDATE_FUNCTION","request":{"@type":"type.googleapis.com/google.cloud.functions.v1.CloudFunction","name":"projects/end-of-time-94cd3/locations/us-central1/functions/sendEmailNotification","eventTrigger":{"eventType":"providers/cloud.firestore/eventTypes/document.create","resource":"projects/end-of-time-94cd3/databases/(default)/documents/emailQueue/{docId}","service":"firestore.googleapis.com"},"status":"ACTIVE","entryPoint":"sendEmailNotification","updateTime":"2025-10-01T21:20:17.628Z","versionId":"1","labels":{"deployment-tool":"cli-firebase","firebase-functions-hash":"38be96f969decf62c34c705495486f4a4c86c905"},"sourceUploadUrl":"https://storage.googleapis.com/uploads-942337535895.us-central1.cloudfunctions.appspot.com/95f129e4-5e1f-448e-9206-84767abc07a5.zip?GoogleAccessId=service-628602476853@gcf-admin-robot.iam.gserviceaccount.com&Expires=1759355778&Signature=C21O0SjQ9e3AZt5PFAP%2FcOJbiQSe5vGInHMXQrTtCQ3oAc1dDfvyVhTMs2SwUJXEHnOJ16B087suA%2F%2FaseogGYb8LUblvN89EdDDit8ePRe%2FSiZXy5E5cKcNf4JGnbcdu5Sy9PuYhZZXLWEozUn48%2BzBxk52OckxoHnjL%2BrgctUKMMtd57uDO4iVAiROuef6LvYQIxHNvWz2egmvqSR3R3nf5KACi0jAv3kcBic5XgKTHz43lSBX3k0FR5x8lht5dfxYNWVwBmh547q%2BHJHVaobxqe2oIILfNIjvol77hfzp1sepP%2FwiMTQbW1WMH%2FkJHLlnBihvTmMoeJzb8xR%2F0w%3D%3D","environmentVariables":{"FIREBASE_CONFIG":"{\"projectId\":\"end-of-time-94cd3\",\"storageBucket\":\"end-of-time-94cd3.firebasestorage.app\"}","GCLOUD_PROJECT":"end-of-time-94cd3","EVENTARC_CLOUD_EVENT_SOURCE":"projects/end-of-time-94cd3/locations/us-central1/functions/sendEmailNotification"},"runtime":"nodejs18","buildId":"0dfde81f-3944-471f-9606-8a11b2240aec","buildEnvironmentVariables":{"GOOGLE_NODE_RUN_SCRIPTS":""},"sourceToken":"0a312fcf-3878-4101-9cef-48ae25b840af","buildName":"projects/628602476853/locations/us-central1/builds/0dfde81f-3944-471f-9606-8a11b2240aec","dockerRegistry":"ARTIFACT_REGISTRY","automaticUpdatePolicy":{},"buildServiceAccount":"projects/end-of-time-94cd3/serviceAccounts/628602476853-compute@developer.gserviceaccount.com"},"versionId":"2","updateTime":"2025-10-01T21:27:35Z","buildId":"6a11c8b4-d822-4a34-b527-25d93a666143","sourceToken":"0a312fcf-3878-4101-9cef-48ae25b840af","buildName":"projects/628602476853/locations/us-central1/builds/6a11c8b4-d822-4a34-b527-25d93a666143"}}
[debug] [2025-10-01T21:28:16.480Z] Got source token 0a312fcf-3878-4101-9cef-48ae25b840af for region us-central1
[debug] [2025-10-01T21:28:26.494Z] [update-default-us-central1-sendEmailNotification] Retrying task index 0
[debug] [2025-10-01T21:28:26.494Z] Checked if tokens are valid: true, expires at: 1759356586532
[debug] [2025-10-01T21:28:26.495Z] Checked if tokens are valid: true, expires at: 1759356586532
[debug] [2025-10-01T21:28:26.495Z] >>> [apiv2][query] GET https://cloudfunctions.googleapis.com/v1/operations/ZW5kLW9mLXRpbWUtOTRjZDMvdXMtY2VudHJhbDEvc2VuZEVtYWlsTm90aWZpY2F0aW9uL01UNzN1bmNGWGdv [none]
[debug] [2025-10-01T21:28:27.001Z] <<< [apiv2][status] GET https://cloudfunctions.googleapis.com/v1/operations/ZW5kLW9mLXRpbWUtOTRjZDMvdXMtY2VudHJhbDEvc2VuZEVtYWlsTm90aWZpY2F0aW9uL01UNzN1bmNGWGdv 200
[debug] [2025-10-01T21:28:27.001Z] <<< [apiv2][body] GET https://cloudfunctions.googleapis.com/v1/operations/ZW5kLW9mLXRpbWUtOTRjZDMvdXMtY2VudHJhbDEvc2VuZEVtYWlsTm90aWZpY2F0aW9uL01UNzN1bmNGWGdv {"name":"operations/ZW5kLW9mLXRpbWUtOTRjZDMvdXMtY2VudHJhbDEvc2VuZEVtYWlsTm90aWZpY2F0aW9uL01UNzN1bmNGWGdv","metadata":{"@type":"type.googleapis.com/google.cloud.functions.v1.OperationMetadataV1","target":"projects/end-of-time-94cd3/locations/us-central1/functions/sendEmailNotification","type":"UPDATE_FUNCTION","request":{"@type":"type.googleapis.com/google.cloud.functions.v1.CloudFunction","name":"projects/end-of-time-94cd3/locations/us-central1/functions/sendEmailNotification","eventTrigger":{"eventType":"providers/cloud.firestore/eventTypes/document.create","resource":"projects/end-of-time-94cd3/databases/(default)/documents/emailQueue/{docId}","service":"firestore.googleapis.com"},"status":"ACTIVE","entryPoint":"sendEmailNotification","updateTime":"2025-10-01T21:20:17.628Z","versionId":"1","labels":{"deployment-tool":"cli-firebase","firebase-functions-hash":"38be96f969decf62c34c705495486f4a4c86c905"},"sourceUploadUrl":"https://storage.googleapis.com/uploads-942337535895.us-central1.cloudfunctions.appspot.com/95f129e4-5e1f-448e-9206-84767abc07a5.zip?GoogleAccessId=service-628602476853@gcf-admin-robot.iam.gserviceaccount.com&Expires=1759355778&Signature=C21O0SjQ9e3AZt5PFAP%2FcOJbiQSe5vGInHMXQrTtCQ3oAc1dDfvyVhTMs2SwUJXEHnOJ16B087suA%2F%2FaseogGYb8LUblvN89EdDDit8ePRe%2FSiZXy5E5cKcNf4JGnbcdu5Sy9PuYhZZXLWEozUn48%2BzBxk52OckxoHnjL%2BrgctUKMMtd57uDO4iVAiROuef6LvYQIxHNvWz2egmvqSR3R3nf5KACi0jAv3kcBic5XgKTHz43lSBX3k0FR5x8lht5dfxYNWVwBmh547q%2BHJHVaobxqe2oIILfNIjvol77hfzp1sepP%2FwiMTQbW1WMH%2FkJHLlnBihvTmMoeJzb8xR%2F0w%3D%3D","environmentVariables":{"FIREBASE_CONFIG":"{\"projectId\":\"end-of-time-94cd3\",\"storageBucket\":\"end-of-time-94cd3.firebasestorage.app\"}","GCLOUD_PROJECT":"end-of-time-94cd3","EVENTARC_CLOUD_EVENT_SOURCE":"projects/end-of-time-94cd3/locations/us-central1/functions/sendEmailNotification"},"runtime":"nodejs18","buildId":"0dfde81f-3944-471f-9606-8a11b2240aec","buildEnvironmentVariables":{"GOOGLE_NODE_RUN_SCRIPTS":""},"sourceToken":"0a312fcf-3878-4101-9cef-48ae25b840af","buildName":"projects/628602476853/locations/us-central1/builds/0dfde81f-3944-471f-9606-8a11b2240aec","dockerRegistry":"ARTIFACT_REGISTRY","automaticUpdatePolicy":{},"buildServiceAccount":"projects/end-of-time-94cd3/serviceAccounts/628602476853-compute@developer.gserviceaccount.com"},"versionId":"2","updateTime":"2025-10-01T21:27:35Z","buildId":"6a11c8b4-d822-4a34-b527-25d93a666143","sourceToken":"0a312fcf-3878-4101-9cef-48ae25b840af","buildName":"projects/628602476853/locations/us-central1/builds/6a11c8b4-d822-4a34-b527-25d93a666143"}}
[debug] [2025-10-01T21:28:27.001Z] Got source token 0a312fcf-3878-4101-9cef-48ae25b840af for region us-central1
[debug] [2025-10-01T21:28:37.010Z] [update-default-us-central1-sendEmailNotification] Retrying task index 0
[debug] [2025-10-01T21:28:37.010Z] Checked if tokens are valid: true, expires at: 1759356586532
[debug] [2025-10-01T21:28:37.011Z] Checked if tokens are valid: true, expires at: 1759356586532
[debug] [2025-10-01T21:28:37.011Z] >>> [apiv2][query] GET https://cloudfunctions.googleapis.com/v1/operations/ZW5kLW9mLXRpbWUtOTRjZDMvdXMtY2VudHJhbDEvc2VuZEVtYWlsTm90aWZpY2F0aW9uL01UNzN1bmNGWGdv [none]
[debug] [2025-10-01T21:28:37.516Z] <<< [apiv2][status] GET https://cloudfunctions.googleapis.com/v1/operations/ZW5kLW9mLXRpbWUtOTRjZDMvdXMtY2VudHJhbDEvc2VuZEVtYWlsTm90aWZpY2F0aW9uL01UNzN1bmNGWGdv 200
[debug] [2025-10-01T21:28:37.517Z] <<< [apiv2][body] GET https://cloudfunctions.googleapis.com/v1/operations/ZW5kLW9mLXRpbWUtOTRjZDMvdXMtY2VudHJhbDEvc2VuZEVtYWlsTm90aWZpY2F0aW9uL01UNzN1bmNGWGdv {"name":"operations/ZW5kLW9mLXRpbWUtOTRjZDMvdXMtY2VudHJhbDEvc2VuZEVtYWlsTm90aWZpY2F0aW9uL01UNzN1bmNGWGdv","metadata":{"@type":"type.googleapis.com/google.cloud.functions.v1.OperationMetadataV1","target":"projects/end-of-time-94cd3/locations/us-central1/functions/sendEmailNotification","type":"UPDATE_FUNCTION","request":{"@type":"type.googleapis.com/google.cloud.functions.v1.CloudFunction","name":"projects/end-of-time-94cd3/locations/us-central1/functions/sendEmailNotification","eventTrigger":{"eventType":"providers/cloud.firestore/eventTypes/document.create","resource":"projects/end-of-time-94cd3/databases/(default)/documents/emailQueue/{docId}","service":"firestore.googleapis.com"},"status":"ACTIVE","entryPoint":"sendEmailNotification","updateTime":"2025-10-01T21:20:17.628Z","versionId":"1","labels":{"deployment-tool":"cli-firebase","firebase-functions-hash":"38be96f969decf62c34c705495486f4a4c86c905"},"sourceUploadUrl":"https://storage.googleapis.com/uploads-942337535895.us-central1.cloudfunctions.appspot.com/95f129e4-5e1f-448e-9206-84767abc07a5.zip?GoogleAccessId=service-628602476853@gcf-admin-robot.iam.gserviceaccount.com&Expires=1759355778&Signature=C21O0SjQ9e3AZt5PFAP%2FcOJbiQSe5vGInHMXQrTtCQ3oAc1dDfvyVhTMs2SwUJXEHnOJ16B087suA%2F%2FaseogGYb8LUblvN89EdDDit8ePRe%2FSiZXy5E5cKcNf4JGnbcdu5Sy9PuYhZZXLWEozUn48%2BzBxk52OckxoHnjL%2BrgctUKMMtd57uDO4iVAiROuef6LvYQIxHNvWz2egmvqSR3R3nf5KACi0jAv3kcBic5XgKTHz43lSBX3k0FR5x8lht5dfxYNWVwBmh547q%2BHJHVaobxqe2oIILfNIjvol77hfzp1sepP%2FwiMTQbW1WMH%2FkJHLlnBihvTmMoeJzb8xR%2F0w%3D%3D","environmentVariables":{"FIREBASE_CONFIG":"{\"projectId\":\"end-of-time-94cd3\",\"storageBucket\":\"end-of-time-94cd3.firebasestorage.app\"}","GCLOUD_PROJECT":"end-of-time-94cd3","EVENTARC_CLOUD_EVENT_SOURCE":"projects/end-of-time-94cd3/locations/us-central1/functions/sendEmailNotification"},"runtime":"nodejs18","buildId":"0dfde81f-3944-471f-9606-8a11b2240aec","buildEnvironmentVariables":{"GOOGLE_NODE_RUN_SCRIPTS":""},"sourceToken":"0a312fcf-3878-4101-9cef-48ae25b840af","buildName":"projects/628602476853/locations/us-central1/builds/0dfde81f-3944-471f-9606-8a11b2240aec","dockerRegistry":"ARTIFACT_REGISTRY","automaticUpdatePolicy":{},"buildServiceAccount":"projects/end-of-time-94cd3/serviceAccounts/628602476853-compute@developer.gserviceaccount.com"},"versionId":"2","updateTime":"2025-10-01T21:27:35Z","buildId":"6a11c8b4-d822-4a34-b527-25d93a666143","sourceToken":"0a312fcf-3878-4101-9cef-48ae25b840af","buildName":"projects/628602476853/locations/us-central1/builds/6a11c8b4-d822-4a34-b527-25d93a666143"}}
[debug] [2025-10-01T21:28:37.517Z] Got source token 0a312fcf-3878-4101-9cef-48ae25b840af for region us-central1
[debug] [2025-10-01T21:28:47.524Z] [update-default-us-central1-sendEmailNotification] Retrying task index 0
[debug] [2025-10-01T21:28:47.524Z] Checked if tokens are valid: true, expires at: 1759356586532
[debug] [2025-10-01T21:28:47.524Z] Checked if tokens are valid: true, expires at: 1759356586532
[debug] [2025-10-01T21:28:47.525Z] >>> [apiv2][query] GET https://cloudfunctions.googleapis.com/v1/operations/ZW5kLW9mLXRpbWUtOTRjZDMvdXMtY2VudHJhbDEvc2VuZEVtYWlsTm90aWZpY2F0aW9uL01UNzN1bmNGWGdv [none]
[debug] [2025-10-01T21:28:48.033Z] <<< [apiv2][status] GET https://cloudfunctions.googleapis.com/v1/operations/ZW5kLW9mLXRpbWUtOTRjZDMvdXMtY2VudHJhbDEvc2VuZEVtYWlsTm90aWZpY2F0aW9uL01UNzN1bmNGWGdv 200
[debug] [2025-10-01T21:28:48.033Z] <<< [apiv2][body] GET https://cloudfunctions.googleapis.com/v1/operations/ZW5kLW9mLXRpbWUtOTRjZDMvdXMtY2VudHJhbDEvc2VuZEVtYWlsTm90aWZpY2F0aW9uL01UNzN1bmNGWGdv {"name":"operations/ZW5kLW9mLXRpbWUtOTRjZDMvdXMtY2VudHJhbDEvc2VuZEVtYWlsTm90aWZpY2F0aW9uL01UNzN1bmNGWGdv","metadata":{"@type":"type.googleapis.com/google.cloud.functions.v1.OperationMetadataV1","target":"projects/end-of-time-94cd3/locations/us-central1/functions/sendEmailNotification","type":"UPDATE_FUNCTION","request":{"@type":"type.googleapis.com/google.cloud.functions.v1.CloudFunction","name":"projects/end-of-time-94cd3/locations/us-central1/functions/sendEmailNotification","eventTrigger":{"eventType":"providers/cloud.firestore/eventTypes/document.create","resource":"projects/end-of-time-94cd3/databases/(default)/documents/emailQueue/{docId}","service":"firestore.googleapis.com"},"status":"ACTIVE","entryPoint":"sendEmailNotification","updateTime":"2025-10-01T21:20:17.628Z","versionId":"1","labels":{"deployment-tool":"cli-firebase","firebase-functions-hash":"38be96f969decf62c34c705495486f4a4c86c905"},"sourceUploadUrl":"https://storage.googleapis.com/uploads-942337535895.us-central1.cloudfunctions.appspot.com/95f129e4-5e1f-448e-9206-84767abc07a5.zip?GoogleAccessId=service-628602476853@gcf-admin-robot.iam.gserviceaccount.com&Expires=1759355778&Signature=C21O0SjQ9e3AZt5PFAP%2FcOJbiQSe5vGInHMXQrTtCQ3oAc1dDfvyVhTMs2SwUJXEHnOJ16B087suA%2F%2FaseogGYb8LUblvN89EdDDit8ePRe%2FSiZXy5E5cKcNf4JGnbcdu5Sy9PuYhZZXLWEozUn48%2BzBxk52OckxoHnjL%2BrgctUKMMtd57uDO4iVAiROuef6LvYQIxHNvWz2egmvqSR3R3nf5KACi0jAv3kcBic5XgKTHz43lSBX3k0FR5x8lht5dfxYNWVwBmh547q%2BHJHVaobxqe2oIILfNIjvol77hfzp1sepP%2FwiMTQbW1WMH%2FkJHLlnBihvTmMoeJzb8xR%2F0w%3D%3D","environmentVariables":{"FIREBASE_CONFIG":"{\"projectId\":\"end-of-time-94cd3\",\"storageBucket\":\"end-of-time-94cd3.firebasestorage.app\"}","GCLOUD_PROJECT":"end-of-time-94cd3","EVENTARC_CLOUD_EVENT_SOURCE":"projects/end-of-time-94cd3/locations/us-central1/functions/sendEmailNotification"},"runtime":"nodejs18","buildId":"0dfde81f-3944-471f-9606-8a11b2240aec","buildEnvironmentVariables":{"GOOGLE_NODE_RUN_SCRIPTS":""},"sourceToken":"0a312fcf-3878-4101-9cef-48ae25b840af","buildName":"projects/628602476853/locations/us-central1/builds/0dfde81f-3944-471f-9606-8a11b2240aec","dockerRegistry":"ARTIFACT_REGISTRY","automaticUpdatePolicy":{},"buildServiceAccount":"projects/end-of-time-94cd3/serviceAccounts/628602476853-compute@developer.gserviceaccount.com"},"versionId":"2","updateTime":"2025-10-01T21:27:35Z","buildId":"6a11c8b4-d822-4a34-b527-25d93a666143","sourceToken":"0a312fcf-3878-4101-9cef-48ae25b840af","buildName":"projects/628602476853/locations/us-central1/builds/6a11c8b4-d822-4a34-b527-25d93a666143"}}
[debug] [2025-10-01T21:28:48.033Z] Got source token 0a312fcf-3878-4101-9cef-48ae25b840af for region us-central1
[debug] [2025-10-01T21:28:58.043Z] [update-default-us-central1-sendEmailNotification] Retrying task index 0
[debug] [2025-10-01T21:28:58.044Z] Checked if tokens are valid: true, expires at: 1759356586532
[debug] [2025-10-01T21:28:58.044Z] Checked if tokens are valid: true, expires at: 1759356586532
[debug] [2025-10-01T21:28:58.044Z] >>> [apiv2][query] GET https://cloudfunctions.googleapis.com/v1/operations/ZW5kLW9mLXRpbWUtOTRjZDMvdXMtY2VudHJhbDEvc2VuZEVtYWlsTm90aWZpY2F0aW9uL01UNzN1bmNGWGdv [none]
[debug] [2025-10-01T21:28:58.563Z] <<< [apiv2][status] GET https://cloudfunctions.googleapis.com/v1/operations/ZW5kLW9mLXRpbWUtOTRjZDMvdXMtY2VudHJhbDEvc2VuZEVtYWlsTm90aWZpY2F0aW9uL01UNzN1bmNGWGdv 200
[debug] [2025-10-01T21:28:58.563Z] <<< [apiv2][body] GET https://cloudfunctions.googleapis.com/v1/operations/ZW5kLW9mLXRpbWUtOTRjZDMvdXMtY2VudHJhbDEvc2VuZEVtYWlsTm90aWZpY2F0aW9uL01UNzN1bmNGWGdv {"name":"operations/ZW5kLW9mLXRpbWUtOTRjZDMvdXMtY2VudHJhbDEvc2VuZEVtYWlsTm90aWZpY2F0aW9uL01UNzN1bmNGWGdv","metadata":{"@type":"type.googleapis.com/google.cloud.functions.v1.OperationMetadataV1","target":"projects/end-of-time-94cd3/locations/us-central1/functions/sendEmailNotification","type":"UPDATE_FUNCTION","request":{"@type":"type.googleapis.com/google.cloud.functions.v1.CloudFunction","name":"projects/end-of-time-94cd3/locations/us-central1/functions/sendEmailNotification","eventTrigger":{"eventType":"providers/cloud.firestore/eventTypes/document.create","resource":"projects/end-of-time-94cd3/databases/(default)/documents/emailQueue/{docId}","service":"firestore.googleapis.com"},"status":"ACTIVE","entryPoint":"sendEmailNotification","updateTime":"2025-10-01T21:20:17.628Z","versionId":"1","labels":{"deployment-tool":"cli-firebase","firebase-functions-hash":"38be96f969decf62c34c705495486f4a4c86c905"},"sourceUploadUrl":"https://storage.googleapis.com/uploads-942337535895.us-central1.cloudfunctions.appspot.com/95f129e4-5e1f-448e-9206-84767abc07a5.zip?GoogleAccessId=service-628602476853@gcf-admin-robot.iam.gserviceaccount.com&Expires=1759355778&Signature=C21O0SjQ9e3AZt5PFAP%2FcOJbiQSe5vGInHMXQrTtCQ3oAc1dDfvyVhTMs2SwUJXEHnOJ16B087suA%2F%2FaseogGYb8LUblvN89EdDDit8ePRe%2FSiZXy5E5cKcNf4JGnbcdu5Sy9PuYhZZXLWEozUn48%2BzBxk52OckxoHnjL%2BrgctUKMMtd57uDO4iVAiROuef6LvYQIxHNvWz2egmvqSR3R3nf5KACi0jAv3kcBic5XgKTHz43lSBX3k0FR5x8lht5dfxYNWVwBmh547q%2BHJHVaobxqe2oIILfNIjvol77hfzp1sepP%2FwiMTQbW1WMH%2FkJHLlnBihvTmMoeJzb8xR%2F0w%3D%3D","environmentVariables":{"FIREBASE_CONFIG":"{\"projectId\":\"end-of-time-94cd3\",\"storageBucket\":\"end-of-time-94cd3.firebasestorage.app\"}","GCLOUD_PROJECT":"end-of-time-94cd3","EVENTARC_CLOUD_EVENT_SOURCE":"projects/end-of-time-94cd3/locations/us-central1/functions/sendEmailNotification"},"runtime":"nodejs18","buildId":"0dfde81f-3944-471f-9606-8a11b2240aec","buildEnvironmentVariables":{"GOOGLE_NODE_RUN_SCRIPTS":""},"sourceToken":"0a312fcf-3878-4101-9cef-48ae25b840af","buildName":"projects/628602476853/locations/us-central1/builds/0dfde81f-3944-471f-9606-8a11b2240aec","dockerRegistry":"ARTIFACT_REGISTRY","automaticUpdatePolicy":{},"buildServiceAccount":"projects/end-of-time-94cd3/serviceAccounts/628602476853-compute@developer.gserviceaccount.com"},"versionId":"2","updateTime":"2025-10-01T21:27:35Z","buildId":"6a11c8b4-d822-4a34-b527-25d93a666143","sourceToken":"0a312fcf-3878-4101-9cef-48ae25b840af","buildName":"projects/628602476853/locations/us-central1/builds/6a11c8b4-d822-4a34-b527-25d93a666143"}}
[debug] [2025-10-01T21:28:58.563Z] Got source token 0a312fcf-3878-4101-9cef-48ae25b840af for region us-central1
[debug] [2025-10-01T21:29:08.564Z] [update-default-us-central1-sendEmailNotification] Retrying task index 0
[debug] [2025-10-01T21:29:08.564Z] Checked if tokens are valid: true, expires at: 1759356586532
[debug] [2025-10-01T21:29:08.564Z] Checked if tokens are valid: true, expires at: 1759356586532
[debug] [2025-10-01T21:29:08.564Z] >>> [apiv2][query] GET https://cloudfunctions.googleapis.com/v1/operations/ZW5kLW9mLXRpbWUtOTRjZDMvdXMtY2VudHJhbDEvc2VuZEVtYWlsTm90aWZpY2F0aW9uL01UNzN1bmNGWGdv [none]
[debug] [2025-10-01T21:29:09.151Z] <<< [apiv2][status] GET https://cloudfunctions.googleapis.com/v1/operations/ZW5kLW9mLXRpbWUtOTRjZDMvdXMtY2VudHJhbDEvc2VuZEVtYWlsTm90aWZpY2F0aW9uL01UNzN1bmNGWGdv 200
[debug] [2025-10-01T21:29:09.152Z] <<< [apiv2][body] GET https://cloudfunctions.googleapis.com/v1/operations/ZW5kLW9mLXRpbWUtOTRjZDMvdXMtY2VudHJhbDEvc2VuZEVtYWlsTm90aWZpY2F0aW9uL01UNzN1bmNGWGdv {"name":"operations/ZW5kLW9mLXRpbWUtOTRjZDMvdXMtY2VudHJhbDEvc2VuZEVtYWlsTm90aWZpY2F0aW9uL01UNzN1bmNGWGdv","metadata":{"@type":"type.googleapis.com/google.cloud.functions.v1.OperationMetadataV1","target":"projects/end-of-time-94cd3/locations/us-central1/functions/sendEmailNotification","type":"UPDATE_FUNCTION","request":{"@type":"type.googleapis.com/google.cloud.functions.v1.CloudFunction","name":"projects/end-of-time-94cd3/locations/us-central1/functions/sendEmailNotification","eventTrigger":{"eventType":"providers/cloud.firestore/eventTypes/document.create","resource":"projects/end-of-time-94cd3/databases/(default)/documents/emailQueue/{docId}","service":"firestore.googleapis.com"},"status":"ACTIVE","entryPoint":"sendEmailNotification","updateTime":"2025-10-01T21:20:17.628Z","versionId":"1","labels":{"deployment-tool":"cli-firebase","firebase-functions-hash":"38be96f969decf62c34c705495486f4a4c86c905"},"sourceUploadUrl":"https://storage.googleapis.com/uploads-942337535895.us-central1.cloudfunctions.appspot.com/95f129e4-5e1f-448e-9206-84767abc07a5.zip?GoogleAccessId=service-628602476853@gcf-admin-robot.iam.gserviceaccount.com&Expires=1759355778&Signature=C21O0SjQ9e3AZt5PFAP%2FcOJbiQSe5vGInHMXQrTtCQ3oAc1dDfvyVhTMs2SwUJXEHnOJ16B087suA%2F%2FaseogGYb8LUblvN89EdDDit8ePRe%2FSiZXy5E5cKcNf4JGnbcdu5Sy9PuYhZZXLWEozUn48%2BzBxk52OckxoHnjL%2BrgctUKMMtd57uDO4iVAiROuef6LvYQIxHNvWz2egmvqSR3R3nf5KACi0jAv3kcBic5XgKTHz43lSBX3k0FR5x8lht5dfxYNWVwBmh547q%2BHJHVaobxqe2oIILfNIjvol77hfzp1sepP%2FwiMTQbW1WMH%2FkJHLlnBihvTmMoeJzb8xR%2F0w%3D%3D","environmentVariables":{"FIREBASE_CONFIG":"{\"projectId\":\"end-of-time-94cd3\",\"storageBucket\":\"end-of-time-94cd3.firebasestorage.app\"}","GCLOUD_PROJECT":"end-of-time-94cd3","EVENTARC_CLOUD_EVENT_SOURCE":"projects/end-of-time-94cd3/locations/us-central1/functions/sendEmailNotification"},"runtime":"nodejs18","buildId":"0dfde81f-3944-471f-9606-8a11b2240aec","buildEnvironmentVariables":{"GOOGLE_NODE_RUN_SCRIPTS":""},"sourceToken":"0a312fcf-3878-4101-9cef-48ae25b840af","buildName":"projects/628602476853/locations/us-central1/builds/0dfde81f-3944-471f-9606-8a11b2240aec","dockerRegistry":"ARTIFACT_REGISTRY","automaticUpdatePolicy":{},"buildServiceAccount":"projects/end-of-time-94cd3/serviceAccounts/628602476853-compute@developer.gserviceaccount.com"},"versionId":"2","updateTime":"2025-10-01T21:27:35Z","buildId":"6a11c8b4-d822-4a34-b527-25d93a666143","sourceToken":"0a312fcf-3878-4101-9cef-48ae25b840af","buildName":"projects/628602476853/locations/us-central1/builds/6a11c8b4-d822-4a34-b527-25d93a666143"}}
[debug] [2025-10-01T21:29:09.152Z] Got source token 0a312fcf-3878-4101-9cef-48ae25b840af for region us-central1
[debug] [2025-10-01T21:29:19.157Z] [update-default-us-central1-sendEmailNotification] Retrying task index 0
[debug] [2025-10-01T21:29:19.157Z] Checked if tokens are valid: true, expires at: 1759356586532
[debug] [2025-10-01T21:29:19.157Z] Checked if tokens are valid: true, expires at: 1759356586532
[debug] [2025-10-01T21:29:19.157Z] >>> [apiv2][query] GET https://cloudfunctions.googleapis.com/v1/operations/ZW5kLW9mLXRpbWUtOTRjZDMvdXMtY2VudHJhbDEvc2VuZEVtYWlsTm90aWZpY2F0aW9uL01UNzN1bmNGWGdv [none]
[debug] [2025-10-01T21:29:19.656Z] <<< [apiv2][status] GET https://cloudfunctions.googleapis.com/v1/operations/ZW5kLW9mLXRpbWUtOTRjZDMvdXMtY2VudHJhbDEvc2VuZEVtYWlsTm90aWZpY2F0aW9uL01UNzN1bmNGWGdv 200
[debug] [2025-10-01T21:29:19.656Z] <<< [apiv2][body] GET https://cloudfunctions.googleapis.com/v1/operations/ZW5kLW9mLXRpbWUtOTRjZDMvdXMtY2VudHJhbDEvc2VuZEVtYWlsTm90aWZpY2F0aW9uL01UNzN1bmNGWGdv {"name":"operations/ZW5kLW9mLXRpbWUtOTRjZDMvdXMtY2VudHJhbDEvc2VuZEVtYWlsTm90aWZpY2F0aW9uL01UNzN1bmNGWGdv","metadata":{"@type":"type.googleapis.com/google.cloud.functions.v1.OperationMetadataV1","target":"projects/end-of-time-94cd3/locations/us-central1/functions/sendEmailNotification","type":"UPDATE_FUNCTION","request":{"@type":"type.googleapis.com/google.cloud.functions.v1.CloudFunction","name":"projects/end-of-time-94cd3/locations/us-central1/functions/sendEmailNotification","eventTrigger":{"eventType":"providers/cloud.firestore/eventTypes/document.create","resource":"projects/end-of-time-94cd3/databases/(default)/documents/emailQueue/{docId}","service":"firestore.googleapis.com"},"status":"ACTIVE","entryPoint":"sendEmailNotification","updateTime":"2025-10-01T21:20:17.628Z","versionId":"1","labels":{"deployment-tool":"cli-firebase","firebase-functions-hash":"38be96f969decf62c34c705495486f4a4c86c905"},"sourceUploadUrl":"https://storage.googleapis.com/uploads-942337535895.us-central1.cloudfunctions.appspot.com/95f129e4-5e1f-448e-9206-84767abc07a5.zip?GoogleAccessId=service-628602476853@gcf-admin-robot.iam.gserviceaccount.com&Expires=1759355778&Signature=C21O0SjQ9e3AZt5PFAP%2FcOJbiQSe5vGInHMXQrTtCQ3oAc1dDfvyVhTMs2SwUJXEHnOJ16B087suA%2F%2FaseogGYb8LUblvN89EdDDit8ePRe%2FSiZXy5E5cKcNf4JGnbcdu5Sy9PuYhZZXLWEozUn48%2BzBxk52OckxoHnjL%2BrgctUKMMtd57uDO4iVAiROuef6LvYQIxHNvWz2egmvqSR3R3nf5KACi0jAv3kcBic5XgKTHz43lSBX3k0FR5x8lht5dfxYNWVwBmh547q%2BHJHVaobxqe2oIILfNIjvol77hfzp1sepP%2FwiMTQbW1WMH%2FkJHLlnBihvTmMoeJzb8xR%2F0w%3D%3D","environmentVariables":{"FIREBASE_CONFIG":"{\"projectId\":\"end-of-time-94cd3\",\"storageBucket\":\"end-of-time-94cd3.firebasestorage.app\"}","GCLOUD_PROJECT":"end-of-time-94cd3","EVENTARC_CLOUD_EVENT_SOURCE":"projects/end-of-time-94cd3/locations/us-central1/functions/sendEmailNotification"},"runtime":"nodejs18","buildId":"0dfde81f-3944-471f-9606-8a11b2240aec","buildEnvironmentVariables":{"GOOGLE_NODE_RUN_SCRIPTS":""},"sourceToken":"0a312fcf-3878-4101-9cef-48ae25b840af","buildName":"projects/628602476853/locations/us-central1/builds/0dfde81f-3944-471f-9606-8a11b2240aec","dockerRegistry":"ARTIFACT_REGISTRY","automaticUpdatePolicy":{},"buildServiceAccount":"projects/end-of-time-94cd3/serviceAccounts/628602476853-compute@developer.gserviceaccount.com"},"versionId":"2","updateTime":"2025-10-01T21:29:08Z","buildId":"6a11c8b4-d822-4a34-b527-25d93a666143","sourceToken":"0a312fcf-3878-4101-9cef-48ae25b840af","buildName":"projects/628602476853/locations/us-central1/builds/6a11c8b4-d822-4a34-b527-25d93a666143"},"done":true,"response":{"@type":"type.googleapis.com/google.cloud.functions.v1.CloudFunction","name":"projects/end-of-time-94cd3/locations/us-central1/functions/sendEmailNotification","eventTrigger":{"eventType":"providers/cloud.firestore/eventTypes/document.create","resource":"projects/end-of-time-94cd3/databases/(default)/documents/emailQueue/{docId}","service":"firestore.googleapis.com","failurePolicy":{}},"status":"ACTIVE","entryPoint":"sendEmailNotification","timeout":"60s","availableMemoryMb":256,"serviceAccountEmail":"end-of-time-94cd3@appspot.gserviceaccount.com","updateTime":"2025-10-01T21:29:08.717Z","versionId":"2","labels":{"deployment-tool":"cli-firebase","firebase-functions-hash":"38be96f969decf62c34c705495486f4a4c86c905"},"sourceUploadUrl":"https://storage.googleapis.com/uploads-942337535895.us-central1.cloudfunctions.appspot.com/95f129e4-5e1f-448e-9206-84767abc07a5.zip","environmentVariables":{"FIREBASE_CONFIG":"{\"projectId\":\"end-of-time-94cd3\",\"storageBucket\":\"end-of-time-94cd3.firebasestorage.app\"}","GCLOUD_PROJECT":"end-of-time-94cd3","EVENTARC_CLOUD_EVENT_SOURCE":"projects/end-of-time-94cd3/locations/us-central1/functions/sendEmailNotification"},"runtime":"nodejs18","maxInstances":3000,"ingressSettings":"ALLOW_ALL","buildId":"6a11c8b4-d822-4a34-b527-25d93a666143","buildEnvironmentVariables":{"GOOGLE_NODE_RUN_SCRIPTS":""},"buildName":"projects/628602476853/locations/us-central1/builds/6a11c8b4-d822-4a34-b527-25d93a666143","dockerRegistry":"ARTIFACT_REGISTRY","automaticUpdatePolicy":{},"buildServiceAccount":"projects/end-of-time-94cd3/serviceAccounts/628602476853-compute@developer.gserviceaccount.com"}}
[debug] [2025-10-01T21:29:19.656Z] Got source token 0a312fcf-3878-4101-9cef-48ae25b840af for region us-central1
[info] +  functions[sendEmailNotification(us-central1)] Successful update operation. 
[debug] [2025-10-01T21:29:19.660Z] Total Function Deployment time: 174000
[debug] [2025-10-01T21:29:19.660Z] 2 Functions Deployed
[debug] [2025-10-01T21:29:19.660Z] 1 Functions Errored
[debug] [2025-10-01T21:29:19.660Z] 0 Function Deployments Aborted
[debug] [2025-10-01T21:29:19.660Z] Average Function Deployment time: 127905
[info] 
[info] Functions deploy had errors with the following functions:
	onInteractionCreate(us-central1)
[debug] [2025-10-01T21:29:20.050Z] Checked if tokens are valid: true, expires at: 1759356586532
[debug] [2025-10-01T21:29:20.050Z] Checked if tokens are valid: true, expires at: 1759356586532
[debug] [2025-10-01T21:29:20.050Z] >>> [apiv2][query] GET https://artifactregistry.googleapis.com/v1/projects/end-of-time-94cd3/locations/us-central1/repositories/gcf-artifacts [none]
[debug] [2025-10-01T21:29:21.292Z] <<< [apiv2][status] GET https://artifactregistry.googleapis.com/v1/projects/end-of-time-94cd3/locations/us-central1/repositories/gcf-artifacts 200
[debug] [2025-10-01T21:29:21.292Z] <<< [apiv2][body] GET https://artifactregistry.googleapis.com/v1/projects/end-of-time-94cd3/locations/us-central1/repositories/gcf-artifacts {"name":"projects/end-of-time-94cd3/locations/us-central1/repositories/gcf-artifacts","format":"DOCKER","description":"This repository is created and used by Cloud Functions for storing function docker images.","labels":{"goog-managed-by":"cloudfunctions"},"createTime":"2025-08-12T15:11:38.287758Z","updateTime":"2025-10-01T21:27:17.971241Z","mode":"STANDARD_REPOSITORY","cleanupPolicies":{"firebase-functions-cleanup":{"id":"firebase-functions-cleanup","action":"DELETE","condition":{"tagState":"ANY","olderThan":"86400s"}}},"sizeBytes":"1144561594","vulnerabilityScanningConfig":{"lastEnableTime":"2025-08-12T15:11:22.961152282Z","enablementState":"SCANNING_DISABLED","enablementStateReason":"API containerscanning.googleapis.com is not enabled."},"satisfiesPzi":true,"registryUri":"us-central1-docker.pkg.dev/end-of-time-94cd3/gcf-artifacts"}
[debug] [2025-10-01T21:29:21.292Z] Functions deploy failed.
[debug] [2025-10-01T21:29:21.292Z] {
  "endpoint": {
    "id": "onInteractionCreate",
    "project": "end-of-time-94cd3",
    "region": "us-central1",
    "entryPoint": "onInteractionCreate",
    "platform": "gcfv1",
    "runtime": "nodejs18",
    "eventTrigger": {
      "eventType": "providers/cloud.firestore/eventTypes/document.create",
      "retry": false,
      "eventFilters": {
        "resource": "projects/end-of-time-94cd3/databases/(default)/documents/prayers/{prayerId}/interactions/{interactionId}"
      }
    },
    "labels": {
      "deployment-tool": "cli-firebase"
    },
    "serviceAccount": null,
    "ingressSettings": null,
    "availableMemoryMb": null,
    "timeoutSeconds": null,
    "maxInstances": null,
    "minInstances": null,
    "vpc": null,
    "environmentVariables": {
      "FIREBASE_CONFIG": "{\"projectId\":\"end-of-time-94cd3\",\"storageBucket\":\"end-of-time-94cd3.firebasestorage.app\"}",
      "GCLOUD_PROJECT": "end-of-time-94cd3",
      "EVENTARC_CLOUD_EVENT_SOURCE": "projects/end-of-time-94cd3/locations/us-central1/functions/onInteractionCreate"
    },
    "codebase": "default",
    "targetedByOnly": false,
    "hash": "38be96f969decf62c34c705495486f4a4c86c905"
  },
  "op": "create",
  "original": {
    "name": "FirebaseError",
    "children": [],
    "exit": 1,
    "message": "Gen1 operation for function projects/end-of-time-94cd3/locations/us-central1/functions/onInteractionCreate failed: Function failed on loading user code. This is likely due to a bug in the user code. Error message: Function 'onInteractionCreate' is not defined in the provided module.\nDid you specify the correct target function to execute?\nCould not load the function, shutting down.. Please visit https://cloud.google.com/functions/docs/troubleshooting for in-depth troubleshooting documentation..",
    "original": {
      "code": 3,
      "message": "Gen1 operation for function projects/end-of-time-94cd3/locations/us-central1/functions/onInteractionCreate failed: Function failed on loading user code. This is likely due to a bug in the user code. Error message: Function 'onInteractionCreate' is not defined in the provided module.\nDid you specify the correct target function to execute?\nCould not load the function, shutting down.. Please visit https://cloud.google.com/functions/docs/troubleshooting for in-depth troubleshooting documentation.."
    },
    "status": 3,
    "code": 3
  }
}
[debug] [2025-10-01T21:29:21.481Z] Error: Failed to create function onInteractionCreate in region us-central1
    at C:\Users\fanel\AppData\Roaming\npm\node_modules\firebase-tools\lib\deploy\functions\release\fabricator.js:52:11
    at process.processTicksAndRejections (node:internal/process/task_queues:105:5)
    at async Fabricator.createV1Function (C:\Users\fanel\AppData\Roaming\npm\node_modules\firebase-tools\lib\deploy\functions\release\fabricator.js:182:32)
    at async Fabricator.createEndpoint (C:\Users\fanel\AppData\Roaming\npm\node_modules\firebase-tools\lib\deploy\functions\release\fabricator.js:134:13)
    at async handle (C:\Users\fanel\AppData\Roaming\npm\node_modules\firebase-tools\lib\deploy\functions\release\fabricator.js:89:17)
[error] 
[error] Error: There was an error deploying functions
[debug] [2025-10-01T21:30:14.047Z] ----------------------------------------------------------------------
[debug] [2025-10-01T21:30:14.050Z] Command:       C:\Program Files\nodejs\node.exe C:\Users\fanel\AppData\Roaming\npm\node_modules\firebase-tools\lib\bin\firebase.js deploy --only functions
[debug] [2025-10-01T21:30:14.050Z] CLI Version:   14.12.0
[debug] [2025-10-01T21:30:14.050Z] Platform:      win32
[debug] [2025-10-01T21:30:14.050Z] Node Version:  v24.5.0
[debug] [2025-10-01T21:30:14.050Z] Time:          Wed Oct 01 2025 23:30:14 GMT+0200 (South Africa Standard Time)
[debug] [2025-10-01T21:30:14.050Z] ----------------------------------------------------------------------
[debug] 
[debug] [2025-10-01T21:30:14.209Z] > command requires scopes: ["email","openid","https://www.googleapis.com/auth/cloudplatformprojects.readonly","https://www.googleapis.com/auth/firebase","https://www.googleapis.com/auth/cloud-platform"]
[debug] [2025-10-01T21:30:14.210Z] > authorizing via signed-in user (fanelesibonge50@gmail.com)
[debug] [2025-10-01T21:30:14.210Z] [iam] checking project end-of-time-94cd3 for permissions ["cloudfunctions.functions.create","cloudfunctions.functions.delete","cloudfunctions.functions.get","cloudfunctions.functions.list","cloudfunctions.functions.update","cloudfunctions.operations.get","firebase.projects.get"]
[debug] [2025-10-01T21:30:14.211Z] Checked if tokens are valid: true, expires at: 1759356586532
[debug] [2025-10-01T21:30:14.211Z] Checked if tokens are valid: true, expires at: 1759356586532
[debug] [2025-10-01T21:30:14.212Z] >>> [apiv2][query] POST https://cloudresourcemanager.googleapis.com/v1/projects/end-of-time-94cd3:testIamPermissions [none]
[debug] [2025-10-01T21:30:14.212Z] >>> [apiv2][(partial)header] POST https://cloudresourcemanager.googleapis.com/v1/projects/end-of-time-94cd3:testIamPermissions x-goog-quota-user=projects/end-of-time-94cd3
[debug] [2025-10-01T21:30:14.212Z] >>> [apiv2][body] POST https://cloudresourcemanager.googleapis.com/v1/projects/end-of-time-94cd3:testIamPermissions {"permissions":["cloudfunctions.functions.create","cloudfunctions.functions.delete","cloudfunctions.functions.get","cloudfunctions.functions.list","cloudfunctions.functions.update","cloudfunctions.operations.get","firebase.projects.get"]}
[debug] [2025-10-01T21:30:16.018Z] <<< [apiv2][status] POST https://cloudresourcemanager.googleapis.com/v1/projects/end-of-time-94cd3:testIamPermissions 200
[debug] [2025-10-01T21:30:16.018Z] <<< [apiv2][body] POST https://cloudresourcemanager.googleapis.com/v1/projects/end-of-time-94cd3:testIamPermissions {"permissions":["cloudfunctions.functions.create","cloudfunctions.functions.delete","cloudfunctions.functions.get","cloudfunctions.functions.list","cloudfunctions.functions.update","cloudfunctions.operations.get","firebase.projects.get"]}
[debug] [2025-10-01T21:30:16.018Z] Checked if tokens are valid: true, expires at: 1759356586532
[debug] [2025-10-01T21:30:16.018Z] Checked if tokens are valid: true, expires at: 1759356586532
[debug] [2025-10-01T21:30:16.018Z] >>> [apiv2][query] POST https://iam.googleapis.com/v1/projects/end-of-time-94cd3/serviceAccounts/end-of-time-94cd3@appspot.gserviceaccount.com:testIamPermissions [none]
[debug] [2025-10-01T21:30:16.018Z] >>> [apiv2][body] POST https://iam.googleapis.com/v1/projects/end-of-time-94cd3/serviceAccounts/end-of-time-94cd3@appspot.gserviceaccount.com:testIamPermissions {"permissions":["iam.serviceAccounts.actAs"]}
[debug] [2025-10-01T21:30:17.811Z] <<< [apiv2][status] POST https://iam.googleapis.com/v1/projects/end-of-time-94cd3/serviceAccounts/end-of-time-94cd3@appspot.gserviceaccount.com:testIamPermissions 200
[debug] [2025-10-01T21:30:17.811Z] <<< [apiv2][body] POST https://iam.googleapis.com/v1/projects/end-of-time-94cd3/serviceAccounts/end-of-time-94cd3@appspot.gserviceaccount.com:testIamPermissions {"permissions":["iam.serviceAccounts.actAs"]}
[info] 
[info] === Deploying to 'end-of-time-94cd3'...
[info] 
[info] i  deploying functions 
[debug] [2025-10-01T21:30:17.813Z] Checked if tokens are valid: true, expires at: 1759356586532
[debug] [2025-10-01T21:30:17.813Z] Checked if tokens are valid: true, expires at: 1759356586532
[debug] [2025-10-01T21:30:17.813Z] >>> [apiv2][query] GET https://cloudresourcemanager.googleapis.com/v1/projects/end-of-time-94cd3 [none]
[debug] [2025-10-01T21:30:18.121Z] <<< [apiv2][status] GET https://cloudresourcemanager.googleapis.com/v1/projects/end-of-time-94cd3 200
[debug] [2025-10-01T21:30:18.121Z] <<< [apiv2][body] GET https://cloudresourcemanager.googleapis.com/v1/projects/end-of-time-94cd3 {"projectNumber":"628602476853","projectId":"end-of-time-94cd3","lifecycleState":"ACTIVE","name":"End of Time","labels":{"firebase":"enabled","firebase-core":"disabled"},"createTime":"2025-08-07T11:37:20.813282Z"}
[info] i  functions: preparing codebase default for deployment 
[info] i  functions: ensuring required API cloudfunctions.googleapis.com is enabled... 
[info] i  functions: ensuring required API cloudbuild.googleapis.com is enabled... 
[info] i  artifactregistry: ensuring required API artifactregistry.googleapis.com is enabled... 
[debug] [2025-10-01T21:30:18.122Z] Checked if tokens are valid: true, expires at: 1759356586532
[debug] [2025-10-01T21:30:18.122Z] Checked if tokens are valid: true, expires at: 1759356586532
[debug] [2025-10-01T21:30:18.122Z] >>> [apiv2][query] GET https://firebase.googleapis.com/v1beta1/projects/end-of-time-94cd3/adminSdkConfig [none]
[debug] [2025-10-01T21:30:18.700Z] <<< [apiv2][status] GET https://firebase.googleapis.com/v1beta1/projects/end-of-time-94cd3/adminSdkConfig 200
[debug] [2025-10-01T21:30:18.701Z] <<< [apiv2][body] GET https://firebase.googleapis.com/v1beta1/projects/end-of-time-94cd3/adminSdkConfig {"projectId":"end-of-time-94cd3","storageBucket":"end-of-time-94cd3.firebasestorage.app"}
[debug] [2025-10-01T21:30:18.701Z] Checked if tokens are valid: true, expires at: 1759356586532
[debug] [2025-10-01T21:30:18.701Z] Checked if tokens are valid: true, expires at: 1759356586532
[debug] [2025-10-01T21:30:18.701Z] >>> [apiv2][query] GET https://runtimeconfig.googleapis.com/v1beta1/projects/end-of-time-94cd3/configs [none]
[debug] [2025-10-01T21:30:19.417Z] <<< [apiv2][status] GET https://runtimeconfig.googleapis.com/v1beta1/projects/end-of-time-94cd3/configs 200
[debug] [2025-10-01T21:30:19.418Z] <<< [apiv2][body] GET https://runtimeconfig.googleapis.com/v1beta1/projects/end-of-time-94cd3/configs {"configs":[{"name":"projects/end-of-time-94cd3/configs/email"}]}
[debug] [2025-10-01T21:30:19.418Z] Checked if tokens are valid: true, expires at: 1759356586532
[debug] [2025-10-01T21:30:19.418Z] Checked if tokens are valid: true, expires at: 1759356586532
[debug] [2025-10-01T21:30:19.418Z] >>> [apiv2][query] GET https://runtimeconfig.googleapis.com/v1beta1/projects/end-of-time-94cd3/configs/email/variables [none]
[debug] [2025-10-01T21:30:19.758Z] <<< [apiv2][status] GET https://runtimeconfig.googleapis.com/v1beta1/projects/end-of-time-94cd3/configs/email/variables 200
[debug] [2025-10-01T21:30:19.758Z] <<< [apiv2][body] GET https://runtimeconfig.googleapis.com/v1beta1/projects/end-of-time-94cd3/configs/email/variables {"variables":[{"name":"projects/end-of-time-94cd3/configs/email/variables/user","updateTime":"2025-08-15T10:57:09.375568404Z"},{"name":"projects/end-of-time-94cd3/configs/email/variables/pass","updateTime":"2025-08-15T10:58:03.038240785Z"}]}
[debug] [2025-10-01T21:30:19.759Z] Checked if tokens are valid: true, expires at: 1759356586532
[debug] [2025-10-01T21:30:19.759Z] Checked if tokens are valid: true, expires at: 1759356586532
[debug] [2025-10-01T21:30:19.759Z] Checked if tokens are valid: true, expires at: 1759356586532
[debug] [2025-10-01T21:30:19.759Z] Checked if tokens are valid: true, expires at: 1759356586532
[debug] [2025-10-01T21:30:19.759Z] >>> [apiv2][query] GET https://runtimeconfig.googleapis.com/v1beta1/projects/end-of-time-94cd3/configs/email/variables/user [none]
[debug] [2025-10-01T21:30:19.759Z] >>> [apiv2][query] GET https://runtimeconfig.googleapis.com/v1beta1/projects/end-of-time-94cd3/configs/email/variables/pass [none]
[debug] [2025-10-01T21:30:20.118Z] <<< [apiv2][status] GET https://runtimeconfig.googleapis.com/v1beta1/projects/end-of-time-94cd3/configs/email/variables/user 200
[debug] [2025-10-01T21:30:20.118Z] <<< [apiv2][body] GET https://runtimeconfig.googleapis.com/v1beta1/projects/end-of-time-94cd3/configs/email/variables/user {"name":"projects/end-of-time-94cd3/configs/email/variables/user","updateTime":"2025-08-15T10:57:09.375568404Z","text":"fanelesibonge50@gmail.com"}
[debug] [2025-10-01T21:30:20.283Z] <<< [apiv2][status] GET https://runtimeconfig.googleapis.com/v1beta1/projects/end-of-time-94cd3/configs/email/variables/pass 200
[debug] [2025-10-01T21:30:20.283Z] <<< [apiv2][body] GET https://runtimeconfig.googleapis.com/v1beta1/projects/end-of-time-94cd3/configs/email/variables/pass {"name":"projects/end-of-time-94cd3/configs/email/variables/pass","updateTime":"2025-08-15T10:58:03.038240785Z","text":"znpv nfbd lerz mhbi"}
[debug] [2025-10-01T21:30:20.284Z] Validating nodejs source
[warn] !  functions: Runtime Node.js 18 was deprecated on 2025-04-30 and will be decommissioned on 2025-10-30, after which you will not be able to deploy without upgrading. Consider upgrading now to avoid disruption. See https://cloud.google.com/functions/docs/runtime-support for full details on the lifecycle policy 
[warn] !  functions: package.json indicates an outdated version of firebase-functions. Please upgrade using npm install --save firebase-functions@latest in your functions directory. 
[warn] !  functions: Please note that there will be breaking changes when you upgrade. 
[debug] [2025-10-01T21:30:21.147Z] > [functions] package.json contents: {
  "name": "end-of-time-functions",
  "engines": {
    "node": "18"
  },
  "main": "index.js",
  "scripts": {
    "build": "tsc -p .",
    "deploy": "npm run build && firebase deploy --only functions"
  },
  "dependencies": {
    "firebase-admin": "^11.11.0",
    "firebase-functions": "^4.4.0",
    "node-fetch": "^3.3.2",
    "nodemailer": "^7.0.5"
  },
  "devDependencies": {
    "typescript": "^5.4.0"
  }
}
[debug] [2025-10-01T21:30:21.147Z] Building nodejs source
[info] i  functions: Loading and analyzing source code for codebase default to determine what to deploy 
[info] i  functions: You are using a version of firebase-functions SDK (4.9.0) that does not have support for the newest Firebase Extensions features. Please update firebase-functions SDK to >=5.1.0 to use them correctly 
[debug] [2025-10-01T21:30:21.148Z] Could not find functions.yaml. Must use http discovery
[debug] [2025-10-01T21:30:21.154Z] Found firebase-functions binary at 'C:\Users\fanel\Videos\Web App (End of Time)\VideoProc Converter - Copy - Copy - Copy (2) - Copy - Copy\functions\node_modules\.bin\firebase-functions'
[info] Serving at port 8843

[info] TypeScript compiled functions not available, using JS-only functions: The default Firebase app does not exist. Make sure you call initializeApp() before using any of the Firebase services.

[debug] [2025-10-01T21:30:21.693Z] Got response from /__/functions.yaml {"endpoints":{"sendEmailNotification":{"platform":"gcfv1","availableMemoryMb":null,"timeoutSeconds":null,"minInstances":null,"maxInstances":null,"ingressSettings":null,"serviceAccountEmail":null,"vpc":null,"eventTrigger":{"eventType":"providers/cloud.firestore/eventTypes/document.create","eventFilters":{"resource":"projects/end-of-time-94cd3/databases/(default)/documents/emailQueue/{docId}"},"retry":false},"labels":{},"entryPoint":"sendEmailNotification"}},"specVersion":"v1alpha1","requiredAPIs":[]}
[info] i  functions: preparing functions directory for uploading... 
[info] i  functions: packaged C:\Users\fanel\Videos\Web App (End of Time)\VideoProc Converter - Copy - Copy - Copy (2) - Copy - Copy\functions (43.39 KB) for uploading 
[debug] [2025-10-01T21:30:25.754Z] Checked if tokens are valid: true, expires at: 1759356586532
[debug] [2025-10-01T21:30:25.754Z] Checked if tokens are valid: true, expires at: 1759356586532
[debug] [2025-10-01T21:30:25.754Z] >>> [apiv2][query] GET https://cloudfunctions.googleapis.com/v1/projects/end-of-time-94cd3/locations/-/functions [none]
[debug] [2025-10-01T21:30:26.623Z] <<< [apiv2][status] GET https://cloudfunctions.googleapis.com/v1/projects/end-of-time-94cd3/locations/-/functions 200
[debug] [2025-10-01T21:30:26.623Z] <<< [apiv2][body] GET https://cloudfunctions.googleapis.com/v1/projects/end-of-time-94cd3/locations/-/functions {"functions":[{"name":"projects/end-of-time-94cd3/locations/us-central1/functions/onInteractionCreate","eventTrigger":{"eventType":"providers/cloud.firestore/eventTypes/document.create","resource":"projects/end-of-time-94cd3/databases/(default)/documents/prayers/{prayerId}/interactions/{interactionId}","service":"firestore.googleapis.com","failurePolicy":{}},"status":"OFFLINE","entryPoint":"onInteractionCreate","timeout":"60s","availableMemoryMb":256,"serviceAccountEmail":"end-of-time-94cd3@appspot.gserviceaccount.com","updateTime":"2025-10-01T21:27:38.399206696Z","versionId":"1","labels":{"deployment-tool":"cli-firebase","firebase-functions-hash":"38be96f969decf62c34c705495486f4a4c86c905"},"sourceUploadUrl":"https://storage.googleapis.com/uploads-942337535895.us-central1.cloudfunctions.appspot.com/95f129e4-5e1f-448e-9206-84767abc07a5.zip","environmentVariables":{"FIREBASE_CONFIG":"{\"projectId\":\"end-of-time-94cd3\",\"storageBucket\":\"end-of-time-94cd3.firebasestorage.app\"}","GCLOUD_PROJECT":"end-of-time-94cd3","EVENTARC_CLOUD_EVENT_SOURCE":"projects/end-of-time-94cd3/locations/us-central1/functions/onInteractionCreate"},"runtime":"nodejs18","maxInstances":3000,"ingressSettings":"ALLOW_ALL","buildId":"6a11c8b4-d822-4a34-b527-25d93a666143","buildEnvironmentVariables":{"GOOGLE_NODE_RUN_SCRIPTS":""},"buildName":"projects/628602476853/locations/us-central1/builds/6a11c8b4-d822-4a34-b527-25d93a666143","dockerRegistry":"ARTIFACT_REGISTRY","automaticUpdatePolicy":{},"buildServiceAccount":"projects/end-of-time-94cd3/serviceAccounts/628602476853-compute@developer.gserviceaccount.com","satisfiesPzi":true},{"name":"projects/end-of-time-94cd3/locations/us-central1/functions/sendEmailNotification","eventTrigger":{"eventType":"providers/cloud.firestore/eventTypes/document.create","resource":"projects/end-of-time-94cd3/databases/(default)/documents/emailQueue/{docId}","service":"firestore.googleapis.com","failurePolicy":{}},"status":"ACTIVE","entryPoint":"sendEmailNotification","timeout":"60s","availableMemoryMb":256,"serviceAccountEmail":"end-of-time-94cd3@appspot.gserviceaccount.com","updateTime":"2025-10-01T21:29:08.717Z","versionId":"2","labels":{"deployment-tool":"cli-firebase","firebase-functions-hash":"38be96f969decf62c34c705495486f4a4c86c905"},"sourceUploadUrl":"https://storage.googleapis.com/uploads-942337535895.us-central1.cloudfunctions.appspot.com/95f129e4-5e1f-448e-9206-84767abc07a5.zip","environmentVariables":{"FIREBASE_CONFIG":"{\"projectId\":\"end-of-time-94cd3\",\"storageBucket\":\"end-of-time-94cd3.firebasestorage.app\"}","GCLOUD_PROJECT":"end-of-time-94cd3","EVENTARC_CLOUD_EVENT_SOURCE":"projects/end-of-time-94cd3/locations/us-central1/functions/sendEmailNotification"},"runtime":"nodejs18","maxInstances":3000,"ingressSettings":"ALLOW_ALL","buildId":"6a11c8b4-d822-4a34-b527-25d93a666143","buildEnvironmentVariables":{"GOOGLE_NODE_RUN_SCRIPTS":""},"buildName":"projects/628602476853/locations/us-central1/builds/6a11c8b4-d822-4a34-b527-25d93a666143","dockerRegistry":"ARTIFACT_REGISTRY","automaticUpdatePolicy":{},"buildServiceAccount":"projects/end-of-time-94cd3/serviceAccounts/628602476853-compute@developer.gserviceaccount.com","satisfiesPzi":true}]}
[debug] [2025-10-01T21:30:26.624Z] Checked if tokens are valid: true, expires at: 1759356586532
[debug] [2025-10-01T21:30:26.624Z] Checked if tokens are valid: true, expires at: 1759356586532
[debug] [2025-10-01T21:30:26.624Z] >>> [apiv2][query] GET https://cloudfunctions.googleapis.com/v2/projects/end-of-time-94cd3/locations/-/functions filter=environment%3D%22GEN_2%22
[debug] [2025-10-01T21:30:27.718Z] <<< [apiv2][status] GET https://cloudfunctions.googleapis.com/v2/projects/end-of-time-94cd3/locations/-/functions 200
[debug] [2025-10-01T21:30:27.719Z] <<< [apiv2][body] GET https://cloudfunctions.googleapis.com/v2/projects/end-of-time-94cd3/locations/-/functions {}
[debug] [2025-10-01T21:30:27.721Z] Checked if tokens are valid: true, expires at: 1759356586532
[debug] [2025-10-01T21:30:27.722Z] Checked if tokens are valid: true, expires at: 1759356586532
[debug] [2025-10-01T21:30:27.722Z] >>> [apiv2][query] GET https://cloudresourcemanager.googleapis.com/v1/projects/end-of-time-94cd3 [none]
[debug] [2025-10-01T21:30:29.357Z] <<< [apiv2][status] GET https://cloudresourcemanager.googleapis.com/v1/projects/end-of-time-94cd3 200
[debug] [2025-10-01T21:30:29.357Z] <<< [apiv2][body] GET https://cloudresourcemanager.googleapis.com/v1/projects/end-of-time-94cd3 {"projectNumber":"628602476853","projectId":"end-of-time-94cd3","lifecycleState":"ACTIVE","name":"End of Time","labels":{"firebase":"enabled","firebase-core":"disabled"},"createTime":"2025-08-07T11:37:20.813282Z"}
[debug] [2025-10-01T21:30:29.358Z] Checked if tokens are valid: true, expires at: 1759356586532
[debug] [2025-10-01T21:30:29.358Z] Checked if tokens are valid: true, expires at: 1759356586532
[debug] [2025-10-01T21:30:29.358Z] >>> [apiv2][query] POST https://cloudfunctions.googleapis.com/v1/projects/end-of-time-94cd3/locations/us-central1/functions:generateUploadUrl [none]
[debug] [2025-10-01T21:30:29.358Z] >>> [apiv2][body] POST https://cloudfunctions.googleapis.com/v1/projects/end-of-time-94cd3/locations/us-central1/functions:generateUploadUrl {}
[debug] [2025-10-01T21:30:30.025Z] <<< [apiv2][status] POST https://cloudfunctions.googleapis.com/v1/projects/end-of-time-94cd3/locations/us-central1/functions:generateUploadUrl 200
[debug] [2025-10-01T21:30:30.026Z] <<< [apiv2][body] POST https://cloudfunctions.googleapis.com/v1/projects/end-of-time-94cd3/locations/us-central1/functions:generateUploadUrl {"uploadUrl":"https://storage.googleapis.com/uploads-942337535895.us-central1.cloudfunctions.appspot.com/9e8b8734-afaf-4b5d-a490-b593c3eb9bff.zip?GoogleAccessId=service-628602476853@gcf-admin-robot.iam.gserviceaccount.com&Expires=1759356027&Signature=PnykkmW94HtW3muhOB%2FlyPHsXM25rzLSNrFqs7XKu6HYd8zf3693aeY9k1NGrJVMdW2Rj1WTFdOvNq3KAkjr8l3%2B5%2BTz9IHlkSuDk8vR%2Fhu8bwZbDsMZQ%2BI0sG60mFkJ7ujAQq1u7RNX2JOMOcWHMKievAHfY22DWEzn6lDbsm2wIKjHGaAFjKjLNcqhcdeeLZSuqNVdJtzgL%2FSzJAukTrdgWdMNhok4jkNWNq4vRcUONz6IXJf47Zf795x5lwUEC2YJ7ADddL%2F8WJvswQTjidzEmqFHlHxqFcKPV4BbIfu1ga1k1GUiWaN5ldwYFkO38Trj7vGSO7HpjJD6S0X8rQ%3D%3D"}
[debug] [2025-10-01T21:30:30.026Z] >>> [apiv2][query] PUT https://storage.googleapis.com/uploads-942337535895.us-central1.cloudfunctions.appspot.com/9e8b8734-afaf-4b5d-a490-b593c3eb9bff.zip GoogleAccessId=service-628602476853%40gcf-admin-robot.iam.gserviceaccount.com&Expires=1759356027&Signature=PnykkmW94HtW3muhOB%2FlyPHsXM25rzLSNrFqs7XKu6HYd8zf3693aeY9k1NGrJVMdW2Rj1WTFdOvNq3KAkjr8l3%2B5%2BTz9IHlkSuDk8vR%2Fhu8bwZbDsMZQ%2BI0sG60mFkJ7ujAQq1u7RNX2JOMOcWHMKievAHfY22DWEzn6lDbsm2wIKjHGaAFjKjLNcqhcdeeLZSuqNVdJtzgL%2FSzJAukTrdgWdMNhok4jkNWNq4vRcUONz6IXJf47Zf795x5lwUEC2YJ7ADddL%2F8WJvswQTjidzEmqFHlHxqFcKPV4BbIfu1ga1k1GUiWaN5ldwYFkO38Trj7vGSO7HpjJD6S0X8rQ%3D%3D
[debug] [2025-10-01T21:30:30.026Z] >>> [apiv2][body] PUT https://storage.googleapis.com/uploads-942337535895.us-central1.cloudfunctions.appspot.com/9e8b8734-afaf-4b5d-a490-b593c3eb9bff.zip [stream]
[debug] [2025-10-01T21:30:30.918Z] <<< [apiv2][status] PUT https://storage.googleapis.com/uploads-942337535895.us-central1.cloudfunctions.appspot.com/9e8b8734-afaf-4b5d-a490-b593c3eb9bff.zip 200
[debug] [2025-10-01T21:30:30.918Z] <<< [apiv2][body] PUT https://storage.googleapis.com/uploads-942337535895.us-central1.cloudfunctions.appspot.com/9e8b8734-afaf-4b5d-a490-b593c3eb9bff.zip [omitted]
[info] +  functions: functions folder uploaded successfully 
[error] 
[error] Error: The following functions are found in your project but do not exist in your local source code:
	onInteractionCreate(us-central1)

Aborting because deletion cannot proceed in non-interactive mode. To fix, manually delete the functions by running:
	firebase functions:delete onInteractionCreate --region us-central1
[debug] [2025-10-01T21:30:46.575Z] ----------------------------------------------------------------------
[debug] [2025-10-01T21:30:46.577Z] Command:       C:\Program Files\nodejs\node.exe C:\Users\fanel\AppData\Roaming\npm\node_modules\firebase-tools\lib\bin\firebase.js functions:delete onInteractionCreate --region us-central1 --force
[debug] [2025-10-01T21:30:46.578Z] CLI Version:   14.12.0
[debug] [2025-10-01T21:30:46.578Z] Platform:      win32
[debug] [2025-10-01T21:30:46.578Z] Node Version:  v24.5.0
[debug] [2025-10-01T21:30:46.578Z] Time:          Wed Oct 01 2025 23:30:46 GMT+0200 (South Africa Standard Time)
[debug] [2025-10-01T21:30:46.578Z] ----------------------------------------------------------------------
[debug] 
[debug] [2025-10-01T21:30:46.726Z] > command requires scopes: ["email","openid","https://www.googleapis.com/auth/cloudplatformprojects.readonly","https://www.googleapis.com/auth/firebase","https://www.googleapis.com/auth/cloud-platform"]
[debug] [2025-10-01T21:30:46.727Z] > authorizing via signed-in user (fanelesibonge50@gmail.com)
[debug] [2025-10-01T21:30:46.727Z] [iam] checking project end-of-time-94cd3 for permissions ["cloudfunctions.functions.delete","cloudfunctions.functions.list","firebase.projects.get"]
[debug] [2025-10-01T21:30:46.728Z] Checked if tokens are valid: true, expires at: 1759356586532
[debug] [2025-10-01T21:30:46.728Z] Checked if tokens are valid: true, expires at: 1759356586532
[debug] [2025-10-01T21:30:46.729Z] >>> [apiv2][query] POST https://cloudresourcemanager.googleapis.com/v1/projects/end-of-time-94cd3:testIamPermissions [none]
[debug] [2025-10-01T21:30:46.729Z] >>> [apiv2][(partial)header] POST https://cloudresourcemanager.googleapis.com/v1/projects/end-of-time-94cd3:testIamPermissions x-goog-quota-user=projects/end-of-time-94cd3
[debug] [2025-10-01T21:30:46.729Z] >>> [apiv2][body] POST https://cloudresourcemanager.googleapis.com/v1/projects/end-of-time-94cd3:testIamPermissions {"permissions":["cloudfunctions.functions.delete","cloudfunctions.functions.list","firebase.projects.get"]}
[debug] [2025-10-01T21:30:48.357Z] <<< [apiv2][status] POST https://cloudresourcemanager.googleapis.com/v1/projects/end-of-time-94cd3:testIamPermissions 200
[debug] [2025-10-01T21:30:48.358Z] <<< [apiv2][body] POST https://cloudresourcemanager.googleapis.com/v1/projects/end-of-time-94cd3:testIamPermissions {"permissions":["cloudfunctions.functions.delete","cloudfunctions.functions.list","firebase.projects.get"]}
[debug] [2025-10-01T21:30:48.358Z] Checked if tokens are valid: true, expires at: 1759356586532
[debug] [2025-10-01T21:30:48.358Z] Checked if tokens are valid: true, expires at: 1759356586532
[debug] [2025-10-01T21:30:48.359Z] Checked if tokens are valid: true, expires at: 1759356586532
[debug] [2025-10-01T21:30:48.359Z] Checked if tokens are valid: true, expires at: 1759356586532
[debug] [2025-10-01T21:30:48.359Z] >>> [apiv2][query] GET https://firebase.googleapis.com/v1beta1/projects/end-of-time-94cd3/adminSdkConfig [none]
[debug] [2025-10-01T21:30:48.360Z] >>> [apiv2][query] GET https://cloudfunctions.googleapis.com/v1/projects/end-of-time-94cd3/locations/-/functions [none]
[debug] [2025-10-01T21:30:48.905Z] <<< [apiv2][status] GET https://firebase.googleapis.com/v1beta1/projects/end-of-time-94cd3/adminSdkConfig 200
[debug] [2025-10-01T21:30:48.905Z] <<< [apiv2][body] GET https://firebase.googleapis.com/v1beta1/projects/end-of-time-94cd3/adminSdkConfig {"projectId":"end-of-time-94cd3","storageBucket":"end-of-time-94cd3.firebasestorage.app"}
[debug] [2025-10-01T21:30:49.238Z] <<< [apiv2][status] GET https://cloudfunctions.googleapis.com/v1/projects/end-of-time-94cd3/locations/-/functions 200
[debug] [2025-10-01T21:30:49.238Z] <<< [apiv2][body] GET https://cloudfunctions.googleapis.com/v1/projects/end-of-time-94cd3/locations/-/functions {"functions":[{"name":"projects/end-of-time-94cd3/locations/us-central1/functions/onInteractionCreate","eventTrigger":{"eventType":"providers/cloud.firestore/eventTypes/document.create","resource":"projects/end-of-time-94cd3/databases/(default)/documents/prayers/{prayerId}/interactions/{interactionId}","service":"firestore.googleapis.com","failurePolicy":{}},"status":"OFFLINE","entryPoint":"onInteractionCreate","timeout":"60s","availableMemoryMb":256,"serviceAccountEmail":"end-of-time-94cd3@appspot.gserviceaccount.com","updateTime":"2025-10-01T21:27:38.399206696Z","versionId":"1","labels":{"deployment-tool":"cli-firebase","firebase-functions-hash":"38be96f969decf62c34c705495486f4a4c86c905"},"sourceUploadUrl":"https://storage.googleapis.com/uploads-942337535895.us-central1.cloudfunctions.appspot.com/95f129e4-5e1f-448e-9206-84767abc07a5.zip","environmentVariables":{"FIREBASE_CONFIG":"{\"projectId\":\"end-of-time-94cd3\",\"storageBucket\":\"end-of-time-94cd3.firebasestorage.app\"}","GCLOUD_PROJECT":"end-of-time-94cd3","EVENTARC_CLOUD_EVENT_SOURCE":"projects/end-of-time-94cd3/locations/us-central1/functions/onInteractionCreate"},"runtime":"nodejs18","maxInstances":3000,"ingressSettings":"ALLOW_ALL","buildId":"6a11c8b4-d822-4a34-b527-25d93a666143","buildEnvironmentVariables":{"GOOGLE_NODE_RUN_SCRIPTS":""},"buildName":"projects/628602476853/locations/us-central1/builds/6a11c8b4-d822-4a34-b527-25d93a666143","dockerRegistry":"ARTIFACT_REGISTRY","automaticUpdatePolicy":{},"buildServiceAccount":"projects/end-of-time-94cd3/serviceAccounts/628602476853-compute@developer.gserviceaccount.com","satisfiesPzi":true},{"name":"projects/end-of-time-94cd3/locations/us-central1/functions/sendEmailNotification","eventTrigger":{"eventType":"providers/cloud.firestore/eventTypes/document.create","resource":"projects/end-of-time-94cd3/databases/(default)/documents/emailQueue/{docId}","service":"firestore.googleapis.com","failurePolicy":{}},"status":"ACTIVE","entryPoint":"sendEmailNotification","timeout":"60s","availableMemoryMb":256,"serviceAccountEmail":"end-of-time-94cd3@appspot.gserviceaccount.com","updateTime":"2025-10-01T21:29:08.717Z","versionId":"2","labels":{"deployment-tool":"cli-firebase","firebase-functions-hash":"38be96f969decf62c34c705495486f4a4c86c905"},"sourceUploadUrl":"https://storage.googleapis.com/uploads-942337535895.us-central1.cloudfunctions.appspot.com/95f129e4-5e1f-448e-9206-84767abc07a5.zip","environmentVariables":{"FIREBASE_CONFIG":"{\"projectId\":\"end-of-time-94cd3\",\"storageBucket\":\"end-of-time-94cd3.firebasestorage.app\"}","GCLOUD_PROJECT":"end-of-time-94cd3","EVENTARC_CLOUD_EVENT_SOURCE":"projects/end-of-time-94cd3/locations/us-central1/functions/sendEmailNotification"},"runtime":"nodejs18","maxInstances":3000,"ingressSettings":"ALLOW_ALL","buildId":"6a11c8b4-d822-4a34-b527-25d93a666143","buildEnvironmentVariables":{"GOOGLE_NODE_RUN_SCRIPTS":""},"buildName":"projects/628602476853/locations/us-central1/builds/6a11c8b4-d822-4a34-b527-25d93a666143","dockerRegistry":"ARTIFACT_REGISTRY","automaticUpdatePolicy":{},"buildServiceAccount":"projects/end-of-time-94cd3/serviceAccounts/628602476853-compute@developer.gserviceaccount.com","satisfiesPzi":true}]}
[debug] [2025-10-01T21:30:49.239Z] Checked if tokens are valid: true, expires at: 1759356586532
[debug] [2025-10-01T21:30:49.239Z] Checked if tokens are valid: true, expires at: 1759356586532
[debug] [2025-10-01T21:30:49.239Z] >>> [apiv2][query] GET https://cloudfunctions.googleapis.com/v2/projects/end-of-time-94cd3/locations/-/functions filter=environment%3D%22GEN_2%22
[debug] [2025-10-01T21:30:50.325Z] <<< [apiv2][status] GET https://cloudfunctions.googleapis.com/v2/projects/end-of-time-94cd3/locations/-/functions 200
[debug] [2025-10-01T21:30:50.325Z] <<< [apiv2][body] GET https://cloudfunctions.googleapis.com/v2/projects/end-of-time-94cd3/locations/-/functions {}
[debug] [2025-10-01T21:30:50.326Z] Checked if tokens are valid: true, expires at: 1759356586532
[debug] [2025-10-01T21:30:50.326Z] Checked if tokens are valid: true, expires at: 1759356586532
[debug] [2025-10-01T21:30:50.326Z] >>> [apiv2][query] GET https://cloudresourcemanager.googleapis.com/v1/projects/end-of-time-94cd3 [none]
[debug] [2025-10-01T21:30:50.629Z] <<< [apiv2][status] GET https://cloudresourcemanager.googleapis.com/v1/projects/end-of-time-94cd3 200
[debug] [2025-10-01T21:30:50.630Z] <<< [apiv2][body] GET https://cloudresourcemanager.googleapis.com/v1/projects/end-of-time-94cd3 {"projectNumber":"628602476853","projectId":"end-of-time-94cd3","lifecycleState":"ACTIVE","name":"End of Time","labels":{"firebase":"enabled","firebase-core":"disabled"},"createTime":"2025-08-07T11:37:20.813282Z"}
[info] i  functions: deleting Node.js 18 (1st Gen) function onInteractionCreate(us-central1)... 
[debug] [2025-10-01T21:30:50.631Z] Checked if tokens are valid: true, expires at: 1759356586532
[debug] [2025-10-01T21:30:50.631Z] Checked if tokens are valid: true, expires at: 1759356586532
[debug] [2025-10-01T21:30:50.631Z] >>> [apiv2][query] DELETE https://cloudfunctions.googleapis.com/v1/projects/end-of-time-94cd3/locations/us-central1/functions/onInteractionCreate [none]
[debug] [2025-10-01T21:30:51.329Z] <<< [apiv2][status] DELETE https://cloudfunctions.googleapis.com/v1/projects/end-of-time-94cd3/locations/us-central1/functions/onInteractionCreate 200
[debug] [2025-10-01T21:30:51.329Z] <<< [apiv2][body] DELETE https://cloudfunctions.googleapis.com/v1/projects/end-of-time-94cd3/locations/us-central1/functions/onInteractionCreate {"name":"operations/cHJvamVjdHMvZW5kLW9mLXRpbWUtOTRjZDMvbG9jYXRpb25zL3VzLWNlbnRyYWwxL29wZXJhdGlvbnMvb3BlcmF0aW9uLTE3NTkzNTQyNDg3NTgtNjQwMWY5NTA4MDNkNi04YTBiNzQzMy01ZjJlMjc2NA","metadata":{"@type":"type.googleapis.com/google.cloud.functions.v1.OperationMetadataV1","target":"projects/end-of-time-94cd3/locations/us-central1/functions/onInteractionCreate","updateTime":"2025-10-01T21:30:48.793129072Z"}}
[debug] [2025-10-01T21:30:51.330Z] Checked if tokens are valid: true, expires at: 1759356586532
[debug] [2025-10-01T21:30:51.330Z] Checked if tokens are valid: true, expires at: 1759356586532
[debug] [2025-10-01T21:30:51.330Z] >>> [apiv2][query] GET https://cloudfunctions.googleapis.com/v1/operations/cHJvamVjdHMvZW5kLW9mLXRpbWUtOTRjZDMvbG9jYXRpb25zL3VzLWNlbnRyYWwxL29wZXJhdGlvbnMvb3BlcmF0aW9uLTE3NTkzNTQyNDg3NTgtNjQwMWY5NTA4MDNkNi04YTBiNzQzMy01ZjJlMjc2NA [none]
[debug] [2025-10-01T21:30:51.940Z] <<< [apiv2][status] GET https://cloudfunctions.googleapis.com/v1/operations/cHJvamVjdHMvZW5kLW9mLXRpbWUtOTRjZDMvbG9jYXRpb25zL3VzLWNlbnRyYWwxL29wZXJhdGlvbnMvb3BlcmF0aW9uLTE3NTkzNTQyNDg3NTgtNjQwMWY5NTA4MDNkNi04YTBiNzQzMy01ZjJlMjc2NA 200
[debug] [2025-10-01T21:30:51.940Z] <<< [apiv2][body] GET https://cloudfunctions.googleapis.com/v1/operations/cHJvamVjdHMvZW5kLW9mLXRpbWUtOTRjZDMvbG9jYXRpb25zL3VzLWNlbnRyYWwxL29wZXJhdGlvbnMvb3BlcmF0aW9uLTE3NTkzNTQyNDg3NTgtNjQwMWY5NTA4MDNkNi04YTBiNzQzMy01ZjJlMjc2NA {"name":"operations/cHJvamVjdHMvZW5kLW9mLXRpbWUtOTRjZDMvbG9jYXRpb25zL3VzLWNlbnRyYWwxL29wZXJhdGlvbnMvb3BlcmF0aW9uLTE3NTkzNTQyNDg3NTgtNjQwMWY5NTA4MDNkNi04YTBiNzQzMy01ZjJlMjc2NA","metadata":{"@type":"type.googleapis.com/google.cloud.functions.v1.OperationMetadataV1","target":"projects/end-of-time-94cd3/locations/us-central1/functions/onInteractionCreate","type":"DELETE_FUNCTION","request":{"@type":"type.googleapis.com/google.cloud.functions.v1.CloudFunction","name":"projects/end-of-time-94cd3/locations/us-central1/functions/onInteractionCreate","httpsTrigger":{},"updateTime":"1970-01-01T00:00:00Z"},"updateTime":"2025-10-01T21:30:48.793129072Z"}}
[debug] [2025-10-01T21:30:52.442Z] [delete-default-us-central1-onInteractionCreate] Retrying task index 0
[debug] [2025-10-01T21:30:52.442Z] Checked if tokens are valid: true, expires at: 1759356586532
[debug] [2025-10-01T21:30:52.442Z] Checked if tokens are valid: true, expires at: 1759356586532
[debug] [2025-10-01T21:30:52.442Z] >>> [apiv2][query] GET https://cloudfunctions.googleapis.com/v1/operations/cHJvamVjdHMvZW5kLW9mLXRpbWUtOTRjZDMvbG9jYXRpb25zL3VzLWNlbnRyYWwxL29wZXJhdGlvbnMvb3BlcmF0aW9uLTE3NTkzNTQyNDg3NTgtNjQwMWY5NTA4MDNkNi04YTBiNzQzMy01ZjJlMjc2NA [none]
[debug] [2025-10-01T21:30:52.793Z] <<< [apiv2][status] GET https://cloudfunctions.googleapis.com/v1/operations/cHJvamVjdHMvZW5kLW9mLXRpbWUtOTRjZDMvbG9jYXRpb25zL3VzLWNlbnRyYWwxL29wZXJhdGlvbnMvb3BlcmF0aW9uLTE3NTkzNTQyNDg3NTgtNjQwMWY5NTA4MDNkNi04YTBiNzQzMy01ZjJlMjc2NA 200
[debug] [2025-10-01T21:30:52.793Z] <<< [apiv2][body] GET https://cloudfunctions.googleapis.com/v1/operations/cHJvamVjdHMvZW5kLW9mLXRpbWUtOTRjZDMvbG9jYXRpb25zL3VzLWNlbnRyYWwxL29wZXJhdGlvbnMvb3BlcmF0aW9uLTE3NTkzNTQyNDg3NTgtNjQwMWY5NTA4MDNkNi04YTBiNzQzMy01ZjJlMjc2NA {"name":"operations/cHJvamVjdHMvZW5kLW9mLXRpbWUtOTRjZDMvbG9jYXRpb25zL3VzLWNlbnRyYWwxL29wZXJhdGlvbnMvb3BlcmF0aW9uLTE3NTkzNTQyNDg3NTgtNjQwMWY5NTA4MDNkNi04YTBiNzQzMy01ZjJlMjc2NA","metadata":{"@type":"type.googleapis.com/google.cloud.functions.v1.OperationMetadataV1","target":"projects/end-of-time-94cd3/locations/us-central1/functions/onInteractionCreate","type":"DELETE_FUNCTION","request":{"@type":"type.googleapis.com/google.cloud.functions.v1.CloudFunction","name":"projects/end-of-time-94cd3/locations/us-central1/functions/onInteractionCreate","httpsTrigger":{},"updateTime":"1970-01-01T00:00:00Z"},"updateTime":"2025-10-01T21:30:48.793129072Z"}}
[debug] [2025-10-01T21:30:53.809Z] [delete-default-us-central1-onInteractionCreate] Retrying task index 0
[debug] [2025-10-01T21:30:53.810Z] Checked if tokens are valid: true, expires at: 1759356586532
[debug] [2025-10-01T21:30:53.810Z] Checked if tokens are valid: true, expires at: 1759356586532
[debug] [2025-10-01T21:30:53.810Z] >>> [apiv2][query] GET https://cloudfunctions.googleapis.com/v1/operations/cHJvamVjdHMvZW5kLW9mLXRpbWUtOTRjZDMvbG9jYXRpb25zL3VzLWNlbnRyYWwxL29wZXJhdGlvbnMvb3BlcmF0aW9uLTE3NTkzNTQyNDg3NTgtNjQwMWY5NTA4MDNkNi04YTBiNzQzMy01ZjJlMjc2NA [none]
[debug] [2025-10-01T21:30:54.146Z] <<< [apiv2][status] GET https://cloudfunctions.googleapis.com/v1/operations/cHJvamVjdHMvZW5kLW9mLXRpbWUtOTRjZDMvbG9jYXRpb25zL3VzLWNlbnRyYWwxL29wZXJhdGlvbnMvb3BlcmF0aW9uLTE3NTkzNTQyNDg3NTgtNjQwMWY5NTA4MDNkNi04YTBiNzQzMy01ZjJlMjc2NA 200
[debug] [2025-10-01T21:30:54.146Z] <<< [apiv2][body] GET https://cloudfunctions.googleapis.com/v1/operations/cHJvamVjdHMvZW5kLW9mLXRpbWUtOTRjZDMvbG9jYXRpb25zL3VzLWNlbnRyYWwxL29wZXJhdGlvbnMvb3BlcmF0aW9uLTE3NTkzNTQyNDg3NTgtNjQwMWY5NTA4MDNkNi04YTBiNzQzMy01ZjJlMjc2NA {"name":"operations/cHJvamVjdHMvZW5kLW9mLXRpbWUtOTRjZDMvbG9jYXRpb25zL3VzLWNlbnRyYWwxL29wZXJhdGlvbnMvb3BlcmF0aW9uLTE3NTkzNTQyNDg3NTgtNjQwMWY5NTA4MDNkNi04YTBiNzQzMy01ZjJlMjc2NA","metadata":{"@type":"type.googleapis.com/google.cloud.functions.v1.OperationMetadataV1","target":"projects/end-of-time-94cd3/locations/us-central1/functions/onInteractionCreate","type":"DELETE_FUNCTION","request":{"@type":"type.googleapis.com/google.cloud.functions.v1.CloudFunction","name":"projects/end-of-time-94cd3/locations/us-central1/functions/onInteractionCreate","httpsTrigger":{},"updateTime":"1970-01-01T00:00:00Z"},"updateTime":"2025-10-01T21:30:48.793129072Z"}}
[debug] [2025-10-01T21:30:56.159Z] [delete-default-us-central1-onInteractionCreate] Retrying task index 0
[debug] [2025-10-01T21:30:56.160Z] Checked if tokens are valid: true, expires at: 1759356586532
[debug] [2025-10-01T21:30:56.160Z] Checked if tokens are valid: true, expires at: 1759356586532
[debug] [2025-10-01T21:30:56.160Z] >>> [apiv2][query] GET https://cloudfunctions.googleapis.com/v1/operations/cHJvamVjdHMvZW5kLW9mLXRpbWUtOTRjZDMvbG9jYXRpb25zL3VzLWNlbnRyYWwxL29wZXJhdGlvbnMvb3BlcmF0aW9uLTE3NTkzNTQyNDg3NTgtNjQwMWY5NTA4MDNkNi04YTBiNzQzMy01ZjJlMjc2NA [none]
[debug] [2025-10-01T21:30:56.504Z] <<< [apiv2][status] GET https://cloudfunctions.googleapis.com/v1/operations/cHJvamVjdHMvZW5kLW9mLXRpbWUtOTRjZDMvbG9jYXRpb25zL3VzLWNlbnRyYWwxL29wZXJhdGlvbnMvb3BlcmF0aW9uLTE3NTkzNTQyNDg3NTgtNjQwMWY5NTA4MDNkNi04YTBiNzQzMy01ZjJlMjc2NA 200
[debug] [2025-10-01T21:30:56.504Z] <<< [apiv2][body] GET https://cloudfunctions.googleapis.com/v1/operations/cHJvamVjdHMvZW5kLW9mLXRpbWUtOTRjZDMvbG9jYXRpb25zL3VzLWNlbnRyYWwxL29wZXJhdGlvbnMvb3BlcmF0aW9uLTE3NTkzNTQyNDg3NTgtNjQwMWY5NTA4MDNkNi04YTBiNzQzMy01ZjJlMjc2NA {"name":"operations/cHJvamVjdHMvZW5kLW9mLXRpbWUtOTRjZDMvbG9jYXRpb25zL3VzLWNlbnRyYWwxL29wZXJhdGlvbnMvb3BlcmF0aW9uLTE3NTkzNTQyNDg3NTgtNjQwMWY5NTA4MDNkNi04YTBiNzQzMy01ZjJlMjc2NA","metadata":{"@type":"type.googleapis.com/google.cloud.functions.v1.OperationMetadataV1","target":"projects/end-of-time-94cd3/locations/us-central1/functions/onInteractionCreate","type":"DELETE_FUNCTION","request":{"@type":"type.googleapis.com/google.cloud.functions.v1.CloudFunction","name":"projects/end-of-time-94cd3/locations/us-central1/functions/onInteractionCreate","httpsTrigger":{},"updateTime":"1970-01-01T00:00:00Z"},"updateTime":"2025-10-01T21:30:53.272212100Z"},"done":true}
[info] +  functions[onInteractionCreate(us-central1)] Successful delete operation. 
[debug] [2025-10-01T21:30:56.508Z] Total Function Deployment time: 5875
[debug] [2025-10-01T21:30:56.508Z] 1 Functions Deployed
[debug] [2025-10-01T21:30:56.508Z] 0 Functions Errored
[debug] [2025-10-01T21:30:56.508Z] 0 Function Deployments Aborted
[debug] [2025-10-01T21:30:56.508Z] Average Function Deployment time: 5874
[debug] [2025-10-01T21:30:59.195Z] ----------------------------------------------------------------------
[debug] [2025-10-01T21:30:59.197Z] Command:       C:\Program Files\nodejs\node.exe C:\Users\fanel\AppData\Roaming\npm\node_modules\firebase-tools\lib\bin\firebase.js deploy --only firestore:rules,hosting,functions
[debug] [2025-10-01T21:30:59.198Z] CLI Version:   14.12.0
[debug] [2025-10-01T21:30:59.198Z] Platform:      win32
[debug] [2025-10-01T21:30:59.198Z] Node Version:  v24.5.0
[debug] [2025-10-01T21:30:59.198Z] Time:          Wed Oct 01 2025 23:30:59 GMT+0200 (South Africa Standard Time)
[debug] [2025-10-01T21:30:59.198Z] ----------------------------------------------------------------------
[debug] 
[debug] [2025-10-01T21:30:59.354Z] > command requires scopes: ["email","openid","https://www.googleapis.com/auth/cloudplatformprojects.readonly","https://www.googleapis.com/auth/firebase","https://www.googleapis.com/auth/cloud-platform"]
[debug] [2025-10-01T21:30:59.355Z] > authorizing via signed-in user (fanelesibonge50@gmail.com)
[debug] [2025-10-01T21:30:59.355Z] [iam] checking project end-of-time-94cd3 for permissions ["cloudfunctions.functions.create","cloudfunctions.functions.delete","cloudfunctions.functions.get","cloudfunctions.functions.list","cloudfunctions.functions.update","cloudfunctions.operations.get","datastore.indexes.create","datastore.indexes.delete","datastore.indexes.list","datastore.indexes.update","firebase.projects.get","firebasehosting.sites.update"]
[debug] [2025-10-01T21:30:59.356Z] Checked if tokens are valid: true, expires at: 1759356586532
[debug] [2025-10-01T21:30:59.356Z] Checked if tokens are valid: true, expires at: 1759356586532
[debug] [2025-10-01T21:30:59.357Z] >>> [apiv2][query] POST https://cloudresourcemanager.googleapis.com/v1/projects/end-of-time-94cd3:testIamPermissions [none]
[debug] [2025-10-01T21:30:59.357Z] >>> [apiv2][(partial)header] POST https://cloudresourcemanager.googleapis.com/v1/projects/end-of-time-94cd3:testIamPermissions x-goog-quota-user=projects/end-of-time-94cd3
[debug] [2025-10-01T21:30:59.357Z] >>> [apiv2][body] POST https://cloudresourcemanager.googleapis.com/v1/projects/end-of-time-94cd3:testIamPermissions {"permissions":["cloudfunctions.functions.create","cloudfunctions.functions.delete","cloudfunctions.functions.get","cloudfunctions.functions.list","cloudfunctions.functions.update","cloudfunctions.operations.get","datastore.indexes.create","datastore.indexes.delete","datastore.indexes.list","datastore.indexes.update","firebase.projects.get","firebasehosting.sites.update"]}
[debug] [2025-10-01T21:31:00.995Z] <<< [apiv2][status] POST https://cloudresourcemanager.googleapis.com/v1/projects/end-of-time-94cd3:testIamPermissions 200
[debug] [2025-10-01T21:31:00.995Z] <<< [apiv2][body] POST https://cloudresourcemanager.googleapis.com/v1/projects/end-of-time-94cd3:testIamPermissions {"permissions":["cloudfunctions.functions.create","cloudfunctions.functions.delete","cloudfunctions.functions.get","cloudfunctions.functions.list","cloudfunctions.functions.update","cloudfunctions.operations.get","datastore.indexes.create","datastore.indexes.delete","datastore.indexes.list","datastore.indexes.update","firebase.projects.get","firebasehosting.sites.update"]}
[debug] [2025-10-01T21:31:00.996Z] Checked if tokens are valid: true, expires at: 1759356586532
[debug] [2025-10-01T21:31:00.996Z] Checked if tokens are valid: true, expires at: 1759356586532
[debug] [2025-10-01T21:31:00.996Z] >>> [apiv2][query] POST https://iam.googleapis.com/v1/projects/end-of-time-94cd3/serviceAccounts/end-of-time-94cd3@appspot.gserviceaccount.com:testIamPermissions [none]
[debug] [2025-10-01T21:31:00.996Z] >>> [apiv2][body] POST https://iam.googleapis.com/v1/projects/end-of-time-94cd3/serviceAccounts/end-of-time-94cd3@appspot.gserviceaccount.com:testIamPermissions {"permissions":["iam.serviceAccounts.actAs"]}
[debug] [2025-10-01T21:31:02.604Z] <<< [apiv2][status] POST https://iam.googleapis.com/v1/projects/end-of-time-94cd3/serviceAccounts/end-of-time-94cd3@appspot.gserviceaccount.com:testIamPermissions 200
[debug] [2025-10-01T21:31:02.604Z] <<< [apiv2][body] POST https://iam.googleapis.com/v1/projects/end-of-time-94cd3/serviceAccounts/end-of-time-94cd3@appspot.gserviceaccount.com:testIamPermissions {"permissions":["iam.serviceAccounts.actAs"]}
[debug] [2025-10-01T21:31:02.604Z] Checked if tokens are valid: true, expires at: 1759356586532
[debug] [2025-10-01T21:31:02.604Z] Checked if tokens are valid: true, expires at: 1759356586532
[debug] [2025-10-01T21:31:02.605Z] >>> [apiv2][query] GET https://firebase.googleapis.com/v1beta1/projects/end-of-time-94cd3 [none]
[debug] [2025-10-01T21:31:03.160Z] <<< [apiv2][status] GET https://firebase.googleapis.com/v1beta1/projects/end-of-time-94cd3 200
[debug] [2025-10-01T21:31:03.160Z] <<< [apiv2][body] GET https://firebase.googleapis.com/v1beta1/projects/end-of-time-94cd3 {"projectId":"end-of-time-94cd3","projectNumber":"628602476853","displayName":"End of Time","name":"projects/end-of-time-94cd3","resources":{"hostingSite":"end-of-time-94cd3"},"state":"ACTIVE","etag":"1_89cdfba8-2370-4ea1-b19c-81562d064c47"}
[info] 
[info] === Deploying to 'end-of-time-94cd3'...
[info] 
[info] i  deploying firestore, functions, hosting 
[info] i  firestore: reading indexes from firestore.indexes.json... 
[info] i  cloud.firestore: checking firestore-rules.txt for compilation errors... 
[debug] [2025-10-01T21:31:03.163Z] Checked if tokens are valid: true, expires at: 1759356586532
[debug] [2025-10-01T21:31:03.163Z] Checked if tokens are valid: true, expires at: 1759356586532
[debug] [2025-10-01T21:31:03.163Z] >>> [apiv2][query] POST https://firebaserules.googleapis.com/v1/projects/end-of-time-94cd3:test [none]
[debug] [2025-10-01T21:31:03.163Z] >>> [apiv2][body] POST https://firebaserules.googleapis.com/v1/projects/end-of-time-94cd3:test [omitted]
[debug] [2025-10-01T21:31:04.337Z] <<< [apiv2][status] POST https://firebaserules.googleapis.com/v1/projects/end-of-time-94cd3:test 200
[debug] [2025-10-01T21:31:04.338Z] <<< [apiv2][body] POST https://firebaserules.googleapis.com/v1/projects/end-of-time-94cd3:test {}
[info] +  cloud.firestore: rules file firestore-rules.txt compiled successfully 
[debug] [2025-10-01T21:31:04.339Z] Checked if tokens are valid: true, expires at: 1759356586532
[debug] [2025-10-01T21:31:04.339Z] Checked if tokens are valid: true, expires at: 1759356586532
[debug] [2025-10-01T21:31:04.339Z] >>> [apiv2][query] GET https://cloudresourcemanager.googleapis.com/v1/projects/end-of-time-94cd3 [none]
[debug] [2025-10-01T21:31:04.651Z] <<< [apiv2][status] GET https://cloudresourcemanager.googleapis.com/v1/projects/end-of-time-94cd3 200
[debug] [2025-10-01T21:31:04.651Z] <<< [apiv2][body] GET https://cloudresourcemanager.googleapis.com/v1/projects/end-of-time-94cd3 {"projectNumber":"628602476853","projectId":"end-of-time-94cd3","lifecycleState":"ACTIVE","name":"End of Time","labels":{"firebase":"enabled","firebase-core":"disabled"},"createTime":"2025-08-07T11:37:20.813282Z"}
[info] i  functions: preparing codebase default for deployment 
[info] i  functions: ensuring required API cloudfunctions.googleapis.com is enabled... 
[info] i  functions: ensuring required API cloudbuild.googleapis.com is enabled... 
[info] i  artifactregistry: ensuring required API artifactregistry.googleapis.com is enabled... 
[debug] [2025-10-01T21:31:04.653Z] Checked if tokens are valid: true, expires at: 1759356586532
[debug] [2025-10-01T21:31:04.653Z] Checked if tokens are valid: true, expires at: 1759356586532
[debug] [2025-10-01T21:31:04.653Z] >>> [apiv2][query] GET https://firebase.googleapis.com/v1beta1/projects/end-of-time-94cd3/adminSdkConfig [none]
[debug] [2025-10-01T21:31:04.994Z] <<< [apiv2][status] GET https://firebase.googleapis.com/v1beta1/projects/end-of-time-94cd3/adminSdkConfig 200
[debug] [2025-10-01T21:31:04.995Z] <<< [apiv2][body] GET https://firebase.googleapis.com/v1beta1/projects/end-of-time-94cd3/adminSdkConfig {"projectId":"end-of-time-94cd3","storageBucket":"end-of-time-94cd3.firebasestorage.app"}
[debug] [2025-10-01T21:31:04.995Z] Checked if tokens are valid: true, expires at: 1759356586532
[debug] [2025-10-01T21:31:04.995Z] Checked if tokens are valid: true, expires at: 1759356586532
[debug] [2025-10-01T21:31:04.995Z] >>> [apiv2][query] GET https://runtimeconfig.googleapis.com/v1beta1/projects/end-of-time-94cd3/configs [none]
[debug] [2025-10-01T21:31:05.536Z] <<< [apiv2][status] GET https://runtimeconfig.googleapis.com/v1beta1/projects/end-of-time-94cd3/configs 200
[debug] [2025-10-01T21:31:05.536Z] <<< [apiv2][body] GET https://runtimeconfig.googleapis.com/v1beta1/projects/end-of-time-94cd3/configs {"configs":[{"name":"projects/end-of-time-94cd3/configs/email"}]}
[debug] [2025-10-01T21:31:05.536Z] Checked if tokens are valid: true, expires at: 1759356586532
[debug] [2025-10-01T21:31:05.536Z] Checked if tokens are valid: true, expires at: 1759356586532
[debug] [2025-10-01T21:31:05.536Z] >>> [apiv2][query] GET https://runtimeconfig.googleapis.com/v1beta1/projects/end-of-time-94cd3/configs/email/variables [none]
[debug] [2025-10-01T21:31:05.904Z] <<< [apiv2][status] GET https://runtimeconfig.googleapis.com/v1beta1/projects/end-of-time-94cd3/configs/email/variables 200
[debug] [2025-10-01T21:31:05.904Z] <<< [apiv2][body] GET https://runtimeconfig.googleapis.com/v1beta1/projects/end-of-time-94cd3/configs/email/variables {"variables":[{"name":"projects/end-of-time-94cd3/configs/email/variables/user","updateTime":"2025-08-15T10:57:09.375568404Z"},{"name":"projects/end-of-time-94cd3/configs/email/variables/pass","updateTime":"2025-08-15T10:58:03.038240785Z"}]}
[debug] [2025-10-01T21:31:05.904Z] Checked if tokens are valid: true, expires at: 1759356586532
[debug] [2025-10-01T21:31:05.904Z] Checked if tokens are valid: true, expires at: 1759356586532
[debug] [2025-10-01T21:31:05.904Z] Checked if tokens are valid: true, expires at: 1759356586532
[debug] [2025-10-01T21:31:05.904Z] Checked if tokens are valid: true, expires at: 1759356586532
[debug] [2025-10-01T21:31:05.904Z] >>> [apiv2][query] GET https://runtimeconfig.googleapis.com/v1beta1/projects/end-of-time-94cd3/configs/email/variables/user [none]
[debug] [2025-10-01T21:31:05.905Z] >>> [apiv2][query] GET https://runtimeconfig.googleapis.com/v1beta1/projects/end-of-time-94cd3/configs/email/variables/pass [none]
[debug] [2025-10-01T21:31:06.274Z] <<< [apiv2][status] GET https://runtimeconfig.googleapis.com/v1beta1/projects/end-of-time-94cd3/configs/email/variables/user 200
[debug] [2025-10-01T21:31:06.274Z] <<< [apiv2][body] GET https://runtimeconfig.googleapis.com/v1beta1/projects/end-of-time-94cd3/configs/email/variables/user {"name":"projects/end-of-time-94cd3/configs/email/variables/user","updateTime":"2025-08-15T10:57:09.375568404Z","text":"fanelesibonge50@gmail.com"}
[debug] [2025-10-01T21:31:06.435Z] <<< [apiv2][status] GET https://runtimeconfig.googleapis.com/v1beta1/projects/end-of-time-94cd3/configs/email/variables/pass 200
[debug] [2025-10-01T21:31:06.435Z] <<< [apiv2][body] GET https://runtimeconfig.googleapis.com/v1beta1/projects/end-of-time-94cd3/configs/email/variables/pass {"name":"projects/end-of-time-94cd3/configs/email/variables/pass","updateTime":"2025-08-15T10:58:03.038240785Z","text":"znpv nfbd lerz mhbi"}
[debug] [2025-10-01T21:31:06.436Z] Validating nodejs source
[warn] !  functions: Runtime Node.js 18 was deprecated on 2025-04-30 and will be decommissioned on 2025-10-30, after which you will not be able to deploy without upgrading. Consider upgrading now to avoid disruption. See https://cloud.google.com/functions/docs/runtime-support for full details on the lifecycle policy 
[warn] !  functions: package.json indicates an outdated version of firebase-functions. Please upgrade using npm install --save firebase-functions@latest in your functions directory. 
[warn] !  functions: Please note that there will be breaking changes when you upgrade. 
[debug] [2025-10-01T21:31:07.134Z] > [functions] package.json contents: {
  "name": "end-of-time-functions",
  "engines": {
    "node": "18"
  },
  "main": "index.js",
  "scripts": {
    "build": "tsc -p .",
    "deploy": "npm run build && firebase deploy --only functions"
  },
  "dependencies": {
    "firebase-admin": "^11.11.0",
    "firebase-functions": "^4.4.0",
    "node-fetch": "^3.3.2",
    "nodemailer": "^7.0.5"
  },
  "devDependencies": {
    "typescript": "^5.4.0"
  }
}
[debug] [2025-10-01T21:31:07.134Z] Building nodejs source
[info] i  functions: Loading and analyzing source code for codebase default to determine what to deploy 
[info] i  functions: You are using a version of firebase-functions SDK (4.9.0) that does not have support for the newest Firebase Extensions features. Please update firebase-functions SDK to >=5.1.0 to use them correctly 
[debug] [2025-10-01T21:31:07.135Z] Could not find functions.yaml. Must use http discovery
[debug] [2025-10-01T21:31:07.141Z] Found firebase-functions binary at 'c:\Users\fanel\Videos\Web App (End of Time)\VideoProc Converter - Copy - Copy - Copy (2) - Copy - Copy\functions\node_modules\.bin\firebase-functions'
[info] Serving at port 8818

[info] TypeScript compiled functions not available, using JS-only functions: The default Firebase app does not exist. Make sure you call initializeApp() before using any of the Firebase services.

[debug] [2025-10-01T21:31:07.703Z] Got response from /__/functions.yaml {"endpoints":{"sendEmailNotification":{"platform":"gcfv1","availableMemoryMb":null,"timeoutSeconds":null,"minInstances":null,"maxInstances":null,"ingressSettings":null,"serviceAccountEmail":null,"vpc":null,"eventTrigger":{"eventType":"providers/cloud.firestore/eventTypes/document.create","eventFilters":{"resource":"projects/end-of-time-94cd3/databases/(default)/documents/emailQueue/{docId}"},"retry":false},"labels":{},"entryPoint":"sendEmailNotification"}},"specVersion":"v1alpha1","requiredAPIs":[]}
[info] i  functions: preparing functions directory for uploading... 
[info] i  functions: packaged c:\Users\fanel\Videos\Web App (End of Time)\VideoProc Converter - Copy - Copy - Copy (2) - Copy - Copy\functions (43.39 KB) for uploading 
[debug] [2025-10-01T21:31:11.770Z] Checked if tokens are valid: true, expires at: 1759356586532
[debug] [2025-10-01T21:31:11.771Z] Checked if tokens are valid: true, expires at: 1759356586532
[debug] [2025-10-01T21:31:11.771Z] >>> [apiv2][query] GET https://cloudfunctions.googleapis.com/v1/projects/end-of-time-94cd3/locations/-/functions [none]
[debug] [2025-10-01T21:31:12.620Z] <<< [apiv2][status] GET https://cloudfunctions.googleapis.com/v1/projects/end-of-time-94cd3/locations/-/functions 200
[debug] [2025-10-01T21:31:12.620Z] <<< [apiv2][body] GET https://cloudfunctions.googleapis.com/v1/projects/end-of-time-94cd3/locations/-/functions {"functions":[{"name":"projects/end-of-time-94cd3/locations/us-central1/functions/sendEmailNotification","eventTrigger":{"eventType":"providers/cloud.firestore/eventTypes/document.create","resource":"projects/end-of-time-94cd3/databases/(default)/documents/emailQueue/{docId}","service":"firestore.googleapis.com","failurePolicy":{}},"status":"ACTIVE","entryPoint":"sendEmailNotification","timeout":"60s","availableMemoryMb":256,"serviceAccountEmail":"end-of-time-94cd3@appspot.gserviceaccount.com","updateTime":"2025-10-01T21:29:08.717Z","versionId":"2","labels":{"firebase-functions-hash":"38be96f969decf62c34c705495486f4a4c86c905","deployment-tool":"cli-firebase"},"sourceUploadUrl":"https://storage.googleapis.com/uploads-942337535895.us-central1.cloudfunctions.appspot.com/95f129e4-5e1f-448e-9206-84767abc07a5.zip","environmentVariables":{"FIREBASE_CONFIG":"{\"projectId\":\"end-of-time-94cd3\",\"storageBucket\":\"end-of-time-94cd3.firebasestorage.app\"}","GCLOUD_PROJECT":"end-of-time-94cd3","EVENTARC_CLOUD_EVENT_SOURCE":"projects/end-of-time-94cd3/locations/us-central1/functions/sendEmailNotification"},"runtime":"nodejs18","maxInstances":3000,"ingressSettings":"ALLOW_ALL","buildId":"6a11c8b4-d822-4a34-b527-25d93a666143","buildEnvironmentVariables":{"GOOGLE_NODE_RUN_SCRIPTS":""},"buildName":"projects/628602476853/locations/us-central1/builds/6a11c8b4-d822-4a34-b527-25d93a666143","dockerRegistry":"ARTIFACT_REGISTRY","automaticUpdatePolicy":{},"buildServiceAccount":"projects/end-of-time-94cd3/serviceAccounts/628602476853-compute@developer.gserviceaccount.com","satisfiesPzi":true}]}
[debug] [2025-10-01T21:31:12.620Z] Checked if tokens are valid: true, expires at: 1759356586532
[debug] [2025-10-01T21:31:12.620Z] Checked if tokens are valid: true, expires at: 1759356586532
[debug] [2025-10-01T21:31:12.621Z] >>> [apiv2][query] GET https://cloudfunctions.googleapis.com/v2/projects/end-of-time-94cd3/locations/-/functions filter=environment%3D%22GEN_2%22
[debug] [2025-10-01T21:31:13.722Z] <<< [apiv2][status] GET https://cloudfunctions.googleapis.com/v2/projects/end-of-time-94cd3/locations/-/functions 200
[debug] [2025-10-01T21:31:13.723Z] <<< [apiv2][body] GET https://cloudfunctions.googleapis.com/v2/projects/end-of-time-94cd3/locations/-/functions {}
[debug] [2025-10-01T21:31:13.725Z] Checked if tokens are valid: true, expires at: 1759356586532
[debug] [2025-10-01T21:31:13.725Z] Checked if tokens are valid: true, expires at: 1759356586532
[debug] [2025-10-01T21:31:13.725Z] >>> [apiv2][query] GET https://cloudresourcemanager.googleapis.com/v1/projects/end-of-time-94cd3 [none]
[debug] [2025-10-01T21:31:15.365Z] <<< [apiv2][status] GET https://cloudresourcemanager.googleapis.com/v1/projects/end-of-time-94cd3 200
[debug] [2025-10-01T21:31:15.365Z] <<< [apiv2][body] GET https://cloudresourcemanager.googleapis.com/v1/projects/end-of-time-94cd3 {"projectNumber":"628602476853","projectId":"end-of-time-94cd3","lifecycleState":"ACTIVE","name":"End of Time","labels":{"firebase":"enabled","firebase-core":"disabled"},"createTime":"2025-08-07T11:37:20.813282Z"}
[debug] [2025-10-01T21:31:15.368Z] Checked if tokens are valid: true, expires at: 1759356586532
[debug] [2025-10-01T21:31:15.368Z] Checked if tokens are valid: true, expires at: 1759356586532
[debug] [2025-10-01T21:31:15.368Z] >>> [apiv2][query] POST https://firebasehosting.googleapis.com/v1beta1/projects/-/sites/end-of-time-94cd3/versions [none]
[debug] [2025-10-01T21:31:15.368Z] >>> [apiv2][body] POST https://firebasehosting.googleapis.com/v1beta1/projects/-/sites/end-of-time-94cd3/versions {"status":"CREATED","labels":{"deployment-tool":"cli-firebase"}}
[debug] [2025-10-01T21:31:17.516Z] <<< [apiv2][status] POST https://firebasehosting.googleapis.com/v1beta1/projects/-/sites/end-of-time-94cd3/versions 200
[debug] [2025-10-01T21:31:17.516Z] <<< [apiv2][body] POST https://firebasehosting.googleapis.com/v1beta1/projects/-/sites/end-of-time-94cd3/versions {"name":"projects/628602476853/sites/end-of-time-94cd3/versions/930a89403a9b11cf","status":"CREATED","config":{},"labels":{"deployment-tool":"cli-firebase"}}
[debug] [2025-10-01T21:31:17.517Z] Checked if tokens are valid: true, expires at: 1759356586532
[debug] [2025-10-01T21:31:17.517Z] Checked if tokens are valid: true, expires at: 1759356586532
[debug] [2025-10-01T21:31:17.517Z] >>> [apiv2][query] GET https://firestore.googleapis.com/v1/projects/end-of-time-94cd3/databases/(default) [none]
[debug] [2025-10-01T21:31:18.097Z] <<< [apiv2][status] GET https://firestore.googleapis.com/v1/projects/end-of-time-94cd3/databases/(default) 200
[debug] [2025-10-01T21:31:18.097Z] <<< [apiv2][body] GET https://firestore.googleapis.com/v1/projects/end-of-time-94cd3/databases/(default) {"name":"projects/end-of-time-94cd3/databases/(default)","uid":"6b62c153-99ce-4b69-9b58-9389d65a2b79","createTime":"2025-08-07T13:15:58.421611Z","updateTime":"2025-08-07T13:15:58.421611Z","locationId":"africa-south1","type":"FIRESTORE_NATIVE","concurrencyMode":"PESSIMISTIC","versionRetentionPeriod":"3600s","earliestVersionTime":"2025-10-01T20:31:15.705278Z","appEngineIntegrationMode":"DISABLED","pointInTimeRecoveryEnablement":"POINT_IN_TIME_RECOVERY_DISABLED","deleteProtectionState":"DELETE_PROTECTION_DISABLED","databaseEdition":"STANDARD","freeTier":true,"etag":"IMbhjLX5g5ADMJSOg43NgZAD"}
[debug] [2025-10-01T21:31:18.097Z] Checked if tokens are valid: true, expires at: 1759356586532
[debug] [2025-10-01T21:31:18.097Z] Checked if tokens are valid: true, expires at: 1759356586532
[debug] [2025-10-01T21:31:18.098Z] >>> [apiv2][query] GET https://firebaserules.googleapis.com/v1/projects/end-of-time-94cd3/releases pageSize=10&pageToken=
[debug] [2025-10-01T21:31:19.088Z] <<< [apiv2][status] GET https://firebaserules.googleapis.com/v1/projects/end-of-time-94cd3/releases 200
[debug] [2025-10-01T21:31:19.088Z] <<< [apiv2][body] GET https://firebaserules.googleapis.com/v1/projects/end-of-time-94cd3/releases {"releases":[{"name":"projects/end-of-time-94cd3/releases/cloud.firestore","rulesetName":"projects/end-of-time-94cd3/rulesets/68474669-bfd1-460f-8513-1bd661aba286","createTime":"2025-08-07T13:16:05.983290Z","updateTime":"2025-10-01T21:26:23.122617Z"}]}
[debug] [2025-10-01T21:31:19.088Z] Checked if tokens are valid: true, expires at: 1759356586532
[debug] [2025-10-01T21:31:19.088Z] Checked if tokens are valid: true, expires at: 1759356586532
[debug] [2025-10-01T21:31:19.088Z] >>> [apiv2][query] GET https://firebaserules.googleapis.com/v1/projects/end-of-time-94cd3/rulesets/68474669-bfd1-460f-8513-1bd661aba286 [none]
[debug] [2025-10-01T21:31:19.867Z] <<< [apiv2][status] GET https://firebaserules.googleapis.com/v1/projects/end-of-time-94cd3/rulesets/68474669-bfd1-460f-8513-1bd661aba286 200
[debug] [2025-10-01T21:31:19.867Z] <<< [apiv2][body] GET https://firebaserules.googleapis.com/v1/projects/end-of-time-94cd3/rulesets/68474669-bfd1-460f-8513-1bd661aba286 [omitted]
[info] i  firestore: latest version of firestore-rules.txt already up to date, skipping upload... 
[debug] [2025-10-01T21:31:19.869Z] Checked if tokens are valid: true, expires at: 1759356586532
[debug] [2025-10-01T21:31:19.869Z] Checked if tokens are valid: true, expires at: 1759356586532
[debug] [2025-10-01T21:31:19.869Z] >>> [apiv2][query] POST https://cloudfunctions.googleapis.com/v1/projects/end-of-time-94cd3/locations/us-central1/functions:generateUploadUrl [none]
[debug] [2025-10-01T21:31:19.869Z] >>> [apiv2][body] POST https://cloudfunctions.googleapis.com/v1/projects/end-of-time-94cd3/locations/us-central1/functions:generateUploadUrl {}
[debug] [2025-10-01T21:31:20.740Z] <<< [apiv2][status] POST https://cloudfunctions.googleapis.com/v1/projects/end-of-time-94cd3/locations/us-central1/functions:generateUploadUrl 200
[debug] [2025-10-01T21:31:20.740Z] <<< [apiv2][body] POST https://cloudfunctions.googleapis.com/v1/projects/end-of-time-94cd3/locations/us-central1/functions:generateUploadUrl {"uploadUrl":"https://storage.googleapis.com/uploads-942337535895.us-central1.cloudfunctions.appspot.com/ba51e8ff-e52f-49c2-977d-15557c9a4bae.zip?GoogleAccessId=service-628602476853@gcf-admin-robot.iam.gserviceaccount.com&Expires=1759356078&Signature=Zgs%2FQ2HDO3dnnHLKeDdr%2FG2u60nFOuqqHtc0SsUE2hhebS77SEXuyRPBiDBf87Fzo8sPxKPzNnfOj4nC7HBPUtBuTDUoC8Mt1L4XD62ubgdc%2By3Kd580zaZMk3AYfvKPFJ0SjzyhzAeX3WtyACqwTChz2xJtykGW530CMDYrwxOfQjo7qcpqVs0pJs4gXUdrOTWwmSQwpR4R8b%2Bfr%2FH4LHs1tbkFvGg39r4%2BKQUGadWUqv%2BgOouEMTUuucPZMBXhyulIXQBFaujCgRhlRw3LhXFvxWpOKhvJTd3K7Ug486iGmC6G0aPBGZfH4M3uBtSxa%2BcElRJwYg9NbUInQ2SXUQ%3D%3D"}
[debug] [2025-10-01T21:31:20.741Z] >>> [apiv2][query] PUT https://storage.googleapis.com/uploads-942337535895.us-central1.cloudfunctions.appspot.com/ba51e8ff-e52f-49c2-977d-15557c9a4bae.zip GoogleAccessId=service-628602476853%40gcf-admin-robot.iam.gserviceaccount.com&Expires=1759356078&Signature=Zgs%2FQ2HDO3dnnHLKeDdr%2FG2u60nFOuqqHtc0SsUE2hhebS77SEXuyRPBiDBf87Fzo8sPxKPzNnfOj4nC7HBPUtBuTDUoC8Mt1L4XD62ubgdc%2By3Kd580zaZMk3AYfvKPFJ0SjzyhzAeX3WtyACqwTChz2xJtykGW530CMDYrwxOfQjo7qcpqVs0pJs4gXUdrOTWwmSQwpR4R8b%2Bfr%2FH4LHs1tbkFvGg39r4%2BKQUGadWUqv%2BgOouEMTUuucPZMBXhyulIXQBFaujCgRhlRw3LhXFvxWpOKhvJTd3K7Ug486iGmC6G0aPBGZfH4M3uBtSxa%2BcElRJwYg9NbUInQ2SXUQ%3D%3D
[debug] [2025-10-01T21:31:20.741Z] >>> [apiv2][body] PUT https://storage.googleapis.com/uploads-942337535895.us-central1.cloudfunctions.appspot.com/ba51e8ff-e52f-49c2-977d-15557c9a4bae.zip [stream]
[debug] [2025-10-01T21:31:21.608Z] <<< [apiv2][status] PUT https://storage.googleapis.com/uploads-942337535895.us-central1.cloudfunctions.appspot.com/ba51e8ff-e52f-49c2-977d-15557c9a4bae.zip 200
[debug] [2025-10-01T21:31:21.608Z] <<< [apiv2][body] PUT https://storage.googleapis.com/uploads-942337535895.us-central1.cloudfunctions.appspot.com/ba51e8ff-e52f-49c2-977d-15557c9a4bae.zip [omitted]
[info] +  functions: functions folder uploaded successfully 
[info] i  hosting[end-of-time-94cd3]: beginning deploy... 
[info] i  hosting[end-of-time-94cd3]: found 99 files in . 
[debug] [2025-10-01T21:31:21.625Z] [hosting] uploading with 200 concurrency
[debug] [2025-10-01T21:31:21.636Z] Checked if tokens are valid: true, expires at: 1759356586532
[debug] [2025-10-01T21:31:21.637Z] Checked if tokens are valid: true, expires at: 1759356586532
[debug] [2025-10-01T21:31:21.637Z] [hosting] hash cache [] stored for 99 files
[debug] [2025-10-01T21:31:21.637Z] [hosting][hash queue][FINAL] {"max":5,"min":0,"avg":1.3925343394740841,"active":0,"complete":99,"success":99,"errored":0,"retried":0,"total":99,"elapsed":11}
[debug] [2025-10-01T21:31:21.638Z] >>> [apiv2][query] POST https://firebasehosting.googleapis.com/v1beta1/projects/628602476853/sites/end-of-time-94cd3/versions/930a89403a9b11cf:populateFiles [none]
[debug] [2025-10-01T21:31:21.638Z] >>> [apiv2][body] POST https://firebasehosting.googleapis.com/v1beta1/projects/628602476853/sites/end-of-time-94cd3/versions/930a89403a9b11cf:populateFiles {"files":{"/WRONG BUZZER 7.wav":"67486f7092540787e54d72b6a2f03e2cf7b7d2a3546f620a6cb7b4e04870d5cc","/Transition.wav":"2237f334e8f5e8bcb3521282d8ab392488b15fee94584b5df7f8933d8bf5512e","/Transition 2.wav":"c1056a8ec267bf1eeccb9f82fcd79bec2c4871de631a2ad0a8aa50f13f1a544b","/ticking_time.wav":"bc86335ca68258da8f73e6fee157556d04731807d16b7f9fc4909cf1e5bbe4a0","/styles.css.backup":"b9afea2d8bf68b3b36c96ce228dfcdd393b744d706bcfd9faadf17c9d1a83e74","/styles.css":"e0997249d2632f51d6ca75b9f49eae3f765d8f0b11119d6adfadcc13686b4ed4","/soundtrack 5.mp3":"2cdcb0310e02965e7c65a16affcc9b160911a1210814e94aefdc325a8fc06485","/soundtrack 4.mp3":"1ee41ab08cccdfc0cf777e58d8df14ae732e1da98d268b1f7026a4ed1bd65f5d","/soundtrack 3.mp3":"965c94818077a858e2f9545b2260a22dcff70a493dfb73ecf163ead33478682b","/soundtrack 2.mp3":"beef4ab3084dedd80bb37a319903f9c5efb83d6d109f1bc7675b348f335baf7b","/soundtrack 1.mp3":"64579bc035754e19c8dfae9d20610105080735f799cfa7a3b8d8b32a21b2ec46","/service-worker.js":"38bf1de714104665c4482e6544e12ed65ffa366acc47a794234fc3ad112fba35","/Semi Impact Risers-001.wav":"959311d4aaca0d1332069c1bea33cec2e19702bfc50256c9e4521c7fcbc0cef1","/script.js.backup":"fc8b7c30db23c2e5b600682b36050e906b49b4e0666a22d70b3850b3766e4615","/script.js":"311f1ee35bcae58764a2740fad6b7177adef3172495f2485aee2e5e6410e379f","/Qwen_html_20250810_ttxf0530d.html":"94a5b335039df65a253c26ea84d299c59beef32e0aa849b0bfe24e72bfa83664","/Qwen_html_20220210_ttxf0530d_functions.md":"bcb5d7e752877ab7993f2d8cafb663b308e35fda109dc8f365c75bee5eb2c4bf","/questions.js":"69811adb9b7f45200cb460160bbf662f634af34dc1864ed39c48de58b126de24","/questions-level7.js":"7df7797abe6f31bf558a9a40e8b5f4b472a2d4c45838e2cb6720bd269f2ac240","/questions-level6.js":"5c50cbb6d8917f42b31055e04d498e91d7f28fc883e78d84c5c987ba90f6d166","/questions-level5.js":"39d16c84d78fda012a6faaf4606aa458c1861d94b3b125bfbf0042d631d7cf7c","/questions-level4.js":"b86926d5c127b34c9610b8b580cdb010a2264fb41a380424d23ad411d6746462","/questions-level3.js":"5935c1ecf4ba46ff9afed08c28a9c2c13d502448ae06277afdc26d76df5698f3","/questions-level2.js":"da815a406af0f8c8809ffc2a9a83f5c5e949933a795960d966d7da8bf274cc5f","/questions-level1.js":"ad7d92d89849762c6b6e69f502a761d5b8fbbdeb4d79a5732d9b7f278e8f52b8","/prayer-styles.css":"5149103701b314af3568625fc9256ee3e8af63f397fb44df03cbe4b6bbe89f06","/prayer-dark-theme.css":"18c047c84be1c0084ed844e89040274032f36ebe785c28942a44bf3cacfef1c4","/package.json":"6ad67fe659cc2c63111a1aad1f43e5e88807ed590fb3dedd75cba2d8e0329404","/package-lock.json":"9838b390174601ad6a91169950598b5d8cb531c13bf1a47ba280a9d2be9df510","/network-diagnostics.html":"0f1888671616489e7173cb3f9bfecd7202d72abd79f6052c4d0d3d1c4d478530","/Motionarray_Floraphonic_Gameshow_Buzzer_1.wav":"0e9447856a2b6ed52724165243ff5a9e5896bfec28427edd83040d507ffdae31","/Montserrat-Regular.ttf":"47a08e0557ac247e06ee9cada7f05a4642bd8d0cb167570b9012b0288f3ab4d5","/Montserrat-Light.ttf":"a4d4430519350b6208ed832da8108106da0cd2630f09fd1cd4a626ff6685ed7b","/Montserrat-BoldItalic.ttf":"fbe96cb3090b91cd7d4c098c4f1f27af2779f12ca75bf28daa34fca09586478a","/menu.html":"e5ff11ae7d9774747987700282bddd7db1eed143c8dc1f5233b41cd42cb565a9","/menu-styles.css":"26cbcd2ad27c48e067c5e5e5270817573c57caf1de17281dcbad4def910d97ec","/menu-dark-theme.css":"7498f3f3fa8354f5d63ac28aa4cca486b846694cc3a31ec3db7122205389c300","/manifest.json":"e9ee22f098a7aaa749971dd385bd2ea0dc9990dddbe1b2b517ec519c7c703808","/index.html.backup":"da6a6ad80db17b1f2e01bb4b82693b97adb4d039bbd244e2a3cf7041de758e50","/index.html":"77164e6863a288326b005f51f5be7ff371b1572e424cf98010f86483f000975e","/Incorrect 9.wav":"a9f53e0c70f59aa438460b222b305d36f8e573234a517f4a0e5b3405eed4174e","/Incorrect 8.wav":"9a8bf389a7b93ababc7ac3fd48ad5a58bd662f176044f8ae7cc08c90b42ca619","/Incorrect 7.wav":"a398be6c0afdbcba8b1d0af73bdfdc7842420a472260536cb18ba40d465fe3ab","/Incorrect 6.wav":"da03307e3e468cc85f162878ebc303d905c124b16d590396b6c31f1c1bd7564b","/Incorrect 5.wav":"4e23b25107b8cfdea0854488f72fdcdcbca5c6ff417a853273f0ea16a5fed786","/Incorrect 4.wav":"31a91db231ba02b9dd6c22c45c1b13affe57ea8e3079463a1560365ad6fc610d","/Incorrect 3.wav":"9dbfd45976c694cb6c1c0905a616b1ec8019d61a8906121428471136160ec1d9","/Incorrect 2.wav":"dd5d3358999a8ceaf079b9d711f5a7036ff9bd4261a50879977cb4fc3c5ce7ce","/Incorrect 10.wav":"efd38580dff06407e8e7908c1d30a8c25de91571dc899d51523a24b4d388a094","/Incorrect 1.wav":"c09711bc975650133a13f029a1259e10c308b45592fea0fcf5b4c4e4d5b6a917","/icon-512.png.png":"ff552cd49e545c12de258a61c9aeae91586b7284bc62d1dc458506559e9fc82a","/icon-512.png":"67bc4e55b5124047d16624fd2961c2dd221d609752bc9958295ec5d6ffe3b067","/icon-192.png.png":"5d4a0047663647f338b9d18a1a5f5e73713f6309e9e17a7e369f01e55d6fac83","/icon-192.png":"67bc4e55b5124047d16624fd2961c2dd221d609752bc9958295ec5d6ffe3b067","/firestore.indexes.json":"2ebb5733aa5f724393a8893b05f4dba6cf6950eb7bc2f7b661312e28e5e907bc","/firestore-rules.txt":"86b0d03f6a00fcdd3d8520645c100296613735595b24f81a9a1df335c5ef290f","/FIREBASE_VERIFICATION_SUMMARY.md":"0c134daf52702ad0285e54d9233e46e71b2b5878f016fba15b99a5b97feb4d48","/FIREBASE_SETUP.md":"cebe074304b3c38fb5264530391344cc40764291d11a54183522e8efd2e5f377","/FIREBASE_CHECKLIST.md":"c1ed4835e59f5a664ee5cf2231995322bd66e10900abe24ff5bedd3b4f45f85d","/firebase-validator.html":"89bef7dbfb1291e9438272abff52cdc35385b8a7dc5abae064de638c04a5e5a7","/firebase-test.html":"7ca205a7912d905677f2b78ac7197406874a237c85f0df1a3efe03f5be18034e","/firebase-messaging-sw.js":"8804e9627fc4875070a872b269d7ff89d68b767faa69b1427708f81e837cc48c","/firebase-config.js":"2246b82eb814a20b4c4dab9b68997eeb58c7f11d797c1e624335ba3e03627597","/Fear God.png":"ff0edaa0bafb9afe5b8ab6b8fd7577f7f55fa934737486c41d44c80c95e7e06a","/favicon.ico":"67bc4e55b5124047d16624fd2961c2dd221d609752bc9958295ec5d6ffe3b067","/explanations.js":"46b50c321b39e89a491b6727a01628c34245605a30beb3e7414c5e01cff90e6e","/End of Time Icon.png":"67bc4e55b5124047d16624fd2961c2dd221d609752bc9958295ec5d6ffe3b067","/dark-theme.css":"19ff7b28a6e97fa81b3b45a1a8dd2dc1d4a877b64f4db5ba7c41d7ebebfd7949","/correct_answer_2.wav":"9b9cc7656fd2dbca0e836a03586f1396db7d9193e825ef00b00c9f1711cbd773","/correct_answer_1.wav":"2fd00b90490fcfc1c1c6f537566bb8192140bff3b682ea50b330938c6704a5c7","/Correct 9.wav":"eb508cb4204fdaec6cf512c57217268812be6fe2f69f9509f7f3846710b6d1f4","/Correct 8.wav":"d8b4b5fbffc52fe4b6830ad27ef77e2b8196b7cbca69f760ad96126ca788f088","/Correct 7.wav":"cd5a1e663d793619786cd25652c67ff4dd5a49c8478ff5e6e9f4ea86b657fa9e","/Correct 6.wav":"623bc7af26994feb591cb83693192ac16ae38184e17fb42cfda52712cfbecfe5","/Correct 5.wav":"a18a2deb80534d680334fa385c4ff40caae1092a4af6034a4fedc50ac6965108","/Correct 4.wav":"01298a72edcbb4d519bf05dbeebe3aa8a0e7af42bb77dc954e3107c49afcc143","/Correct 3.wav":"f897aa430145f697dd56a72506cde4c15b5635a6bbac8262054a4be60e927fdc","/Correct 2.wav":"660d441808b5c88cc9aaad540d8651a990d2a0bf1fe0c77701621596f35e78c3","/Correct 10.wav":"828d5ca9e3921cfa197b7d45f609ab72933ad840859696d874759fb3c275772d","/Correct 1.wav":"96c45268e2e00fad2fcfa1f5f9fcde1cf9a002dbd6a0c4965b0d9758fa0ac9a0","/background.mp4":"9ba3c84cac5931f193b1fe043a3990b004a939a76300723c238e890a6677c481","/background 7.mp4":"afd9560337e923dd91bd10af60498842791ee584bdd3703c0fbd69350a59d9b5","/background 6.mp4":"324c741d93bc32608b64ad51a49e0a2fbd44fd5f72de5d6e125c7bd85bcac228","/background 5.mp4":"2a1e2eef9189c55cb6d95b733ff95a56ba5324a59e4a0155aec22b4320f4914b","/background 3.mp4":"dc4a68d279200b9a60e7f2f362299ba54f60705b35cea2c69712f738286d4653","/background 2.mp4":"9d6662167b3c1c58dd68ad24142ac7d76024ce607b8e7c5d85f9dd7525deb6a9","/background 1.mp4":"a4a77111d58433c30cb2ce403ff4d5fa3855c4e2c8e586b3b25bc3cf62153450","/audio-manager.js":"5ad212cd8a4c7c11c0d44e5c9a626890dad5bb5d36037bcfe35d9773e8840119","/public/index.html":"ad79476ba6e4a2cb4a8f99e19bd004f6dfbe4d695209f30e80bf2818535b8a79","/public/firebase-messaging-sw.js":"7c86940c3ea0b6f726eea52de044bf16aebc6c0618e8e0429eefe2ebc8c07e43","/functions/tsconfig.json":"19541ba5834da151b932a1490482ee1ec7ea3d36f9a364b4b2663b61c08bb4c8","/functions/package.json":"5b58bea224841b44a467365e03a672dd3ac17c8d692951d55a8db6481e6e9fa3","/functions/package-lock.json":"de44b878b02bf9bd5b3549912906f7634eb3aa73bd6550c47c379beb8b0e2e6e","/functions/index.js":"b45e8cfdef813fc661d1febc4a668699dcbad49c65de1d8a6629420b43f809f1","/.github/workflows/firebase-hosting-pull-request.yml":"26a08f2452aab0bbfa4871242d349c2841e0bfcafd2cc2b3d5935fb1a6fb86f8","/.github/workflows/firebase-hosting-merge.yml":"161c99c36b7ada6342f98b4d61161a9c63aed4ceddf1f318c00b4d6f78b4a739","/.claude/settings.local.json":"e0d47c03d61b2b0d946902399c4d7574f78040a423fda5eeb59b31bbdacd05ba","/functions/index.ts":"7cae9fbfd58f1ba96dd9c0cdb20ac88cd59893d31d41e707a80f58bbbd13ad0e","/functions/lib/index.js":"5ab28caf91e2f1f2cab67b726eea3f8a822df5efe2492815336502ab2523700d"}}
[debug] [2025-10-01T21:31:22.286Z] <<< [apiv2][status] POST https://firebasehosting.googleapis.com/v1beta1/projects/628602476853/sites/end-of-time-94cd3/versions/930a89403a9b11cf:populateFiles 200
[debug] [2025-10-01T21:31:22.287Z] <<< [apiv2][body] POST https://firebasehosting.googleapis.com/v1beta1/projects/628602476853/sites/end-of-time-94cd3/versions/930a89403a9b11cf:populateFiles {"uploadRequiredHashes":["5ab28caf91e2f1f2cab67b726eea3f8a822df5efe2492815336502ab2523700d","7cae9fbfd58f1ba96dd9c0cdb20ac88cd59893d31d41e707a80f58bbbd13ad0e"],"uploadUrl":"https://upload-firebasehosting.googleapis.com/upload/sites/end-of-time-94cd3/versions/930a89403a9b11cf/files"}
[debug] [2025-10-01T21:31:22.287Z] Checked if tokens are valid: true, expires at: 1759356586532
[debug] [2025-10-01T21:31:22.287Z] Checked if tokens are valid: true, expires at: 1759356586532
[debug] [2025-10-01T21:31:22.287Z] Checked if tokens are valid: true, expires at: 1759356586532
[debug] [2025-10-01T21:31:22.287Z] Checked if tokens are valid: true, expires at: 1759356586532
[debug] [2025-10-01T21:31:22.287Z] >>> [apiv2][query] POST https://upload-firebasehosting.googleapis.com/upload/sites/end-of-time-94cd3/versions/930a89403a9b11cf/files/5ab28caf91e2f1f2cab67b726eea3f8a822df5efe2492815336502ab2523700d [none]
[debug] [2025-10-01T21:31:22.287Z] >>> [apiv2][body] POST https://upload-firebasehosting.googleapis.com/upload/sites/end-of-time-94cd3/versions/930a89403a9b11cf/files/5ab28caf91e2f1f2cab67b726eea3f8a822df5efe2492815336502ab2523700d [stream]
[debug] [2025-10-01T21:31:22.288Z] >>> [apiv2][query] POST https://upload-firebasehosting.googleapis.com/upload/sites/end-of-time-94cd3/versions/930a89403a9b11cf/files/7cae9fbfd58f1ba96dd9c0cdb20ac88cd59893d31d41e707a80f58bbbd13ad0e [none]
[debug] [2025-10-01T21:31:22.288Z] >>> [apiv2][body] POST https://upload-firebasehosting.googleapis.com/upload/sites/end-of-time-94cd3/versions/930a89403a9b11cf/files/7cae9fbfd58f1ba96dd9c0cdb20ac88cd59893d31d41e707a80f58bbbd13ad0e [stream]
[debug] [2025-10-01T21:31:22.289Z] [hosting][populate queue][FINAL] {"max":651,"min":651,"avg":651,"active":0,"complete":1,"success":1,"errored":0,"retried":0,"total":1,"elapsed":653}
[debug] [2025-10-01T21:31:22.289Z] [hosting] uploads queued: 2
[info] i  hosting: uploading new files [0/2] (0%) 
[debug] [2025-10-01T21:31:23.947Z] <<< [apiv2][status] POST https://upload-firebasehosting.googleapis.com/upload/sites/end-of-time-94cd3/versions/930a89403a9b11cf/files/5ab28caf91e2f1f2cab67b726eea3f8a822df5efe2492815336502ab2523700d 200
[debug] [2025-10-01T21:31:23.948Z] <<< [apiv2][body] POST https://upload-firebasehosting.googleapis.com/upload/sites/end-of-time-94cd3/versions/930a89403a9b11cf/files/5ab28caf91e2f1f2cab67b726eea3f8a822df5efe2492815336502ab2523700d [stream]
[debug] [2025-10-01T21:31:24.131Z] <<< [apiv2][status] POST https://upload-firebasehosting.googleapis.com/upload/sites/end-of-time-94cd3/versions/930a89403a9b11cf/files/7cae9fbfd58f1ba96dd9c0cdb20ac88cd59893d31d41e707a80f58bbbd13ad0e 200
[debug] [2025-10-01T21:31:24.131Z] <<< [apiv2][body] POST https://upload-firebasehosting.googleapis.com/upload/sites/end-of-time-94cd3/versions/930a89403a9b11cf/files/7cae9fbfd58f1ba96dd9c0cdb20ac88cd59893d31d41e707a80f58bbbd13ad0e [stream]
[debug] [2025-10-01T21:31:24.131Z] [hosting][upload queue][FINAL] {"max":1844,"min":1661,"avg":1752.5,"active":0,"complete":2,"success":2,"errored":0,"retried":0,"total":2,"elapsed":1844}
[info] i  hosting: upload complete 
[info] +  hosting[end-of-time-94cd3]: file upload complete 
[debug] [2025-10-01T21:31:24.132Z] [hosting] deploy completed after 2522ms
[debug] [2025-10-01T21:31:24.132Z] [rules] releasing cloud.firestore/(default) with ruleset projects/end-of-time-94cd3/rulesets/68474669-bfd1-460f-8513-1bd661aba286
[debug] [2025-10-01T21:31:24.132Z] Checked if tokens are valid: true, expires at: 1759356586532
[debug] [2025-10-01T21:31:24.132Z] Checked if tokens are valid: true, expires at: 1759356586532
[debug] [2025-10-01T21:31:24.132Z] >>> [apiv2][query] PATCH https://firebaserules.googleapis.com/v1/projects/end-of-time-94cd3/releases/cloud.firestore/(default) [none]
[debug] [2025-10-01T21:31:24.132Z] >>> [apiv2][body] PATCH https://firebaserules.googleapis.com/v1/projects/end-of-time-94cd3/releases/cloud.firestore/(default) {"release":{"name":"projects/end-of-time-94cd3/releases/cloud.firestore/(default)","rulesetName":"projects/end-of-time-94cd3/rulesets/68474669-bfd1-460f-8513-1bd661aba286"}}
[debug] [2025-10-01T21:31:25.109Z] <<< [apiv2][status] PATCH https://firebaserules.googleapis.com/v1/projects/end-of-time-94cd3/releases/cloud.firestore/(default) 200
[debug] [2025-10-01T21:31:25.109Z] <<< [apiv2][body] PATCH https://firebaserules.googleapis.com/v1/projects/end-of-time-94cd3/releases/cloud.firestore/(default) {"name":"projects/end-of-time-94cd3/releases/cloud.firestore","rulesetName":"projects/end-of-time-94cd3/rulesets/68474669-bfd1-460f-8513-1bd661aba286","createTime":"2025-08-07T13:16:05.983290Z","updateTime":"2025-10-01T21:31:22.565554Z"}
[debug] [2025-10-01T21:31:25.109Z] [rules] updated release projects/end-of-time-94cd3/releases/cloud.firestore
[info] +  firestore: released rules firestore-rules.txt to cloud.firestore 
[info] i  functions: updating Node.js 18 (1st Gen) function sendEmailNotification(us-central1)... 
[debug] [2025-10-01T21:31:25.112Z] Checked if tokens are valid: true, expires at: 1759356586532
[debug] [2025-10-01T21:31:25.112Z] Checked if tokens are valid: true, expires at: 1759356586532
[debug] [2025-10-01T21:31:25.112Z] >>> [apiv2][query] PATCH https://cloudfunctions.googleapis.com/v1/projects/end-of-time-94cd3/locations/us-central1/functions/sendEmailNotification updateMask=name%2CsourceUploadUrl%2CentryPoint%2Cruntime%2CdockerRegistry%2Clabels%2CeventTrigger.eventType%2CeventTrigger.resource%2CeventTrigger.failurePolicy%2CminInstances%2CmaxInstances%2CingressSettings%2CenvironmentVariables%2CserviceAccountEmail%2CavailableMemoryMb%2Ctimeout%2CvpcConnector%2CvpcConnectorEgressSettings%2CsourceToken%2CbuildEnvironmentVariables
[debug] [2025-10-01T21:31:25.112Z] >>> [apiv2][body] PATCH https://cloudfunctions.googleapis.com/v1/projects/end-of-time-94cd3/locations/us-central1/functions/sendEmailNotification {"name":"projects/end-of-time-94cd3/locations/us-central1/functions/sendEmailNotification","sourceUploadUrl":"https://storage.googleapis.com/uploads-942337535895.us-central1.cloudfunctions.appspot.com/ba51e8ff-e52f-49c2-977d-15557c9a4bae.zip?GoogleAccessId=service-628602476853@gcf-admin-robot.iam.gserviceaccount.com&Expires=1759356078&Signature=Zgs%2FQ2HDO3dnnHLKeDdr%2FG2u60nFOuqqHtc0SsUE2hhebS77SEXuyRPBiDBf87Fzo8sPxKPzNnfOj4nC7HBPUtBuTDUoC8Mt1L4XD62ubgdc%2By3Kd580zaZMk3AYfvKPFJ0SjzyhzAeX3WtyACqwTChz2xJtykGW530CMDYrwxOfQjo7qcpqVs0pJs4gXUdrOTWwmSQwpR4R8b%2Bfr%2FH4LHs1tbkFvGg39r4%2BKQUGadWUqv%2BgOouEMTUuucPZMBXhyulIXQBFaujCgRhlRw3LhXFvxWpOKhvJTd3K7Ug486iGmC6G0aPBGZfH4M3uBtSxa%2BcElRJwYg9NbUInQ2SXUQ%3D%3D","entryPoint":"sendEmailNotification","runtime":"nodejs18","dockerRegistry":"ARTIFACT_REGISTRY","labels":{"deployment-tool":"cli-firebase","firebase-functions-hash":"56459c082568d9e4c02cc6fd38b507b74213262a"},"eventTrigger":{"eventType":"providers/cloud.firestore/eventTypes/document.create","resource":"projects/end-of-time-94cd3/databases/(default)/documents/emailQueue/{docId}"},"minInstances":null,"maxInstances":null,"ingressSettings":null,"environmentVariables":{"FIREBASE_CONFIG":"{\"projectId\":\"end-of-time-94cd3\",\"storageBucket\":\"end-of-time-94cd3.firebasestorage.app\"}","GCLOUD_PROJECT":"end-of-time-94cd3","EVENTARC_CLOUD_EVENT_SOURCE":"projects/end-of-time-94cd3/locations/us-central1/functions/sendEmailNotification"},"serviceAccountEmail":null,"availableMemoryMb":null,"timeout":null,"vpcConnector":null,"vpcConnectorEgressSettings":null,"buildEnvironmentVariables":{"GOOGLE_NODE_RUN_SCRIPTS":""}}
[debug] [2025-10-01T21:31:25.733Z] <<< [apiv2][status] PATCH https://cloudfunctions.googleapis.com/v1/projects/end-of-time-94cd3/locations/us-central1/functions/sendEmailNotification 200
[debug] [2025-10-01T21:31:25.733Z] <<< [apiv2][body] PATCH https://cloudfunctions.googleapis.com/v1/projects/end-of-time-94cd3/locations/us-central1/functions/sendEmailNotification {"name":"operations/ZW5kLW9mLXRpbWUtOTRjZDMvdXMtY2VudHJhbDEvc2VuZEVtYWlsTm90aWZpY2F0aW9uL3RPeTM0NW8yYjhn","metadata":{"@type":"type.googleapis.com/google.cloud.functions.v1.OperationMetadataV1","target":"projects/end-of-time-94cd3/locations/us-central1/functions/sendEmailNotification","type":"UPDATE_FUNCTION","request":{"@type":"type.googleapis.com/google.cloud.functions.v1.CloudFunction","name":"projects/end-of-time-94cd3/locations/us-central1/functions/sendEmailNotification","eventTrigger":{"eventType":"providers/cloud.firestore/eventTypes/document.create","resource":"projects/end-of-time-94cd3/databases/(default)/documents/emailQueue/{docId}","service":"firestore.googleapis.com"},"status":"ACTIVE","entryPoint":"sendEmailNotification","updateTime":"2025-10-01T21:29:08.717Z","versionId":"2","labels":{"deployment-tool":"cli-firebase","firebase-functions-hash":"56459c082568d9e4c02cc6fd38b507b74213262a"},"sourceUploadUrl":"https://storage.googleapis.com/uploads-942337535895.us-central1.cloudfunctions.appspot.com/ba51e8ff-e52f-49c2-977d-15557c9a4bae.zip?GoogleAccessId=service-628602476853@gcf-admin-robot.iam.gserviceaccount.com&Expires=1759356078&Signature=Zgs%2FQ2HDO3dnnHLKeDdr%2FG2u60nFOuqqHtc0SsUE2hhebS77SEXuyRPBiDBf87Fzo8sPxKPzNnfOj4nC7HBPUtBuTDUoC8Mt1L4XD62ubgdc%2By3Kd580zaZMk3AYfvKPFJ0SjzyhzAeX3WtyACqwTChz2xJtykGW530CMDYrwxOfQjo7qcpqVs0pJs4gXUdrOTWwmSQwpR4R8b%2Bfr%2FH4LHs1tbkFvGg39r4%2BKQUGadWUqv%2BgOouEMTUuucPZMBXhyulIXQBFaujCgRhlRw3LhXFvxWpOKhvJTd3K7Ug486iGmC6G0aPBGZfH4M3uBtSxa%2BcElRJwYg9NbUInQ2SXUQ%3D%3D","environmentVariables":{"FIREBASE_CONFIG":"{\"projectId\":\"end-of-time-94cd3\",\"storageBucket\":\"end-of-time-94cd3.firebasestorage.app\"}","GCLOUD_PROJECT":"end-of-time-94cd3","EVENTARC_CLOUD_EVENT_SOURCE":"projects/end-of-time-94cd3/locations/us-central1/functions/sendEmailNotification"},"runtime":"nodejs18","buildId":"6a11c8b4-d822-4a34-b527-25d93a666143","buildEnvironmentVariables":{"GOOGLE_NODE_RUN_SCRIPTS":""},"buildName":"projects/628602476853/locations/us-central1/builds/6a11c8b4-d822-4a34-b527-25d93a666143","dockerRegistry":"ARTIFACT_REGISTRY","automaticUpdatePolicy":{},"buildServiceAccount":"projects/end-of-time-94cd3/serviceAccounts/628602476853-compute@developer.gserviceaccount.com"},"versionId":"3","updateTime":"2025-10-01T21:31:23Z"}}
[debug] [2025-10-01T21:31:25.734Z] Checked if tokens are valid: true, expires at: 1759356586532
[debug] [2025-10-01T21:31:25.734Z] Checked if tokens are valid: true, expires at: 1759356586532
[debug] [2025-10-01T21:31:25.734Z] >>> [apiv2][query] GET https://cloudfunctions.googleapis.com/v1/operations/ZW5kLW9mLXRpbWUtOTRjZDMvdXMtY2VudHJhbDEvc2VuZEVtYWlsTm90aWZpY2F0aW9uL3RPeTM0NW8yYjhn [none]
[debug] [2025-10-01T21:31:26.072Z] <<< [apiv2][status] GET https://cloudfunctions.googleapis.com/v1/operations/ZW5kLW9mLXRpbWUtOTRjZDMvdXMtY2VudHJhbDEvc2VuZEVtYWlsTm90aWZpY2F0aW9uL3RPeTM0NW8yYjhn 200
[debug] [2025-10-01T21:31:26.072Z] <<< [apiv2][body] GET https://cloudfunctions.googleapis.com/v1/operations/ZW5kLW9mLXRpbWUtOTRjZDMvdXMtY2VudHJhbDEvc2VuZEVtYWlsTm90aWZpY2F0aW9uL3RPeTM0NW8yYjhn {"name":"operations/ZW5kLW9mLXRpbWUtOTRjZDMvdXMtY2VudHJhbDEvc2VuZEVtYWlsTm90aWZpY2F0aW9uL3RPeTM0NW8yYjhn","metadata":{"@type":"type.googleapis.com/google.cloud.functions.v1.OperationMetadataV1","target":"projects/end-of-time-94cd3/locations/us-central1/functions/sendEmailNotification","type":"UPDATE_FUNCTION","request":{"@type":"type.googleapis.com/google.cloud.functions.v1.CloudFunction","name":"projects/end-of-time-94cd3/locations/us-central1/functions/sendEmailNotification","eventTrigger":{"eventType":"providers/cloud.firestore/eventTypes/document.create","resource":"projects/end-of-time-94cd3/databases/(default)/documents/emailQueue/{docId}","service":"firestore.googleapis.com"},"status":"ACTIVE","entryPoint":"sendEmailNotification","updateTime":"2025-10-01T21:29:08.717Z","versionId":"2","labels":{"deployment-tool":"cli-firebase","firebase-functions-hash":"56459c082568d9e4c02cc6fd38b507b74213262a"},"sourceUploadUrl":"https://storage.googleapis.com/uploads-942337535895.us-central1.cloudfunctions.appspot.com/ba51e8ff-e52f-49c2-977d-15557c9a4bae.zip?GoogleAccessId=service-628602476853@gcf-admin-robot.iam.gserviceaccount.com&Expires=1759356078&Signature=Zgs%2FQ2HDO3dnnHLKeDdr%2FG2u60nFOuqqHtc0SsUE2hhebS77SEXuyRPBiDBf87Fzo8sPxKPzNnfOj4nC7HBPUtBuTDUoC8Mt1L4XD62ubgdc%2By3Kd580zaZMk3AYfvKPFJ0SjzyhzAeX3WtyACqwTChz2xJtykGW530CMDYrwxOfQjo7qcpqVs0pJs4gXUdrOTWwmSQwpR4R8b%2Bfr%2FH4LHs1tbkFvGg39r4%2BKQUGadWUqv%2BgOouEMTUuucPZMBXhyulIXQBFaujCgRhlRw3LhXFvxWpOKhvJTd3K7Ug486iGmC6G0aPBGZfH4M3uBtSxa%2BcElRJwYg9NbUInQ2SXUQ%3D%3D","environmentVariables":{"FIREBASE_CONFIG":"{\"projectId\":\"end-of-time-94cd3\",\"storageBucket\":\"end-of-time-94cd3.firebasestorage.app\"}","GCLOUD_PROJECT":"end-of-time-94cd3","EVENTARC_CLOUD_EVENT_SOURCE":"projects/end-of-time-94cd3/locations/us-central1/functions/sendEmailNotification"},"runtime":"nodejs18","buildId":"6a11c8b4-d822-4a34-b527-25d93a666143","buildEnvironmentVariables":{"GOOGLE_NODE_RUN_SCRIPTS":""},"buildName":"projects/628602476853/locations/us-central1/builds/6a11c8b4-d822-4a34-b527-25d93a666143","dockerRegistry":"ARTIFACT_REGISTRY","automaticUpdatePolicy":{},"buildServiceAccount":"projects/end-of-time-94cd3/serviceAccounts/628602476853-compute@developer.gserviceaccount.com"},"versionId":"3","updateTime":"2025-10-01T21:31:23Z"}}
[debug] [2025-10-01T21:31:26.580Z] [update-default-us-central1-sendEmailNotification] Retrying task index 0
[debug] [2025-10-01T21:31:26.580Z] Checked if tokens are valid: true, expires at: 1759356586532
[debug] [2025-10-01T21:31:26.580Z] Checked if tokens are valid: true, expires at: 1759356586532
[debug] [2025-10-01T21:31:26.580Z] >>> [apiv2][query] GET https://cloudfunctions.googleapis.com/v1/operations/ZW5kLW9mLXRpbWUtOTRjZDMvdXMtY2VudHJhbDEvc2VuZEVtYWlsTm90aWZpY2F0aW9uL3RPeTM0NW8yYjhn [none]
[debug] [2025-10-01T21:31:26.907Z] <<< [apiv2][status] GET https://cloudfunctions.googleapis.com/v1/operations/ZW5kLW9mLXRpbWUtOTRjZDMvdXMtY2VudHJhbDEvc2VuZEVtYWlsTm90aWZpY2F0aW9uL3RPeTM0NW8yYjhn 200
[debug] [2025-10-01T21:31:26.908Z] <<< [apiv2][body] GET https://cloudfunctions.googleapis.com/v1/operations/ZW5kLW9mLXRpbWUtOTRjZDMvdXMtY2VudHJhbDEvc2VuZEVtYWlsTm90aWZpY2F0aW9uL3RPeTM0NW8yYjhn {"name":"operations/ZW5kLW9mLXRpbWUtOTRjZDMvdXMtY2VudHJhbDEvc2VuZEVtYWlsTm90aWZpY2F0aW9uL3RPeTM0NW8yYjhn","metadata":{"@type":"type.googleapis.com/google.cloud.functions.v1.OperationMetadataV1","target":"projects/end-of-time-94cd3/locations/us-central1/functions/sendEmailNotification","type":"UPDATE_FUNCTION","request":{"@type":"type.googleapis.com/google.cloud.functions.v1.CloudFunction","name":"projects/end-of-time-94cd3/locations/us-central1/functions/sendEmailNotification","eventTrigger":{"eventType":"providers/cloud.firestore/eventTypes/document.create","resource":"projects/end-of-time-94cd3/databases/(default)/documents/emailQueue/{docId}","service":"firestore.googleapis.com"},"status":"ACTIVE","entryPoint":"sendEmailNotification","updateTime":"2025-10-01T21:29:08.717Z","versionId":"2","labels":{"deployment-tool":"cli-firebase","firebase-functions-hash":"56459c082568d9e4c02cc6fd38b507b74213262a"},"sourceUploadUrl":"https://storage.googleapis.com/uploads-942337535895.us-central1.cloudfunctions.appspot.com/ba51e8ff-e52f-49c2-977d-15557c9a4bae.zip?GoogleAccessId=service-628602476853@gcf-admin-robot.iam.gserviceaccount.com&Expires=1759356078&Signature=Zgs%2FQ2HDO3dnnHLKeDdr%2FG2u60nFOuqqHtc0SsUE2hhebS77SEXuyRPBiDBf87Fzo8sPxKPzNnfOj4nC7HBPUtBuTDUoC8Mt1L4XD62ubgdc%2By3Kd580zaZMk3AYfvKPFJ0SjzyhzAeX3WtyACqwTChz2xJtykGW530CMDYrwxOfQjo7qcpqVs0pJs4gXUdrOTWwmSQwpR4R8b%2Bfr%2FH4LHs1tbkFvGg39r4%2BKQUGadWUqv%2BgOouEMTUuucPZMBXhyulIXQBFaujCgRhlRw3LhXFvxWpOKhvJTd3K7Ug486iGmC6G0aPBGZfH4M3uBtSxa%2BcElRJwYg9NbUInQ2SXUQ%3D%3D","environmentVariables":{"FIREBASE_CONFIG":"{\"projectId\":\"end-of-time-94cd3\",\"storageBucket\":\"end-of-time-94cd3.firebasestorage.app\"}","GCLOUD_PROJECT":"end-of-time-94cd3","EVENTARC_CLOUD_EVENT_SOURCE":"projects/end-of-time-94cd3/locations/us-central1/functions/sendEmailNotification"},"runtime":"nodejs18","buildId":"6a11c8b4-d822-4a34-b527-25d93a666143","buildEnvironmentVariables":{"GOOGLE_NODE_RUN_SCRIPTS":""},"buildName":"projects/628602476853/locations/us-central1/builds/6a11c8b4-d822-4a34-b527-25d93a666143","dockerRegistry":"ARTIFACT_REGISTRY","automaticUpdatePolicy":{},"buildServiceAccount":"projects/end-of-time-94cd3/serviceAccounts/628602476853-compute@developer.gserviceaccount.com"},"versionId":"3","updateTime":"2025-10-01T21:31:23Z","buildId":"f38b0e97-377e-4d76-86d8-7198094f3ee3","buildName":"projects/628602476853/locations/us-central1/builds/f38b0e97-377e-4d76-86d8-7198094f3ee3"}}
[debug] [2025-10-01T21:31:27.909Z] [update-default-us-central1-sendEmailNotification] Retrying task index 0
[debug] [2025-10-01T21:31:27.909Z] Checked if tokens are valid: true, expires at: 1759356586532
[debug] [2025-10-01T21:31:27.909Z] Checked if tokens are valid: true, expires at: 1759356586532
[debug] [2025-10-01T21:31:27.909Z] >>> [apiv2][query] GET https://cloudfunctions.googleapis.com/v1/operations/ZW5kLW9mLXRpbWUtOTRjZDMvdXMtY2VudHJhbDEvc2VuZEVtYWlsTm90aWZpY2F0aW9uL3RPeTM0NW8yYjhn [none]
[debug] [2025-10-01T21:31:28.226Z] <<< [apiv2][status] GET https://cloudfunctions.googleapis.com/v1/operations/ZW5kLW9mLXRpbWUtOTRjZDMvdXMtY2VudHJhbDEvc2VuZEVtYWlsTm90aWZpY2F0aW9uL3RPeTM0NW8yYjhn 200
[debug] [2025-10-01T21:31:28.227Z] <<< [apiv2][body] GET https://cloudfunctions.googleapis.com/v1/operations/ZW5kLW9mLXRpbWUtOTRjZDMvdXMtY2VudHJhbDEvc2VuZEVtYWlsTm90aWZpY2F0aW9uL3RPeTM0NW8yYjhn {"name":"operations/ZW5kLW9mLXRpbWUtOTRjZDMvdXMtY2VudHJhbDEvc2VuZEVtYWlsTm90aWZpY2F0aW9uL3RPeTM0NW8yYjhn","metadata":{"@type":"type.googleapis.com/google.cloud.functions.v1.OperationMetadataV1","target":"projects/end-of-time-94cd3/locations/us-central1/functions/sendEmailNotification","type":"UPDATE_FUNCTION","request":{"@type":"type.googleapis.com/google.cloud.functions.v1.CloudFunction","name":"projects/end-of-time-94cd3/locations/us-central1/functions/sendEmailNotification","eventTrigger":{"eventType":"providers/cloud.firestore/eventTypes/document.create","resource":"projects/end-of-time-94cd3/databases/(default)/documents/emailQueue/{docId}","service":"firestore.googleapis.com"},"status":"ACTIVE","entryPoint":"sendEmailNotification","updateTime":"2025-10-01T21:29:08.717Z","versionId":"2","labels":{"deployment-tool":"cli-firebase","firebase-functions-hash":"56459c082568d9e4c02cc6fd38b507b74213262a"},"sourceUploadUrl":"https://storage.googleapis.com/uploads-942337535895.us-central1.cloudfunctions.appspot.com/ba51e8ff-e52f-49c2-977d-15557c9a4bae.zip?GoogleAccessId=service-628602476853@gcf-admin-robot.iam.gserviceaccount.com&Expires=1759356078&Signature=Zgs%2FQ2HDO3dnnHLKeDdr%2FG2u60nFOuqqHtc0SsUE2hhebS77SEXuyRPBiDBf87Fzo8sPxKPzNnfOj4nC7HBPUtBuTDUoC8Mt1L4XD62ubgdc%2By3Kd580zaZMk3AYfvKPFJ0SjzyhzAeX3WtyACqwTChz2xJtykGW530CMDYrwxOfQjo7qcpqVs0pJs4gXUdrOTWwmSQwpR4R8b%2Bfr%2FH4LHs1tbkFvGg39r4%2BKQUGadWUqv%2BgOouEMTUuucPZMBXhyulIXQBFaujCgRhlRw3LhXFvxWpOKhvJTd3K7Ug486iGmC6G0aPBGZfH4M3uBtSxa%2BcElRJwYg9NbUInQ2SXUQ%3D%3D","environmentVariables":{"FIREBASE_CONFIG":"{\"projectId\":\"end-of-time-94cd3\",\"storageBucket\":\"end-of-time-94cd3.firebasestorage.app\"}","GCLOUD_PROJECT":"end-of-time-94cd3","EVENTARC_CLOUD_EVENT_SOURCE":"projects/end-of-time-94cd3/locations/us-central1/functions/sendEmailNotification"},"runtime":"nodejs18","buildId":"6a11c8b4-d822-4a34-b527-25d93a666143","buildEnvironmentVariables":{"GOOGLE_NODE_RUN_SCRIPTS":""},"buildName":"projects/628602476853/locations/us-central1/builds/6a11c8b4-d822-4a34-b527-25d93a666143","dockerRegistry":"ARTIFACT_REGISTRY","automaticUpdatePolicy":{},"buildServiceAccount":"projects/end-of-time-94cd3/serviceAccounts/628602476853-compute@developer.gserviceaccount.com"},"versionId":"3","updateTime":"2025-10-01T21:31:23Z","buildId":"f38b0e97-377e-4d76-86d8-7198094f3ee3","buildName":"projects/628602476853/locations/us-central1/builds/f38b0e97-377e-4d76-86d8-7198094f3ee3"}}
[debug] [2025-10-01T21:31:30.237Z] [update-default-us-central1-sendEmailNotification] Retrying task index 0
[debug] [2025-10-01T21:31:30.237Z] Checked if tokens are valid: true, expires at: 1759356586532
[debug] [2025-10-01T21:31:30.237Z] Checked if tokens are valid: true, expires at: 1759356586532
[debug] [2025-10-01T21:31:30.237Z] >>> [apiv2][query] GET https://cloudfunctions.googleapis.com/v1/operations/ZW5kLW9mLXRpbWUtOTRjZDMvdXMtY2VudHJhbDEvc2VuZEVtYWlsTm90aWZpY2F0aW9uL3RPeTM0NW8yYjhn [none]
[debug] [2025-10-01T21:31:30.552Z] <<< [apiv2][status] GET https://cloudfunctions.googleapis.com/v1/operations/ZW5kLW9mLXRpbWUtOTRjZDMvdXMtY2VudHJhbDEvc2VuZEVtYWlsTm90aWZpY2F0aW9uL3RPeTM0NW8yYjhn 200
[debug] [2025-10-01T21:31:30.552Z] <<< [apiv2][body] GET https://cloudfunctions.googleapis.com/v1/operations/ZW5kLW9mLXRpbWUtOTRjZDMvdXMtY2VudHJhbDEvc2VuZEVtYWlsTm90aWZpY2F0aW9uL3RPeTM0NW8yYjhn {"name":"operations/ZW5kLW9mLXRpbWUtOTRjZDMvdXMtY2VudHJhbDEvc2VuZEVtYWlsTm90aWZpY2F0aW9uL3RPeTM0NW8yYjhn","metadata":{"@type":"type.googleapis.com/google.cloud.functions.v1.OperationMetadataV1","target":"projects/end-of-time-94cd3/locations/us-central1/functions/sendEmailNotification","type":"UPDATE_FUNCTION","request":{"@type":"type.googleapis.com/google.cloud.functions.v1.CloudFunction","name":"projects/end-of-time-94cd3/locations/us-central1/functions/sendEmailNotification","eventTrigger":{"eventType":"providers/cloud.firestore/eventTypes/document.create","resource":"projects/end-of-time-94cd3/databases/(default)/documents/emailQueue/{docId}","service":"firestore.googleapis.com"},"status":"ACTIVE","entryPoint":"sendEmailNotification","updateTime":"2025-10-01T21:29:08.717Z","versionId":"2","labels":{"deployment-tool":"cli-firebase","firebase-functions-hash":"56459c082568d9e4c02cc6fd38b507b74213262a"},"sourceUploadUrl":"https://storage.googleapis.com/uploads-942337535895.us-central1.cloudfunctions.appspot.com/ba51e8ff-e52f-49c2-977d-15557c9a4bae.zip?GoogleAccessId=service-628602476853@gcf-admin-robot.iam.gserviceaccount.com&Expires=1759356078&Signature=Zgs%2FQ2HDO3dnnHLKeDdr%2FG2u60nFOuqqHtc0SsUE2hhebS77SEXuyRPBiDBf87Fzo8sPxKPzNnfOj4nC7HBPUtBuTDUoC8Mt1L4XD62ubgdc%2By3Kd580zaZMk3AYfvKPFJ0SjzyhzAeX3WtyACqwTChz2xJtykGW530CMDYrwxOfQjo7qcpqVs0pJs4gXUdrOTWwmSQwpR4R8b%2Bfr%2FH4LHs1tbkFvGg39r4%2BKQUGadWUqv%2BgOouEMTUuucPZMBXhyulIXQBFaujCgRhlRw3LhXFvxWpOKhvJTd3K7Ug486iGmC6G0aPBGZfH4M3uBtSxa%2BcElRJwYg9NbUInQ2SXUQ%3D%3D","environmentVariables":{"FIREBASE_CONFIG":"{\"projectId\":\"end-of-time-94cd3\",\"storageBucket\":\"end-of-time-94cd3.firebasestorage.app\"}","GCLOUD_PROJECT":"end-of-time-94cd3","EVENTARC_CLOUD_EVENT_SOURCE":"projects/end-of-time-94cd3/locations/us-central1/functions/sendEmailNotification"},"runtime":"nodejs18","buildId":"6a11c8b4-d822-4a34-b527-25d93a666143","buildEnvironmentVariables":{"GOOGLE_NODE_RUN_SCRIPTS":""},"buildName":"projects/628602476853/locations/us-central1/builds/6a11c8b4-d822-4a34-b527-25d93a666143","dockerRegistry":"ARTIFACT_REGISTRY","automaticUpdatePolicy":{},"buildServiceAccount":"projects/end-of-time-94cd3/serviceAccounts/628602476853-compute@developer.gserviceaccount.com"},"versionId":"3","updateTime":"2025-10-01T21:31:23Z","buildId":"f38b0e97-377e-4d76-86d8-7198094f3ee3","buildName":"projects/628602476853/locations/us-central1/builds/f38b0e97-377e-4d76-86d8-7198094f3ee3"}}
[debug] [2025-10-01T21:31:34.561Z] [update-default-us-central1-sendEmailNotification] Retrying task index 0
[debug] [2025-10-01T21:31:34.561Z] Checked if tokens are valid: true, expires at: 1759356586532
[debug] [2025-10-01T21:31:34.561Z] Checked if tokens are valid: true, expires at: 1759356586532
[debug] [2025-10-01T21:31:34.561Z] >>> [apiv2][query] GET https://cloudfunctions.googleapis.com/v1/operations/ZW5kLW9mLXRpbWUtOTRjZDMvdXMtY2VudHJhbDEvc2VuZEVtYWlsTm90aWZpY2F0aW9uL3RPeTM0NW8yYjhn [none]
[debug] [2025-10-01T21:31:34.892Z] <<< [apiv2][status] GET https://cloudfunctions.googleapis.com/v1/operations/ZW5kLW9mLXRpbWUtOTRjZDMvdXMtY2VudHJhbDEvc2VuZEVtYWlsTm90aWZpY2F0aW9uL3RPeTM0NW8yYjhn 200
[debug] [2025-10-01T21:31:34.893Z] <<< [apiv2][body] GET https://cloudfunctions.googleapis.com/v1/operations/ZW5kLW9mLXRpbWUtOTRjZDMvdXMtY2VudHJhbDEvc2VuZEVtYWlsTm90aWZpY2F0aW9uL3RPeTM0NW8yYjhn {"name":"operations/ZW5kLW9mLXRpbWUtOTRjZDMvdXMtY2VudHJhbDEvc2VuZEVtYWlsTm90aWZpY2F0aW9uL3RPeTM0NW8yYjhn","metadata":{"@type":"type.googleapis.com/google.cloud.functions.v1.OperationMetadataV1","target":"projects/end-of-time-94cd3/locations/us-central1/functions/sendEmailNotification","type":"UPDATE_FUNCTION","request":{"@type":"type.googleapis.com/google.cloud.functions.v1.CloudFunction","name":"projects/end-of-time-94cd3/locations/us-central1/functions/sendEmailNotification","eventTrigger":{"eventType":"providers/cloud.firestore/eventTypes/document.create","resource":"projects/end-of-time-94cd3/databases/(default)/documents/emailQueue/{docId}","service":"firestore.googleapis.com"},"status":"ACTIVE","entryPoint":"sendEmailNotification","updateTime":"2025-10-01T21:29:08.717Z","versionId":"2","labels":{"deployment-tool":"cli-firebase","firebase-functions-hash":"56459c082568d9e4c02cc6fd38b507b74213262a"},"sourceUploadUrl":"https://storage.googleapis.com/uploads-942337535895.us-central1.cloudfunctions.appspot.com/ba51e8ff-e52f-49c2-977d-15557c9a4bae.zip?GoogleAccessId=service-628602476853@gcf-admin-robot.iam.gserviceaccount.com&Expires=1759356078&Signature=Zgs%2FQ2HDO3dnnHLKeDdr%2FG2u60nFOuqqHtc0SsUE2hhebS77SEXuyRPBiDBf87Fzo8sPxKPzNnfOj4nC7HBPUtBuTDUoC8Mt1L4XD62ubgdc%2By3Kd580zaZMk3AYfvKPFJ0SjzyhzAeX3WtyACqwTChz2xJtykGW530CMDYrwxOfQjo7qcpqVs0pJs4gXUdrOTWwmSQwpR4R8b%2Bfr%2FH4LHs1tbkFvGg39r4%2BKQUGadWUqv%2BgOouEMTUuucPZMBXhyulIXQBFaujCgRhlRw3LhXFvxWpOKhvJTd3K7Ug486iGmC6G0aPBGZfH4M3uBtSxa%2BcElRJwYg9NbUInQ2SXUQ%3D%3D","environmentVariables":{"FIREBASE_CONFIG":"{\"projectId\":\"end-of-time-94cd3\",\"storageBucket\":\"end-of-time-94cd3.firebasestorage.app\"}","GCLOUD_PROJECT":"end-of-time-94cd3","EVENTARC_CLOUD_EVENT_SOURCE":"projects/end-of-time-94cd3/locations/us-central1/functions/sendEmailNotification"},"runtime":"nodejs18","buildId":"6a11c8b4-d822-4a34-b527-25d93a666143","buildEnvironmentVariables":{"GOOGLE_NODE_RUN_SCRIPTS":""},"buildName":"projects/628602476853/locations/us-central1/builds/6a11c8b4-d822-4a34-b527-25d93a666143","dockerRegistry":"ARTIFACT_REGISTRY","automaticUpdatePolicy":{},"buildServiceAccount":"projects/end-of-time-94cd3/serviceAccounts/628602476853-compute@developer.gserviceaccount.com"},"versionId":"3","updateTime":"2025-10-01T21:31:23Z","buildId":"f38b0e97-377e-4d76-86d8-7198094f3ee3","buildName":"projects/628602476853/locations/us-central1/builds/f38b0e97-377e-4d76-86d8-7198094f3ee3"}}
[debug] [2025-10-01T21:31:42.901Z] [update-default-us-central1-sendEmailNotification] Retrying task index 0
[debug] [2025-10-01T21:31:42.901Z] Checked if tokens are valid: true, expires at: 1759356586532
[debug] [2025-10-01T21:31:42.901Z] Checked if tokens are valid: true, expires at: 1759356586532
[debug] [2025-10-01T21:31:42.901Z] >>> [apiv2][query] GET https://cloudfunctions.googleapis.com/v1/operations/ZW5kLW9mLXRpbWUtOTRjZDMvdXMtY2VudHJhbDEvc2VuZEVtYWlsTm90aWZpY2F0aW9uL3RPeTM0NW8yYjhn [none]
[debug] [2025-10-01T21:31:43.423Z] <<< [apiv2][status] GET https://cloudfunctions.googleapis.com/v1/operations/ZW5kLW9mLXRpbWUtOTRjZDMvdXMtY2VudHJhbDEvc2VuZEVtYWlsTm90aWZpY2F0aW9uL3RPeTM0NW8yYjhn 200
[debug] [2025-10-01T21:31:43.423Z] <<< [apiv2][body] GET https://cloudfunctions.googleapis.com/v1/operations/ZW5kLW9mLXRpbWUtOTRjZDMvdXMtY2VudHJhbDEvc2VuZEVtYWlsTm90aWZpY2F0aW9uL3RPeTM0NW8yYjhn {"name":"operations/ZW5kLW9mLXRpbWUtOTRjZDMvdXMtY2VudHJhbDEvc2VuZEVtYWlsTm90aWZpY2F0aW9uL3RPeTM0NW8yYjhn","metadata":{"@type":"type.googleapis.com/google.cloud.functions.v1.OperationMetadataV1","target":"projects/end-of-time-94cd3/locations/us-central1/functions/sendEmailNotification","type":"UPDATE_FUNCTION","request":{"@type":"type.googleapis.com/google.cloud.functions.v1.CloudFunction","name":"projects/end-of-time-94cd3/locations/us-central1/functions/sendEmailNotification","eventTrigger":{"eventType":"providers/cloud.firestore/eventTypes/document.create","resource":"projects/end-of-time-94cd3/databases/(default)/documents/emailQueue/{docId}","service":"firestore.googleapis.com"},"status":"ACTIVE","entryPoint":"sendEmailNotification","updateTime":"2025-10-01T21:29:08.717Z","versionId":"2","labels":{"deployment-tool":"cli-firebase","firebase-functions-hash":"56459c082568d9e4c02cc6fd38b507b74213262a"},"sourceUploadUrl":"https://storage.googleapis.com/uploads-942337535895.us-central1.cloudfunctions.appspot.com/ba51e8ff-e52f-49c2-977d-15557c9a4bae.zip?GoogleAccessId=service-628602476853@gcf-admin-robot.iam.gserviceaccount.com&Expires=1759356078&Signature=Zgs%2FQ2HDO3dnnHLKeDdr%2FG2u60nFOuqqHtc0SsUE2hhebS77SEXuyRPBiDBf87Fzo8sPxKPzNnfOj4nC7HBPUtBuTDUoC8Mt1L4XD62ubgdc%2By3Kd580zaZMk3AYfvKPFJ0SjzyhzAeX3WtyACqwTChz2xJtykGW530CMDYrwxOfQjo7qcpqVs0pJs4gXUdrOTWwmSQwpR4R8b%2Bfr%2FH4LHs1tbkFvGg39r4%2BKQUGadWUqv%2BgOouEMTUuucPZMBXhyulIXQBFaujCgRhlRw3LhXFvxWpOKhvJTd3K7Ug486iGmC6G0aPBGZfH4M3uBtSxa%2BcElRJwYg9NbUInQ2SXUQ%3D%3D","environmentVariables":{"FIREBASE_CONFIG":"{\"projectId\":\"end-of-time-94cd3\",\"storageBucket\":\"end-of-time-94cd3.firebasestorage.app\"}","GCLOUD_PROJECT":"end-of-time-94cd3","EVENTARC_CLOUD_EVENT_SOURCE":"projects/end-of-time-94cd3/locations/us-central1/functions/sendEmailNotification"},"runtime":"nodejs18","buildId":"6a11c8b4-d822-4a34-b527-25d93a666143","buildEnvironmentVariables":{"GOOGLE_NODE_RUN_SCRIPTS":""},"buildName":"projects/628602476853/locations/us-central1/builds/6a11c8b4-d822-4a34-b527-25d93a666143","dockerRegistry":"ARTIFACT_REGISTRY","automaticUpdatePolicy":{},"buildServiceAccount":"projects/end-of-time-94cd3/serviceAccounts/628602476853-compute@developer.gserviceaccount.com"},"versionId":"3","updateTime":"2025-10-01T21:31:23Z","buildId":"f38b0e97-377e-4d76-86d8-7198094f3ee3","buildName":"projects/628602476853/locations/us-central1/builds/f38b0e97-377e-4d76-86d8-7198094f3ee3"}}
[debug] [2025-10-01T21:31:53.431Z] [update-default-us-central1-sendEmailNotification] Retrying task index 0
[debug] [2025-10-01T21:31:53.432Z] Checked if tokens are valid: true, expires at: 1759356586532
[debug] [2025-10-01T21:31:53.432Z] Checked if tokens are valid: true, expires at: 1759356586532
[debug] [2025-10-01T21:31:53.432Z] >>> [apiv2][query] GET https://cloudfunctions.googleapis.com/v1/operations/ZW5kLW9mLXRpbWUtOTRjZDMvdXMtY2VudHJhbDEvc2VuZEVtYWlsTm90aWZpY2F0aW9uL3RPeTM0NW8yYjhn [none]
[debug] [2025-10-01T21:31:53.948Z] <<< [apiv2][status] GET https://cloudfunctions.googleapis.com/v1/operations/ZW5kLW9mLXRpbWUtOTRjZDMvdXMtY2VudHJhbDEvc2VuZEVtYWlsTm90aWZpY2F0aW9uL3RPeTM0NW8yYjhn 200
[debug] [2025-10-01T21:31:53.948Z] <<< [apiv2][body] GET https://cloudfunctions.googleapis.com/v1/operations/ZW5kLW9mLXRpbWUtOTRjZDMvdXMtY2VudHJhbDEvc2VuZEVtYWlsTm90aWZpY2F0aW9uL3RPeTM0NW8yYjhn {"name":"operations/ZW5kLW9mLXRpbWUtOTRjZDMvdXMtY2VudHJhbDEvc2VuZEVtYWlsTm90aWZpY2F0aW9uL3RPeTM0NW8yYjhn","metadata":{"@type":"type.googleapis.com/google.cloud.functions.v1.OperationMetadataV1","target":"projects/end-of-time-94cd3/locations/us-central1/functions/sendEmailNotification","type":"UPDATE_FUNCTION","request":{"@type":"type.googleapis.com/google.cloud.functions.v1.CloudFunction","name":"projects/end-of-time-94cd3/locations/us-central1/functions/sendEmailNotification","eventTrigger":{"eventType":"providers/cloud.firestore/eventTypes/document.create","resource":"projects/end-of-time-94cd3/databases/(default)/documents/emailQueue/{docId}","service":"firestore.googleapis.com"},"status":"ACTIVE","entryPoint":"sendEmailNotification","updateTime":"2025-10-01T21:29:08.717Z","versionId":"2","labels":{"deployment-tool":"cli-firebase","firebase-functions-hash":"56459c082568d9e4c02cc6fd38b507b74213262a"},"sourceUploadUrl":"https://storage.googleapis.com/uploads-942337535895.us-central1.cloudfunctions.appspot.com/ba51e8ff-e52f-49c2-977d-15557c9a4bae.zip?GoogleAccessId=service-628602476853@gcf-admin-robot.iam.gserviceaccount.com&Expires=1759356078&Signature=Zgs%2FQ2HDO3dnnHLKeDdr%2FG2u60nFOuqqHtc0SsUE2hhebS77SEXuyRPBiDBf87Fzo8sPxKPzNnfOj4nC7HBPUtBuTDUoC8Mt1L4XD62ubgdc%2By3Kd580zaZMk3AYfvKPFJ0SjzyhzAeX3WtyACqwTChz2xJtykGW530CMDYrwxOfQjo7qcpqVs0pJs4gXUdrOTWwmSQwpR4R8b%2Bfr%2FH4LHs1tbkFvGg39r4%2BKQUGadWUqv%2BgOouEMTUuucPZMBXhyulIXQBFaujCgRhlRw3LhXFvxWpOKhvJTd3K7Ug486iGmC6G0aPBGZfH4M3uBtSxa%2BcElRJwYg9NbUInQ2SXUQ%3D%3D","environmentVariables":{"FIREBASE_CONFIG":"{\"projectId\":\"end-of-time-94cd3\",\"storageBucket\":\"end-of-time-94cd3.firebasestorage.app\"}","GCLOUD_PROJECT":"end-of-time-94cd3","EVENTARC_CLOUD_EVENT_SOURCE":"projects/end-of-time-94cd3/locations/us-central1/functions/sendEmailNotification"},"runtime":"nodejs18","buildId":"6a11c8b4-d822-4a34-b527-25d93a666143","buildEnvironmentVariables":{"GOOGLE_NODE_RUN_SCRIPTS":""},"buildName":"projects/628602476853/locations/us-central1/builds/6a11c8b4-d822-4a34-b527-25d93a666143","dockerRegistry":"ARTIFACT_REGISTRY","automaticUpdatePolicy":{},"buildServiceAccount":"projects/end-of-time-94cd3/serviceAccounts/628602476853-compute@developer.gserviceaccount.com"},"versionId":"3","updateTime":"2025-10-01T21:31:23Z","buildId":"f38b0e97-377e-4d76-86d8-7198094f3ee3","buildName":"projects/628602476853/locations/us-central1/builds/f38b0e97-377e-4d76-86d8-7198094f3ee3"}}
[debug] [2025-10-01T21:32:03.959Z] [update-default-us-central1-sendEmailNotification] Retrying task index 0
[debug] [2025-10-01T21:32:03.960Z] Checked if tokens are valid: true, expires at: 1759356586532
[debug] [2025-10-01T21:32:03.960Z] Checked if tokens are valid: true, expires at: 1759356586532
[debug] [2025-10-01T21:32:03.960Z] >>> [apiv2][query] GET https://cloudfunctions.googleapis.com/v1/operations/ZW5kLW9mLXRpbWUtOTRjZDMvdXMtY2VudHJhbDEvc2VuZEVtYWlsTm90aWZpY2F0aW9uL3RPeTM0NW8yYjhn [none]
[debug] [2025-10-01T21:32:04.477Z] <<< [apiv2][status] GET https://cloudfunctions.googleapis.com/v1/operations/ZW5kLW9mLXRpbWUtOTRjZDMvdXMtY2VudHJhbDEvc2VuZEVtYWlsTm90aWZpY2F0aW9uL3RPeTM0NW8yYjhn 200
[debug] [2025-10-01T21:32:04.477Z] <<< [apiv2][body] GET https://cloudfunctions.googleapis.com/v1/operations/ZW5kLW9mLXRpbWUtOTRjZDMvdXMtY2VudHJhbDEvc2VuZEVtYWlsTm90aWZpY2F0aW9uL3RPeTM0NW8yYjhn {"name":"operations/ZW5kLW9mLXRpbWUtOTRjZDMvdXMtY2VudHJhbDEvc2VuZEVtYWlsTm90aWZpY2F0aW9uL3RPeTM0NW8yYjhn","metadata":{"@type":"type.googleapis.com/google.cloud.functions.v1.OperationMetadataV1","target":"projects/end-of-time-94cd3/locations/us-central1/functions/sendEmailNotification","type":"UPDATE_FUNCTION","request":{"@type":"type.googleapis.com/google.cloud.functions.v1.CloudFunction","name":"projects/end-of-time-94cd3/locations/us-central1/functions/sendEmailNotification","eventTrigger":{"eventType":"providers/cloud.firestore/eventTypes/document.create","resource":"projects/end-of-time-94cd3/databases/(default)/documents/emailQueue/{docId}","service":"firestore.googleapis.com"},"status":"ACTIVE","entryPoint":"sendEmailNotification","updateTime":"2025-10-01T21:29:08.717Z","versionId":"2","labels":{"deployment-tool":"cli-firebase","firebase-functions-hash":"56459c082568d9e4c02cc6fd38b507b74213262a"},"sourceUploadUrl":"https://storage.googleapis.com/uploads-942337535895.us-central1.cloudfunctions.appspot.com/ba51e8ff-e52f-49c2-977d-15557c9a4bae.zip?GoogleAccessId=service-628602476853@gcf-admin-robot.iam.gserviceaccount.com&Expires=1759356078&Signature=Zgs%2FQ2HDO3dnnHLKeDdr%2FG2u60nFOuqqHtc0SsUE2hhebS77SEXuyRPBiDBf87Fzo8sPxKPzNnfOj4nC7HBPUtBuTDUoC8Mt1L4XD62ubgdc%2By3Kd580zaZMk3AYfvKPFJ0SjzyhzAeX3WtyACqwTChz2xJtykGW530CMDYrwxOfQjo7qcpqVs0pJs4gXUdrOTWwmSQwpR4R8b%2Bfr%2FH4LHs1tbkFvGg39r4%2BKQUGadWUqv%2BgOouEMTUuucPZMBXhyulIXQBFaujCgRhlRw3LhXFvxWpOKhvJTd3K7Ug486iGmC6G0aPBGZfH4M3uBtSxa%2BcElRJwYg9NbUInQ2SXUQ%3D%3D","environmentVariables":{"FIREBASE_CONFIG":"{\"projectId\":\"end-of-time-94cd3\",\"storageBucket\":\"end-of-time-94cd3.firebasestorage.app\"}","GCLOUD_PROJECT":"end-of-time-94cd3","EVENTARC_CLOUD_EVENT_SOURCE":"projects/end-of-time-94cd3/locations/us-central1/functions/sendEmailNotification"},"runtime":"nodejs18","buildId":"6a11c8b4-d822-4a34-b527-25d93a666143","buildEnvironmentVariables":{"GOOGLE_NODE_RUN_SCRIPTS":""},"buildName":"projects/628602476853/locations/us-central1/builds/6a11c8b4-d822-4a34-b527-25d93a666143","dockerRegistry":"ARTIFACT_REGISTRY","automaticUpdatePolicy":{},"buildServiceAccount":"projects/end-of-time-94cd3/serviceAccounts/628602476853-compute@developer.gserviceaccount.com"},"versionId":"3","updateTime":"2025-10-01T21:31:23Z","buildId":"f38b0e97-377e-4d76-86d8-7198094f3ee3","sourceToken":"cd392702-00a7-41f4-bc36-987df0ae18ae","buildName":"projects/628602476853/locations/us-central1/builds/f38b0e97-377e-4d76-86d8-7198094f3ee3"}}
[debug] [2025-10-01T21:32:04.477Z] Got source token cd392702-00a7-41f4-bc36-987df0ae18ae for region us-central1
[debug] [2025-10-01T21:32:14.489Z] [update-default-us-central1-sendEmailNotification] Retrying task index 0
[debug] [2025-10-01T21:32:14.489Z] Checked if tokens are valid: true, expires at: 1759356586532
[debug] [2025-10-01T21:32:14.489Z] Checked if tokens are valid: true, expires at: 1759356586532
[debug] [2025-10-01T21:32:14.489Z] >>> [apiv2][query] GET https://cloudfunctions.googleapis.com/v1/operations/ZW5kLW9mLXRpbWUtOTRjZDMvdXMtY2VudHJhbDEvc2VuZEVtYWlsTm90aWZpY2F0aW9uL3RPeTM0NW8yYjhn [none]
[debug] [2025-10-01T21:32:15.010Z] <<< [apiv2][status] GET https://cloudfunctions.googleapis.com/v1/operations/ZW5kLW9mLXRpbWUtOTRjZDMvdXMtY2VudHJhbDEvc2VuZEVtYWlsTm90aWZpY2F0aW9uL3RPeTM0NW8yYjhn 200
[debug] [2025-10-01T21:32:15.010Z] <<< [apiv2][body] GET https://cloudfunctions.googleapis.com/v1/operations/ZW5kLW9mLXRpbWUtOTRjZDMvdXMtY2VudHJhbDEvc2VuZEVtYWlsTm90aWZpY2F0aW9uL3RPeTM0NW8yYjhn {"name":"operations/ZW5kLW9mLXRpbWUtOTRjZDMvdXMtY2VudHJhbDEvc2VuZEVtYWlsTm90aWZpY2F0aW9uL3RPeTM0NW8yYjhn","metadata":{"@type":"type.googleapis.com/google.cloud.functions.v1.OperationMetadataV1","target":"projects/end-of-time-94cd3/locations/us-central1/functions/sendEmailNotification","type":"UPDATE_FUNCTION","request":{"@type":"type.googleapis.com/google.cloud.functions.v1.CloudFunction","name":"projects/end-of-time-94cd3/locations/us-central1/functions/sendEmailNotification","eventTrigger":{"eventType":"providers/cloud.firestore/eventTypes/document.create","resource":"projects/end-of-time-94cd3/databases/(default)/documents/emailQueue/{docId}","service":"firestore.googleapis.com"},"status":"ACTIVE","entryPoint":"sendEmailNotification","updateTime":"2025-10-01T21:29:08.717Z","versionId":"2","labels":{"deployment-tool":"cli-firebase","firebase-functions-hash":"56459c082568d9e4c02cc6fd38b507b74213262a"},"sourceUploadUrl":"https://storage.googleapis.com/uploads-942337535895.us-central1.cloudfunctions.appspot.com/ba51e8ff-e52f-49c2-977d-15557c9a4bae.zip?GoogleAccessId=service-628602476853@gcf-admin-robot.iam.gserviceaccount.com&Expires=1759356078&Signature=Zgs%2FQ2HDO3dnnHLKeDdr%2FG2u60nFOuqqHtc0SsUE2hhebS77SEXuyRPBiDBf87Fzo8sPxKPzNnfOj4nC7HBPUtBuTDUoC8Mt1L4XD62ubgdc%2By3Kd580zaZMk3AYfvKPFJ0SjzyhzAeX3WtyACqwTChz2xJtykGW530CMDYrwxOfQjo7qcpqVs0pJs4gXUdrOTWwmSQwpR4R8b%2Bfr%2FH4LHs1tbkFvGg39r4%2BKQUGadWUqv%2BgOouEMTUuucPZMBXhyulIXQBFaujCgRhlRw3LhXFvxWpOKhvJTd3K7Ug486iGmC6G0aPBGZfH4M3uBtSxa%2BcElRJwYg9NbUInQ2SXUQ%3D%3D","environmentVariables":{"FIREBASE_CONFIG":"{\"projectId\":\"end-of-time-94cd3\",\"storageBucket\":\"end-of-time-94cd3.firebasestorage.app\"}","GCLOUD_PROJECT":"end-of-time-94cd3","EVENTARC_CLOUD_EVENT_SOURCE":"projects/end-of-time-94cd3/locations/us-central1/functions/sendEmailNotification"},"runtime":"nodejs18","buildId":"6a11c8b4-d822-4a34-b527-25d93a666143","buildEnvironmentVariables":{"GOOGLE_NODE_RUN_SCRIPTS":""},"buildName":"projects/628602476853/locations/us-central1/builds/6a11c8b4-d822-4a34-b527-25d93a666143","dockerRegistry":"ARTIFACT_REGISTRY","automaticUpdatePolicy":{},"buildServiceAccount":"projects/end-of-time-94cd3/serviceAccounts/628602476853-compute@developer.gserviceaccount.com"},"versionId":"3","updateTime":"2025-10-01T21:31:23Z","buildId":"f38b0e97-377e-4d76-86d8-7198094f3ee3","sourceToken":"cd392702-00a7-41f4-bc36-987df0ae18ae","buildName":"projects/628602476853/locations/us-central1/builds/f38b0e97-377e-4d76-86d8-7198094f3ee3"}}
[debug] [2025-10-01T21:32:15.010Z] Got source token cd392702-00a7-41f4-bc36-987df0ae18ae for region us-central1
[debug] [2025-10-01T21:32:25.011Z] [update-default-us-central1-sendEmailNotification] Retrying task index 0
[debug] [2025-10-01T21:32:25.011Z] Checked if tokens are valid: true, expires at: 1759356586532
[debug] [2025-10-01T21:32:25.011Z] Checked if tokens are valid: true, expires at: 1759356586532
[debug] [2025-10-01T21:32:25.011Z] >>> [apiv2][query] GET https://cloudfunctions.googleapis.com/v1/operations/ZW5kLW9mLXRpbWUtOTRjZDMvdXMtY2VudHJhbDEvc2VuZEVtYWlsTm90aWZpY2F0aW9uL3RPeTM0NW8yYjhn [none]
[debug] [2025-10-01T21:32:25.727Z] <<< [apiv2][status] GET https://cloudfunctions.googleapis.com/v1/operations/ZW5kLW9mLXRpbWUtOTRjZDMvdXMtY2VudHJhbDEvc2VuZEVtYWlsTm90aWZpY2F0aW9uL3RPeTM0NW8yYjhn 200
[debug] [2025-10-01T21:32:25.727Z] <<< [apiv2][body] GET https://cloudfunctions.googleapis.com/v1/operations/ZW5kLW9mLXRpbWUtOTRjZDMvdXMtY2VudHJhbDEvc2VuZEVtYWlsTm90aWZpY2F0aW9uL3RPeTM0NW8yYjhn {"name":"operations/ZW5kLW9mLXRpbWUtOTRjZDMvdXMtY2VudHJhbDEvc2VuZEVtYWlsTm90aWZpY2F0aW9uL3RPeTM0NW8yYjhn","metadata":{"@type":"type.googleapis.com/google.cloud.functions.v1.OperationMetadataV1","target":"projects/end-of-time-94cd3/locations/us-central1/functions/sendEmailNotification","type":"UPDATE_FUNCTION","request":{"@type":"type.googleapis.com/google.cloud.functions.v1.CloudFunction","name":"projects/end-of-time-94cd3/locations/us-central1/functions/sendEmailNotification","eventTrigger":{"eventType":"providers/cloud.firestore/eventTypes/document.create","resource":"projects/end-of-time-94cd3/databases/(default)/documents/emailQueue/{docId}","service":"firestore.googleapis.com"},"status":"ACTIVE","entryPoint":"sendEmailNotification","updateTime":"2025-10-01T21:29:08.717Z","versionId":"2","labels":{"deployment-tool":"cli-firebase","firebase-functions-hash":"56459c082568d9e4c02cc6fd38b507b74213262a"},"sourceUploadUrl":"https://storage.googleapis.com/uploads-942337535895.us-central1.cloudfunctions.appspot.com/ba51e8ff-e52f-49c2-977d-15557c9a4bae.zip?GoogleAccessId=service-628602476853@gcf-admin-robot.iam.gserviceaccount.com&Expires=1759356078&Signature=Zgs%2FQ2HDO3dnnHLKeDdr%2FG2u60nFOuqqHtc0SsUE2hhebS77SEXuyRPBiDBf87Fzo8sPxKPzNnfOj4nC7HBPUtBuTDUoC8Mt1L4XD62ubgdc%2By3Kd580zaZMk3AYfvKPFJ0SjzyhzAeX3WtyACqwTChz2xJtykGW530CMDYrwxOfQjo7qcpqVs0pJs4gXUdrOTWwmSQwpR4R8b%2Bfr%2FH4LHs1tbkFvGg39r4%2BKQUGadWUqv%2BgOouEMTUuucPZMBXhyulIXQBFaujCgRhlRw3LhXFvxWpOKhvJTd3K7Ug486iGmC6G0aPBGZfH4M3uBtSxa%2BcElRJwYg9NbUInQ2SXUQ%3D%3D","environmentVariables":{"FIREBASE_CONFIG":"{\"projectId\":\"end-of-time-94cd3\",\"storageBucket\":\"end-of-time-94cd3.firebasestorage.app\"}","GCLOUD_PROJECT":"end-of-time-94cd3","EVENTARC_CLOUD_EVENT_SOURCE":"projects/end-of-time-94cd3/locations/us-central1/functions/sendEmailNotification"},"runtime":"nodejs18","buildId":"6a11c8b4-d822-4a34-b527-25d93a666143","buildEnvironmentVariables":{"GOOGLE_NODE_RUN_SCRIPTS":""},"buildName":"projects/628602476853/locations/us-central1/builds/6a11c8b4-d822-4a34-b527-25d93a666143","dockerRegistry":"ARTIFACT_REGISTRY","automaticUpdatePolicy":{},"buildServiceAccount":"projects/end-of-time-94cd3/serviceAccounts/628602476853-compute@developer.gserviceaccount.com"},"versionId":"3","updateTime":"2025-10-01T21:32:22Z","buildId":"f38b0e97-377e-4d76-86d8-7198094f3ee3","sourceToken":"cd392702-00a7-41f4-bc36-987df0ae18ae","buildName":"projects/628602476853/locations/us-central1/builds/f38b0e97-377e-4d76-86d8-7198094f3ee3"},"done":true,"response":{"@type":"type.googleapis.com/google.cloud.functions.v1.CloudFunction","name":"projects/end-of-time-94cd3/locations/us-central1/functions/sendEmailNotification","eventTrigger":{"eventType":"providers/cloud.firestore/eventTypes/document.create","resource":"projects/end-of-time-94cd3/databases/(default)/documents/emailQueue/{docId}","service":"firestore.googleapis.com","failurePolicy":{}},"status":"ACTIVE","entryPoint":"sendEmailNotification","timeout":"60s","availableMemoryMb":256,"serviceAccountEmail":"end-of-time-94cd3@appspot.gserviceaccount.com","updateTime":"2025-10-01T21:32:22.269Z","versionId":"3","labels":{"deployment-tool":"cli-firebase","firebase-functions-hash":"56459c082568d9e4c02cc6fd38b507b74213262a"},"sourceUploadUrl":"https://storage.googleapis.com/uploads-942337535895.us-central1.cloudfunctions.appspot.com/ba51e8ff-e52f-49c2-977d-15557c9a4bae.zip","environmentVariables":{"FIREBASE_CONFIG":"{\"projectId\":\"end-of-time-94cd3\",\"storageBucket\":\"end-of-time-94cd3.firebasestorage.app\"}","GCLOUD_PROJECT":"end-of-time-94cd3","EVENTARC_CLOUD_EVENT_SOURCE":"projects/end-of-time-94cd3/locations/us-central1/functions/sendEmailNotification"},"runtime":"nodejs18","maxInstances":3000,"ingressSettings":"ALLOW_ALL","buildId":"f38b0e97-377e-4d76-86d8-7198094f3ee3","buildEnvironmentVariables":{"GOOGLE_NODE_RUN_SCRIPTS":""},"buildName":"projects/628602476853/locations/us-central1/builds/f38b0e97-377e-4d76-86d8-7198094f3ee3","dockerRegistry":"ARTIFACT_REGISTRY","automaticUpdatePolicy":{},"buildServiceAccount":"projects/end-of-time-94cd3/serviceAccounts/628602476853-compute@developer.gserviceaccount.com"}}
[debug] [2025-10-01T21:32:25.727Z] Got source token cd392702-00a7-41f4-bc36-987df0ae18ae for region us-central1
[info] +  functions[sendEmailNotification(us-central1)] Successful update operation. 
[debug] [2025-10-01T21:32:25.732Z] Total Function Deployment time: 60617
[debug] [2025-10-01T21:32:25.732Z] 1 Functions Deployed
[debug] [2025-10-01T21:32:25.732Z] 0 Functions Errored
[debug] [2025-10-01T21:32:25.732Z] 0 Function Deployments Aborted
[debug] [2025-10-01T21:32:25.732Z] Average Function Deployment time: 60616
[debug] [2025-10-01T21:32:26.107Z] Checked if tokens are valid: true, expires at: 1759356586532
[debug] [2025-10-01T21:32:26.108Z] Checked if tokens are valid: true, expires at: 1759356586532
[debug] [2025-10-01T21:32:26.108Z] >>> [apiv2][query] GET https://artifactregistry.googleapis.com/v1/projects/end-of-time-94cd3/locations/us-central1/repositories/gcf-artifacts [none]
[debug] [2025-10-01T21:32:27.157Z] <<< [apiv2][status] GET https://artifactregistry.googleapis.com/v1/projects/end-of-time-94cd3/locations/us-central1/repositories/gcf-artifacts 200
[debug] [2025-10-01T21:32:27.157Z] <<< [apiv2][body] GET https://artifactregistry.googleapis.com/v1/projects/end-of-time-94cd3/locations/us-central1/repositories/gcf-artifacts {"name":"projects/end-of-time-94cd3/locations/us-central1/repositories/gcf-artifacts","format":"DOCKER","description":"This repository is created and used by Cloud Functions for storing function docker images.","labels":{"goog-managed-by":"cloudfunctions"},"createTime":"2025-08-12T15:11:38.287758Z","updateTime":"2025-10-01T21:32:22.407755Z","mode":"STANDARD_REPOSITORY","cleanupPolicies":{"firebase-functions-cleanup":{"id":"firebase-functions-cleanup","action":"DELETE","condition":{"tagState":"ANY","olderThan":"86400s"}}},"sizeBytes":"1163802116","vulnerabilityScanningConfig":{"lastEnableTime":"2025-08-12T15:11:22.961152282Z","enablementState":"SCANNING_DISABLED","enablementStateReason":"API containerscanning.googleapis.com is not enabled."},"satisfiesPzi":true,"registryUri":"us-central1-docker.pkg.dev/end-of-time-94cd3/gcf-artifacts"}
[debug] [2025-10-01T21:32:27.158Z] [
  {
    "config": {
      "public": ".",
      "ignore": [
        "firebase.json",
        "**/.*",
        "**/node_modules/**"
      ],
      "site": "end-of-time-94cd3"
    },
    "version": "projects/628602476853/sites/end-of-time-94cd3/versions/930a89403a9b11cf"
  }
]
[info] i  hosting[end-of-time-94cd3]: finalizing version... 
[debug] [2025-10-01T21:32:27.159Z] Checked if tokens are valid: true, expires at: 1759356586532
[debug] [2025-10-01T21:32:27.159Z] Checked if tokens are valid: true, expires at: 1759356586532
[debug] [2025-10-01T21:32:27.159Z] >>> [apiv2][query] PATCH https://firebasehosting.googleapis.com/v1beta1/projects/-/sites/end-of-time-94cd3/versions/930a89403a9b11cf updateMask=status%2Cconfig
[debug] [2025-10-01T21:32:27.159Z] >>> [apiv2][body] PATCH https://firebasehosting.googleapis.com/v1beta1/projects/-/sites/end-of-time-94cd3/versions/930a89403a9b11cf {"status":"FINALIZED","config":{}}
[debug] [2025-10-01T21:32:28.900Z] <<< [apiv2][status] PATCH https://firebasehosting.googleapis.com/v1beta1/projects/-/sites/end-of-time-94cd3/versions/930a89403a9b11cf 200
[debug] [2025-10-01T21:32:28.901Z] <<< [apiv2][body] PATCH https://firebasehosting.googleapis.com/v1beta1/projects/-/sites/end-of-time-94cd3/versions/930a89403a9b11cf {"name":"projects/628602476853/sites/end-of-time-94cd3/versions/930a89403a9b11cf","status":"FINALIZED","config":{},"labels":{"deployment-tool":"cli-firebase"},"createTime":"2025-10-01T21:31:14.736824Z","createUser":{"email":"fanelesibonge50@gmail.com"},"finalizeTime":"2025-10-01T21:32:26.363347Z","finalizeUser":{"email":"fanelesibonge50@gmail.com"}}
[debug] [2025-10-01T21:32:28.901Z] [hosting] finalized version for end-of-time-94cd3:[object Object]
[info] +  hosting[end-of-time-94cd3]: version finalized 
[info] i  hosting[end-of-time-94cd3]: releasing new version... 
[debug] [2025-10-01T21:32:28.901Z] Checked if tokens are valid: true, expires at: 1759356586532
[debug] [2025-10-01T21:32:28.901Z] Checked if tokens are valid: true, expires at: 1759356586532
[debug] [2025-10-01T21:32:28.901Z] >>> [apiv2][query] POST https://firebasehosting.googleapis.com/v1beta1/projects/-/sites/end-of-time-94cd3/channels/live/releases versionName=projects%2F628602476853%2Fsites%2Fend-of-time-94cd3%2Fversions%2F930a89403a9b11cf
[debug] [2025-10-01T21:32:28.901Z] >>> [apiv2][body] POST https://firebasehosting.googleapis.com/v1beta1/projects/-/sites/end-of-time-94cd3/channels/live/releases {}
[debug] [2025-10-01T21:32:29.325Z] <<< [apiv2][status] POST https://firebasehosting.googleapis.com/v1beta1/projects/-/sites/end-of-time-94cd3/channels/live/releases 200
[debug] [2025-10-01T21:32:29.325Z] <<< [apiv2][body] POST https://firebasehosting.googleapis.com/v1beta1/projects/-/sites/end-of-time-94cd3/channels/live/releases {"name":"projects/628602476853/sites/end-of-time-94cd3/channels/live/releases/1759354346238000","version":{"name":"projects/628602476853/sites/end-of-time-94cd3/versions/930a89403a9b11cf","status":"FINALIZED","config":{},"labels":{"deployment-tool":"cli-firebase"},"createTime":"2025-10-01T21:31:14.736824Z","createUser":{"email":"fanelesibonge50@gmail.com","imageUrl":"https://lh3.googleusercontent.com/a/ACg8ocJW-mK0VOwsXUK4algPgmQsNIbBvPkc0DVjlz7FcEHPCn_XboI=mo"},"finalizeTime":"2025-10-01T21:32:26.363347Z","finalizeUser":{"email":"fanelesibonge50@gmail.com","imageUrl":"https://lh3.googleusercontent.com/a/ACg8ocJW-mK0VOwsXUK4algPgmQsNIbBvPkc0DVjlz7FcEHPCn_XboI=mo"}},"type":"DEPLOY","releaseTime":"2025-10-01T21:32:26.238Z","releaseUser":{"email":"fanelesibonge50@gmail.com","imageUrl":"https://lh3.googleusercontent.com/a/ACg8ocJW-mK0VOwsXUK4algPgmQsNIbBvPkc0DVjlz7FcEHPCn_XboI=mo"}}
[debug] [2025-10-01T21:32:29.325Z] [hosting] release: {"name":"projects/628602476853/sites/end-of-time-94cd3/channels/live/releases/1759354346238000","version":{"name":"projects/628602476853/sites/end-of-time-94cd3/versions/930a89403a9b11cf","status":"FINALIZED","config":{},"labels":{"deployment-tool":"cli-firebase"},"createTime":"2025-10-01T21:31:14.736824Z","createUser":{"email":"fanelesibonge50@gmail.com","imageUrl":"https://lh3.googleusercontent.com/a/ACg8ocJW-mK0VOwsXUK4algPgmQsNIbBvPkc0DVjlz7FcEHPCn_XboI=mo"},"finalizeTime":"2025-10-01T21:32:26.363347Z","finalizeUser":{"email":"fanelesibonge50@gmail.com","imageUrl":"https://lh3.googleusercontent.com/a/ACg8ocJW-mK0VOwsXUK4algPgmQsNIbBvPkc0DVjlz7FcEHPCn_XboI=mo"}},"type":"DEPLOY","releaseTime":"2025-10-01T21:32:26.238Z","releaseUser":{"email":"fanelesibonge50@gmail.com","imageUrl":"https://lh3.googleusercontent.com/a/ACg8ocJW-mK0VOwsXUK4algPgmQsNIbBvPkc0DVjlz7FcEHPCn_XboI=mo"}}
[info] +  hosting[end-of-time-94cd3]: release complete 
[info] 
[info] +  Deploy complete! 
[info] 
[info] Project Console: https://console.firebase.google.com/project/end-of-time-94cd3/overview
[info] Hosting URL: https://end-of-time-94cd3.web.app
[debug] [2025-10-01T21:46:04.507Z] ----------------------------------------------------------------------
[debug] [2025-10-01T21:46:04.510Z] Command:       C:\Program Files\nodejs\node.exe C:\Users\fanel\AppData\Roaming\npm\node_modules\firebase-tools\lib\bin\firebase.js deploy --only firestore:rules
[debug] [2025-10-01T21:46:04.510Z] CLI Version:   14.12.0
[debug] [2025-10-01T21:46:04.510Z] Platform:      win32
[debug] [2025-10-01T21:46:04.510Z] Node Version:  v24.5.0
[debug] [2025-10-01T21:46:04.510Z] Time:          Wed Oct 01 2025 23:46:04 GMT+0200 (South Africa Standard Time)
[debug] [2025-10-01T21:46:04.510Z] ----------------------------------------------------------------------
[debug] 
[debug] [2025-10-01T21:46:04.681Z] > command requires scopes: ["email","openid","https://www.googleapis.com/auth/cloudplatformprojects.readonly","https://www.googleapis.com/auth/firebase","https://www.googleapis.com/auth/cloud-platform"]
[debug] [2025-10-01T21:46:04.682Z] > authorizing via signed-in user (fanelesibonge50@gmail.com)
[debug] [2025-10-01T21:46:04.682Z] [iam] checking project end-of-time-94cd3 for permissions ["datastore.indexes.create","datastore.indexes.delete","datastore.indexes.list","datastore.indexes.update","firebase.projects.get"]
[debug] [2025-10-01T21:46:04.683Z] Checked if tokens are valid: true, expires at: 1759356586532
[debug] [2025-10-01T21:46:04.683Z] Checked if tokens are valid: true, expires at: 1759356586532
[debug] [2025-10-01T21:46:04.684Z] >>> [apiv2][query] POST https://cloudresourcemanager.googleapis.com/v1/projects/end-of-time-94cd3:testIamPermissions [none]
[debug] [2025-10-01T21:46:04.684Z] >>> [apiv2][(partial)header] POST https://cloudresourcemanager.googleapis.com/v1/projects/end-of-time-94cd3:testIamPermissions x-goog-quota-user=projects/end-of-time-94cd3
[debug] [2025-10-01T21:46:04.684Z] >>> [apiv2][body] POST https://cloudresourcemanager.googleapis.com/v1/projects/end-of-time-94cd3:testIamPermissions {"permissions":["datastore.indexes.create","datastore.indexes.delete","datastore.indexes.list","datastore.indexes.update","firebase.projects.get"]}
[debug] [2025-10-01T21:46:06.484Z] <<< [apiv2][status] POST https://cloudresourcemanager.googleapis.com/v1/projects/end-of-time-94cd3:testIamPermissions 200
[debug] [2025-10-01T21:46:06.485Z] <<< [apiv2][body] POST https://cloudresourcemanager.googleapis.com/v1/projects/end-of-time-94cd3:testIamPermissions {"permissions":["datastore.indexes.create","datastore.indexes.delete","datastore.indexes.list","datastore.indexes.update","firebase.projects.get"]}
[info] 
[info] === Deploying to 'end-of-time-94cd3'...
[info] 
[info] i  deploying firestore 
[info] i  firestore: reading indexes from firestore.indexes.json... 
[info] i  cloud.firestore: checking firestore-rules.txt for compilation errors... 
[debug] [2025-10-01T21:46:06.487Z] Checked if tokens are valid: true, expires at: 1759356586532
[debug] [2025-10-01T21:46:06.488Z] Checked if tokens are valid: true, expires at: 1759356586532
[debug] [2025-10-01T21:46:06.488Z] >>> [apiv2][query] POST https://firebaserules.googleapis.com/v1/projects/end-of-time-94cd3:test [none]
[debug] [2025-10-01T21:46:06.488Z] >>> [apiv2][body] POST https://firebaserules.googleapis.com/v1/projects/end-of-time-94cd3:test [omitted]
[debug] [2025-10-01T21:46:07.666Z] <<< [apiv2][status] POST https://firebaserules.googleapis.com/v1/projects/end-of-time-94cd3:test 200
[debug] [2025-10-01T21:46:07.666Z] <<< [apiv2][body] POST https://firebaserules.googleapis.com/v1/projects/end-of-time-94cd3:test {}
[info] +  cloud.firestore: rules file firestore-rules.txt compiled successfully 
[debug] [2025-10-01T21:46:07.667Z] Checked if tokens are valid: true, expires at: 1759356586532
[debug] [2025-10-01T21:46:07.667Z] Checked if tokens are valid: true, expires at: 1759356586532
[debug] [2025-10-01T21:46:07.667Z] >>> [apiv2][query] GET https://firestore.googleapis.com/v1/projects/end-of-time-94cd3/databases/(default) [none]
[debug] [2025-10-01T21:46:08.270Z] <<< [apiv2][status] GET https://firestore.googleapis.com/v1/projects/end-of-time-94cd3/databases/(default) 200
[debug] [2025-10-01T21:46:08.270Z] <<< [apiv2][body] GET https://firestore.googleapis.com/v1/projects/end-of-time-94cd3/databases/(default) {"name":"projects/end-of-time-94cd3/databases/(default)","uid":"6b62c153-99ce-4b69-9b58-9389d65a2b79","createTime":"2025-08-07T13:15:58.421611Z","updateTime":"2025-08-07T13:15:58.421611Z","locationId":"africa-south1","type":"FIRESTORE_NATIVE","concurrencyMode":"PESSIMISTIC","versionRetentionPeriod":"3600s","earliestVersionTime":"2025-10-01T20:46:05.849863Z","appEngineIntegrationMode":"DISABLED","pointInTimeRecoveryEnablement":"POINT_IN_TIME_RECOVERY_DISABLED","deleteProtectionState":"DELETE_PROTECTION_DISABLED","databaseEdition":"STANDARD","freeTier":true,"etag":"IJ7vxt38g5ADMJSOg43NgZAD"}
[debug] [2025-10-01T21:46:08.271Z] Checked if tokens are valid: true, expires at: 1759356586532
[debug] [2025-10-01T21:46:08.271Z] Checked if tokens are valid: true, expires at: 1759356586532
[debug] [2025-10-01T21:46:08.271Z] >>> [apiv2][query] GET https://firebaserules.googleapis.com/v1/projects/end-of-time-94cd3/releases pageSize=10&pageToken=
[debug] [2025-10-01T21:46:09.063Z] <<< [apiv2][status] GET https://firebaserules.googleapis.com/v1/projects/end-of-time-94cd3/releases 200
[debug] [2025-10-01T21:46:09.064Z] <<< [apiv2][body] GET https://firebaserules.googleapis.com/v1/projects/end-of-time-94cd3/releases {"releases":[{"name":"projects/end-of-time-94cd3/releases/cloud.firestore","rulesetName":"projects/end-of-time-94cd3/rulesets/68474669-bfd1-460f-8513-1bd661aba286","createTime":"2025-08-07T13:16:05.983290Z","updateTime":"2025-10-01T21:31:22.565554Z"}]}
[debug] [2025-10-01T21:46:09.064Z] Checked if tokens are valid: true, expires at: 1759356586532
[debug] [2025-10-01T21:46:09.064Z] Checked if tokens are valid: true, expires at: 1759356586532
[debug] [2025-10-01T21:46:09.064Z] >>> [apiv2][query] GET https://firebaserules.googleapis.com/v1/projects/end-of-time-94cd3/rulesets/68474669-bfd1-460f-8513-1bd661aba286 [none]
[debug] [2025-10-01T21:46:09.490Z] <<< [apiv2][status] GET https://firebaserules.googleapis.com/v1/projects/end-of-time-94cd3/rulesets/68474669-bfd1-460f-8513-1bd661aba286 200
[debug] [2025-10-01T21:46:09.490Z] <<< [apiv2][body] GET https://firebaserules.googleapis.com/v1/projects/end-of-time-94cd3/rulesets/68474669-bfd1-460f-8513-1bd661aba286 [omitted]
[info] i  firestore: uploading rules firestore-rules.txt... 
[debug] [2025-10-01T21:46:09.491Z] Checked if tokens are valid: true, expires at: 1759356586532
[debug] [2025-10-01T21:46:09.491Z] Checked if tokens are valid: true, expires at: 1759356586532
[debug] [2025-10-01T21:46:09.491Z] >>> [apiv2][query] POST https://firebaserules.googleapis.com/v1/projects/end-of-time-94cd3/rulesets [none]
[debug] [2025-10-01T21:46:09.491Z] >>> [apiv2][body] POST https://firebaserules.googleapis.com/v1/projects/end-of-time-94cd3/rulesets [omitted]
[debug] [2025-10-01T21:46:10.401Z] <<< [apiv2][status] POST https://firebaserules.googleapis.com/v1/projects/end-of-time-94cd3/rulesets 200
[debug] [2025-10-01T21:46:10.401Z] <<< [apiv2][body] POST https://firebaserules.googleapis.com/v1/projects/end-of-time-94cd3/rulesets {"name":"projects/end-of-time-94cd3/rulesets/5eab822f-52cc-43ca-92c6-e09acef7b6fa","source":{"files":[{"content":"rules_version = '2';\nservice cloud.firestore {\n  match /databases/{database}/documents {\n    // ============================================\n    // GAME COLLECTIONS (Used by trivia game)\n    // ============================================\n\n    // Leaderboard collection rules\n    match /leaderboard/{userId} {\n      // Anyone can read leaderboard entries (for displaying the leaderboard)\n      allow read: if true;\n\n      // Users can only write to their own document (for submitting their own scores)\n      allow write: if request.auth != null && request.auth.uid == userId;\n    }\n\n    // ============================================\n    // FIREBASE FUNCTIONS COLLECTIONS\n    // (Used by server-side Cloud Functions only - not accessed by game client)\n    // ============================================\n    // Note: The following collections are managed by Cloud Functions for the\n    // \"End of Time Prayer Network\" feature. If you're not using that feature,\n    // you can safely remove these rules.\n\n    // Global rule for collectionGroup queries on 'interactions'\n    match /{path=**}/interactions/{interactionId} {\n      allow read: if true;\n    }\n\n    // Prayers collection\n    match /prayers/{prayerId} {\n      allow read: if true;\n      allow create: if request.auth != null;\n      allow update, delete: if request.auth != null && request.auth.uid == resource.data.userId;\n    }\n\n    // Interactions subcollection\n    match /prayers/{prayerId}/interactions/{interactionId} {\n      allow read: if true;\n      allow create: if true;\n      allow update, delete: if request.auth != null && request.auth.uid == resource.data.userId;\n    }\n\n    // Notifications\n    match /notifications/{notificationId} {\n      allow read: if request.auth != null && request.auth.uid == resource.data.userId;\n      allow create: if true;\n      allow update, delete: if request.auth != null && request.auth.uid == resource.data.userId;\n    }\n\n    // User profiles\n    match /users/{userId} {\n      allow read, write: if request.auth != null && request.auth.uid == userId;\n    }\n\n    // Test collection for validation (optional - can be removed in production)\n    match /test/{document} {\n      allow read: if true;\n      allow write: if request.auth != null;\n    }\n  }\n} ","name":"firestore-rules.txt"}]},"createTime":"2025-10-01T21:46:07.827711Z","metadata":{"services":["cloud.firestore"]}}
[debug] [2025-10-01T21:46:10.401Z] [rules] created ruleset projects/end-of-time-94cd3/rulesets/5eab822f-52cc-43ca-92c6-e09acef7b6fa
[debug] [2025-10-01T21:46:10.402Z] [rules] releasing cloud.firestore/(default) with ruleset projects/end-of-time-94cd3/rulesets/5eab822f-52cc-43ca-92c6-e09acef7b6fa
[debug] [2025-10-01T21:46:10.402Z] Checked if tokens are valid: true, expires at: 1759356586532
[debug] [2025-10-01T21:46:10.402Z] Checked if tokens are valid: true, expires at: 1759356586532
[debug] [2025-10-01T21:46:10.402Z] >>> [apiv2][query] PATCH https://firebaserules.googleapis.com/v1/projects/end-of-time-94cd3/releases/cloud.firestore/(default) [none]
[debug] [2025-10-01T21:46:10.402Z] >>> [apiv2][body] PATCH https://firebaserules.googleapis.com/v1/projects/end-of-time-94cd3/releases/cloud.firestore/(default) {"release":{"name":"projects/end-of-time-94cd3/releases/cloud.firestore/(default)","rulesetName":"projects/end-of-time-94cd3/rulesets/5eab822f-52cc-43ca-92c6-e09acef7b6fa"}}
[debug] [2025-10-01T21:46:11.375Z] <<< [apiv2][status] PATCH https://firebaserules.googleapis.com/v1/projects/end-of-time-94cd3/releases/cloud.firestore/(default) 200
[debug] [2025-10-01T21:46:11.376Z] <<< [apiv2][body] PATCH https://firebaserules.googleapis.com/v1/projects/end-of-time-94cd3/releases/cloud.firestore/(default) {"name":"projects/end-of-time-94cd3/releases/cloud.firestore","rulesetName":"projects/end-of-time-94cd3/rulesets/5eab822f-52cc-43ca-92c6-e09acef7b6fa","createTime":"2025-08-07T13:16:05.983290Z","updateTime":"2025-10-01T21:46:08.800953Z"}
[debug] [2025-10-01T21:46:11.376Z] [rules] updated release projects/end-of-time-94cd3/releases/cloud.firestore
[info] +  firestore: released rules firestore-rules.txt to cloud.firestore 
[info] 
[info] +  Deploy complete! 
[info] 
[info] Project Console: https://console.firebase.google.com/project/end-of-time-94cd3/overview
[debug] [2025-10-01T21:50:05.454Z] ----------------------------------------------------------------------
[debug] [2025-10-01T21:50:05.457Z] Command:       C:\Program Files\nodejs\node.exe C:\Users\fanel\AppData\Roaming\npm\node_modules\firebase-tools\lib\bin\firebase.js deploy --only hosting
[debug] [2025-10-01T21:50:05.457Z] CLI Version:   14.12.0
[debug] [2025-10-01T21:50:05.457Z] Platform:      win32
[debug] [2025-10-01T21:50:05.457Z] Node Version:  v24.5.0
[debug] [2025-10-01T21:50:05.458Z] Time:          Wed Oct 01 2025 23:50:05 GMT+0200 (South Africa Standard Time)
[debug] [2025-10-01T21:50:05.458Z] ----------------------------------------------------------------------
[debug] 
[debug] [2025-10-01T21:50:05.653Z] > command requires scopes: ["email","openid","https://www.googleapis.com/auth/cloudplatformprojects.readonly","https://www.googleapis.com/auth/firebase","https://www.googleapis.com/auth/cloud-platform"]
[debug] [2025-10-01T21:50:05.654Z] > authorizing via signed-in user (fanelesibonge50@gmail.com)
[debug] [2025-10-01T21:50:05.654Z] [iam] checking project end-of-time-94cd3 for permissions ["firebase.projects.get","firebasehosting.sites.update"]
[debug] [2025-10-01T21:50:05.655Z] Checked if tokens are valid: true, expires at: 1759356586532
[debug] [2025-10-01T21:50:05.655Z] Checked if tokens are valid: true, expires at: 1759356586532
[debug] [2025-10-01T21:50:05.656Z] >>> [apiv2][query] POST https://cloudresourcemanager.googleapis.com/v1/projects/end-of-time-94cd3:testIamPermissions [none]
[debug] [2025-10-01T21:50:05.656Z] >>> [apiv2][(partial)header] POST https://cloudresourcemanager.googleapis.com/v1/projects/end-of-time-94cd3:testIamPermissions x-goog-quota-user=projects/end-of-time-94cd3
[debug] [2025-10-01T21:50:05.657Z] >>> [apiv2][body] POST https://cloudresourcemanager.googleapis.com/v1/projects/end-of-time-94cd3:testIamPermissions {"permissions":["firebase.projects.get","firebasehosting.sites.update"]}
[debug] [2025-10-01T21:50:07.327Z] <<< [apiv2][status] POST https://cloudresourcemanager.googleapis.com/v1/projects/end-of-time-94cd3:testIamPermissions 200
[debug] [2025-10-01T21:50:07.327Z] <<< [apiv2][body] POST https://cloudresourcemanager.googleapis.com/v1/projects/end-of-time-94cd3:testIamPermissions {"permissions":["firebase.projects.get","firebasehosting.sites.update"]}
[debug] [2025-10-01T21:50:07.327Z] Checked if tokens are valid: true, expires at: 1759356586532
[debug] [2025-10-01T21:50:07.328Z] Checked if tokens are valid: true, expires at: 1759356586532
[debug] [2025-10-01T21:50:07.328Z] >>> [apiv2][query] GET https://firebase.googleapis.com/v1beta1/projects/end-of-time-94cd3 [none]
[debug] [2025-10-01T21:50:07.876Z] <<< [apiv2][status] GET https://firebase.googleapis.com/v1beta1/projects/end-of-time-94cd3 200
[debug] [2025-10-01T21:50:07.876Z] <<< [apiv2][body] GET https://firebase.googleapis.com/v1beta1/projects/end-of-time-94cd3 {"projectId":"end-of-time-94cd3","projectNumber":"628602476853","displayName":"End of Time","name":"projects/end-of-time-94cd3","resources":{"hostingSite":"end-of-time-94cd3"},"state":"ACTIVE","etag":"1_89cdfba8-2370-4ea1-b19c-81562d064c47"}
[info] 
[info] === Deploying to 'end-of-time-94cd3'...
[info] 
[info] i  deploying hosting 
[debug] [2025-10-01T21:50:07.880Z] Checked if tokens are valid: true, expires at: 1759356586532
[debug] [2025-10-01T21:50:07.880Z] Checked if tokens are valid: true, expires at: 1759356586532
[debug] [2025-10-01T21:50:07.880Z] >>> [apiv2][query] POST https://firebasehosting.googleapis.com/v1beta1/projects/-/sites/end-of-time-94cd3/versions [none]
[debug] [2025-10-01T21:50:07.880Z] >>> [apiv2][body] POST https://firebasehosting.googleapis.com/v1beta1/projects/-/sites/end-of-time-94cd3/versions {"status":"CREATED","labels":{"deployment-tool":"cli-firebase"}}
[debug] [2025-10-01T21:50:10.023Z] <<< [apiv2][status] POST https://firebasehosting.googleapis.com/v1beta1/projects/-/sites/end-of-time-94cd3/versions 200
[debug] [2025-10-01T21:50:10.024Z] <<< [apiv2][body] POST https://firebasehosting.googleapis.com/v1beta1/projects/-/sites/end-of-time-94cd3/versions {"name":"projects/628602476853/sites/end-of-time-94cd3/versions/fc38030fd57eaae6","status":"CREATED","config":{},"labels":{"deployment-tool":"cli-firebase"}}
[info] i  hosting[end-of-time-94cd3]: beginning deploy... 
[info] i  hosting[end-of-time-94cd3]: found 101 files in . 
[debug] [2025-10-01T21:50:10.039Z] [hosting] uploading with 200 concurrency
[debug] [2025-10-01T21:50:10.061Z] Checked if tokens are valid: true, expires at: 1759356586532
[debug] [2025-10-01T21:50:10.061Z] Checked if tokens are valid: true, expires at: 1759356586532
[debug] [2025-10-01T21:50:10.062Z] [hosting] hash cache [] stored for 101 files
[debug] [2025-10-01T21:50:10.062Z] [hosting][hash queue][FINAL] {"max":19,"min":0,"avg":1.2645969064970832,"active":0,"complete":101,"success":101,"errored":0,"retried":0,"total":101,"elapsed":22}
[debug] [2025-10-01T21:50:10.062Z] >>> [apiv2][query] POST https://firebasehosting.googleapis.com/v1beta1/projects/628602476853/sites/end-of-time-94cd3/versions/fc38030fd57eaae6:populateFiles [none]
[debug] [2025-10-01T21:50:10.062Z] >>> [apiv2][body] POST https://firebasehosting.googleapis.com/v1beta1/projects/628602476853/sites/end-of-time-94cd3/versions/fc38030fd57eaae6:populateFiles {"files":{"/WRONG BUZZER 7.wav":"67486f7092540787e54d72b6a2f03e2cf7b7d2a3546f620a6cb7b4e04870d5cc","/Transition.wav":"2237f334e8f5e8bcb3521282d8ab392488b15fee94584b5df7f8933d8bf5512e","/Transition 2.wav":"c1056a8ec267bf1eeccb9f82fcd79bec2c4871de631a2ad0a8aa50f13f1a544b","/ticking_time.wav":"bc86335ca68258da8f73e6fee157556d04731807d16b7f9fc4909cf1e5bbe4a0","/styles.css.backup":"b9afea2d8bf68b3b36c96ce228dfcdd393b744d706bcfd9faadf17c9d1a83e74","/styles.css":"e0997249d2632f51d6ca75b9f49eae3f765d8f0b11119d6adfadcc13686b4ed4","/soundtrack 5.mp3":"2cdcb0310e02965e7c65a16affcc9b160911a1210814e94aefdc325a8fc06485","/soundtrack 4.mp3":"1ee41ab08cccdfc0cf777e58d8df14ae732e1da98d268b1f7026a4ed1bd65f5d","/soundtrack 3.mp3":"965c94818077a858e2f9545b2260a22dcff70a493dfb73ecf163ead33478682b","/soundtrack 2.mp3":"beef4ab3084dedd80bb37a319903f9c5efb83d6d109f1bc7675b348f335baf7b","/soundtrack 1.mp3":"64579bc035754e19c8dfae9d20610105080735f799cfa7a3b8d8b32a21b2ec46","/service-worker.js":"38bf1de714104665c4482e6544e12ed65ffa366acc47a794234fc3ad112fba35","/Semi Impact Risers-001.wav":"959311d4aaca0d1332069c1bea33cec2e19702bfc50256c9e4521c7fcbc0cef1","/script.js.backup":"fc8b7c30db23c2e5b600682b36050e906b49b4e0666a22d70b3850b3766e4615","/Qwen_html_20250810_ttxf0530d.html":"94a5b335039df65a253c26ea84d299c59beef32e0aa849b0bfe24e72bfa83664","/Qwen_html_20220210_ttxf0530d_functions.md":"bcb5d7e752877ab7993f2d8cafb663b308e35fda109dc8f365c75bee5eb2c4bf","/questions.js":"69811adb9b7f45200cb460160bbf662f634af34dc1864ed39c48de58b126de24","/questions-level7.js":"7df7797abe6f31bf558a9a40e8b5f4b472a2d4c45838e2cb6720bd269f2ac240","/questions-level6.js":"5c50cbb6d8917f42b31055e04d498e91d7f28fc883e78d84c5c987ba90f6d166","/questions-level5.js":"39d16c84d78fda012a6faaf4606aa458c1861d94b3b125bfbf0042d631d7cf7c","/questions-level4.js":"b86926d5c127b34c9610b8b580cdb010a2264fb41a380424d23ad411d6746462","/questions-level3.js":"5935c1ecf4ba46ff9afed08c28a9c2c13d502448ae06277afdc26d76df5698f3","/questions-level2.js":"da815a406af0f8c8809ffc2a9a83f5c5e949933a795960d966d7da8bf274cc5f","/questions-level1.js":"ad7d92d89849762c6b6e69f502a761d5b8fbbdeb4d79a5732d9b7f278e8f52b8","/prayer-styles.css":"5149103701b314af3568625fc9256ee3e8af63f397fb44df03cbe4b6bbe89f06","/prayer-dark-theme.css":"18c047c84be1c0084ed844e89040274032f36ebe785c28942a44bf3cacfef1c4","/package.json":"6ad67fe659cc2c63111a1aad1f43e5e88807ed590fb3dedd75cba2d8e0329404","/package-lock.json":"9838b390174601ad6a91169950598b5d8cb531c13bf1a47ba280a9d2be9df510","/network-diagnostics.html":"0f1888671616489e7173cb3f9bfecd7202d72abd79f6052c4d0d3d1c4d478530","/Motionarray_Floraphonic_Gameshow_Buzzer_1.wav":"0e9447856a2b6ed52724165243ff5a9e5896bfec28427edd83040d507ffdae31","/Montserrat-Regular.ttf":"47a08e0557ac247e06ee9cada7f05a4642bd8d0cb167570b9012b0288f3ab4d5","/Montserrat-Light.ttf":"a4d4430519350b6208ed832da8108106da0cd2630f09fd1cd4a626ff6685ed7b","/Montserrat-BoldItalic.ttf":"fbe96cb3090b91cd7d4c098c4f1f27af2779f12ca75bf28daa34fca09586478a","/menu.html":"e5ff11ae7d9774747987700282bddd7db1eed143c8dc1f5233b41cd42cb565a9","/menu-styles.css":"26cbcd2ad27c48e067c5e5e5270817573c57caf1de17281dcbad4def910d97ec","/menu-dark-theme.css":"7498f3f3fa8354f5d63ac28aa4cca486b846694cc3a31ec3db7122205389c300","/manifest.json":"e9ee22f098a7aaa749971dd385bd2ea0dc9990dddbe1b2b517ec519c7c703808","/index.html.backup":"da6a6ad80db17b1f2e01bb4b82693b97adb4d039bbd244e2a3cf7041de758e50","/index.html":"77164e6863a288326b005f51f5be7ff371b1572e424cf98010f86483f000975e","/Incorrect 9.wav":"a9f53e0c70f59aa438460b222b305d36f8e573234a517f4a0e5b3405eed4174e","/Incorrect 8.wav":"9a8bf389a7b93ababc7ac3fd48ad5a58bd662f176044f8ae7cc08c90b42ca619","/Incorrect 7.wav":"a398be6c0afdbcba8b1d0af73bdfdc7842420a472260536cb18ba40d465fe3ab","/Incorrect 6.wav":"da03307e3e468cc85f162878ebc303d905c124b16d590396b6c31f1c1bd7564b","/Incorrect 5.wav":"4e23b25107b8cfdea0854488f72fdcdcbca5c6ff417a853273f0ea16a5fed786","/Incorrect 4.wav":"31a91db231ba02b9dd6c22c45c1b13affe57ea8e3079463a1560365ad6fc610d","/Incorrect 3.wav":"9dbfd45976c694cb6c1c0905a616b1ec8019d61a8906121428471136160ec1d9","/Incorrect 2.wav":"dd5d3358999a8ceaf079b9d711f5a7036ff9bd4261a50879977cb4fc3c5ce7ce","/Incorrect 10.wav":"efd38580dff06407e8e7908c1d30a8c25de91571dc899d51523a24b4d388a094","/Incorrect 1.wav":"c09711bc975650133a13f029a1259e10c308b45592fea0fcf5b4c4e4d5b6a917","/icon-512.png.png":"ff552cd49e545c12de258a61c9aeae91586b7284bc62d1dc458506559e9fc82a","/icon-512.png":"67bc4e55b5124047d16624fd2961c2dd221d609752bc9958295ec5d6ffe3b067","/icon-192.png.png":"5d4a0047663647f338b9d18a1a5f5e73713f6309e9e17a7e369f01e55d6fac83","/icon-192.png":"67bc4e55b5124047d16624fd2961c2dd221d609752bc9958295ec5d6ffe3b067","/firestore.indexes.json":"2ebb5733aa5f724393a8893b05f4dba6cf6950eb7bc2f7b661312e28e5e907bc","/FIREBASE_VERIFICATION_SUMMARY.md":"0c134daf52702ad0285e54d9233e46e71b2b5878f016fba15b99a5b97feb4d48","/FIREBASE_SETUP.md":"cebe074304b3c38fb5264530391344cc40764291d11a54183522e8efd2e5f377","/FIREBASE_CHECKLIST.md":"c1ed4835e59f5a664ee5cf2231995322bd66e10900abe24ff5bedd3b4f45f85d","/firebase-validator.html":"89bef7dbfb1291e9438272abff52cdc35385b8a7dc5abae064de638c04a5e5a7","/firebase-test.html":"7ca205a7912d905677f2b78ac7197406874a237c85f0df1a3efe03f5be18034e","/firebase-messaging-sw.js":"8804e9627fc4875070a872b269d7ff89d68b767faa69b1427708f81e837cc48c","/firebase-config.js":"2246b82eb814a20b4c4dab9b68997eeb58c7f11d797c1e624335ba3e03627597","/Fear God.png":"ff0edaa0bafb9afe5b8ab6b8fd7577f7f55fa934737486c41d44c80c95e7e06a","/favicon.ico":"67bc4e55b5124047d16624fd2961c2dd221d609752bc9958295ec5d6ffe3b067","/explanations.js":"46b50c321b39e89a491b6727a01628c34245605a30beb3e7414c5e01cff90e6e","/End of Time Icon.png":"67bc4e55b5124047d16624fd2961c2dd221d609752bc9958295ec5d6ffe3b067","/dark-theme.css":"19ff7b28a6e97fa81b3b45a1a8dd2dc1d4a877b64f4db5ba7c41d7ebebfd7949","/correct_answer_2.wav":"9b9cc7656fd2dbca0e836a03586f1396db7d9193e825ef00b00c9f1711cbd773","/correct_answer_1.wav":"2fd00b90490fcfc1c1c6f537566bb8192140bff3b682ea50b330938c6704a5c7","/Correct 9.wav":"eb508cb4204fdaec6cf512c57217268812be6fe2f69f9509f7f3846710b6d1f4","/Correct 8.wav":"d8b4b5fbffc52fe4b6830ad27ef77e2b8196b7cbca69f760ad96126ca788f088","/Correct 7.wav":"cd5a1e663d793619786cd25652c67ff4dd5a49c8478ff5e6e9f4ea86b657fa9e","/Correct 6.wav":"623bc7af26994feb591cb83693192ac16ae38184e17fb42cfda52712cfbecfe5","/Correct 5.wav":"a18a2deb80534d680334fa385c4ff40caae1092a4af6034a4fedc50ac6965108","/Correct 4.wav":"01298a72edcbb4d519bf05dbeebe3aa8a0e7af42bb77dc954e3107c49afcc143","/Correct 3.wav":"f897aa430145f697dd56a72506cde4c15b5635a6bbac8262054a4be60e927fdc","/Correct 2.wav":"660d441808b5c88cc9aaad540d8651a990d2a0bf1fe0c77701621596f35e78c3","/Correct 10.wav":"828d5ca9e3921cfa197b7d45f609ab72933ad840859696d874759fb3c275772d","/Correct 1.wav":"96c45268e2e00fad2fcfa1f5f9fcde1cf9a002dbd6a0c4965b0d9758fa0ac9a0","/background.mp4":"9ba3c84cac5931f193b1fe043a3990b004a939a76300723c238e890a6677c481","/background 7.mp4":"afd9560337e923dd91bd10af60498842791ee584bdd3703c0fbd69350a59d9b5","/background 6.mp4":"324c741d93bc32608b64ad51a49e0a2fbd44fd5f72de5d6e125c7bd85bcac228","/background 5.mp4":"2a1e2eef9189c55cb6d95b733ff95a56ba5324a59e4a0155aec22b4320f4914b","/background 3.mp4":"dc4a68d279200b9a60e7f2f362299ba54f60705b35cea2c69712f738286d4653","/background 2.mp4":"9d6662167b3c1c58dd68ad24142ac7d76024ce607b8e7c5d85f9dd7525deb6a9","/background 1.mp4":"a4a77111d58433c30cb2ce403ff4d5fa3855c4e2c8e586b3b25bc3cf62153450","/audio-manager.js":"5ad212cd8a4c7c11c0d44e5c9a626890dad5bb5d36037bcfe35d9773e8840119","/public/index.html":"ad79476ba6e4a2cb4a8f99e19bd004f6dfbe4d695209f30e80bf2818535b8a79","/public/firebase-messaging-sw.js":"7c86940c3ea0b6f726eea52de044bf16aebc6c0618e8e0429eefe2ebc8c07e43","/functions/tsconfig.json":"19541ba5834da151b932a1490482ee1ec7ea3d36f9a364b4b2663b61c08bb4c8","/functions/package.json":"5b58bea224841b44a467365e03a672dd3ac17c8d692951d55a8db6481e6e9fa3","/functions/package-lock.json":"de44b878b02bf9bd5b3549912906f7634eb3aa73bd6550c47c379beb8b0e2e6e","/functions/index.ts":"7cae9fbfd58f1ba96dd9c0cdb20ac88cd59893d31d41e707a80f58bbbd13ad0e","/functions/index.js":"b45e8cfdef813fc661d1febc4a668699dcbad49c65de1d8a6629420b43f809f1","/functions/lib/index.js":"5ab28caf91e2f1f2cab67b726eea3f8a822df5efe2492815336502ab2523700d","/.github/workflows/firebase-hosting-pull-request.yml":"26a08f2452aab0bbfa4871242d349c2841e0bfcafd2cc2b3d5935fb1a6fb86f8","/.github/workflows/firebase-hosting-merge.yml":"161c99c36b7ada6342f98b4d61161a9c63aed4ceddf1f318c00b4d6f78b4a739","/.claude/settings.local.json":"e0d47c03d61b2b0d946902399c4d7574f78040a423fda5eeb59b31bbdacd05ba","/firestore-rules.backup.txt":"86b0d03f6a00fcdd3d8520645c100296613735595b24f81a9a1df335c5ef290f","/firestore-rules.txt":"3febb0b0160c7225df68f93f3b489fba4623b8ba15c10d8be17b30d56dea1b75","/script.js":"cac154bfc8a08b858464db49156db529710f052db4216a6cfc9aae4069843774","/script.backup.js":"311f1ee35bcae58764a2740fad6b7177adef3172495f2485aee2e5e6410e379f"}}
[debug] [2025-10-01T21:50:10.536Z] <<< [apiv2][status] POST https://firebasehosting.googleapis.com/v1beta1/projects/628602476853/sites/end-of-time-94cd3/versions/fc38030fd57eaae6:populateFiles 200
[debug] [2025-10-01T21:50:10.536Z] <<< [apiv2][body] POST https://firebasehosting.googleapis.com/v1beta1/projects/628602476853/sites/end-of-time-94cd3/versions/fc38030fd57eaae6:populateFiles {"uploadRequiredHashes":["cac154bfc8a08b858464db49156db529710f052db4216a6cfc9aae4069843774","3febb0b0160c7225df68f93f3b489fba4623b8ba15c10d8be17b30d56dea1b75"],"uploadUrl":"https://upload-firebasehosting.googleapis.com/upload/sites/end-of-time-94cd3/versions/fc38030fd57eaae6/files"}
[debug] [2025-10-01T21:50:10.536Z] Checked if tokens are valid: true, expires at: 1759356586532
[debug] [2025-10-01T21:50:10.536Z] Checked if tokens are valid: true, expires at: 1759356586532
[debug] [2025-10-01T21:50:10.537Z] Checked if tokens are valid: true, expires at: 1759356586532
[debug] [2025-10-01T21:50:10.537Z] Checked if tokens are valid: true, expires at: 1759356586532
[debug] [2025-10-01T21:50:10.537Z] >>> [apiv2][query] POST https://upload-firebasehosting.googleapis.com/upload/sites/end-of-time-94cd3/versions/fc38030fd57eaae6/files/cac154bfc8a08b858464db49156db529710f052db4216a6cfc9aae4069843774 [none]
[debug] [2025-10-01T21:50:10.537Z] >>> [apiv2][body] POST https://upload-firebasehosting.googleapis.com/upload/sites/end-of-time-94cd3/versions/fc38030fd57eaae6/files/cac154bfc8a08b858464db49156db529710f052db4216a6cfc9aae4069843774 [stream]
[debug] [2025-10-01T21:50:10.538Z] >>> [apiv2][query] POST https://upload-firebasehosting.googleapis.com/upload/sites/end-of-time-94cd3/versions/fc38030fd57eaae6/files/3febb0b0160c7225df68f93f3b489fba4623b8ba15c10d8be17b30d56dea1b75 [none]
[debug] [2025-10-01T21:50:10.538Z] >>> [apiv2][body] POST https://upload-firebasehosting.googleapis.com/upload/sites/end-of-time-94cd3/versions/fc38030fd57eaae6/files/3febb0b0160c7225df68f93f3b489fba4623b8ba15c10d8be17b30d56dea1b75 [stream]
[debug] [2025-10-01T21:50:10.539Z] [hosting][populate queue][FINAL] {"max":476,"min":476,"avg":476,"active":0,"complete":1,"success":1,"errored":0,"retried":0,"total":1,"elapsed":478}
[debug] [2025-10-01T21:50:10.539Z] [hosting] uploads queued: 2
[info] i  hosting: uploading new files [0/2] (0%) 
[debug] [2025-10-01T21:50:12.119Z] <<< [apiv2][status] POST https://upload-firebasehosting.googleapis.com/upload/sites/end-of-time-94cd3/versions/fc38030fd57eaae6/files/3febb0b0160c7225df68f93f3b489fba4623b8ba15c10d8be17b30d56dea1b75 200
[debug] [2025-10-01T21:50:12.120Z] <<< [apiv2][body] POST https://upload-firebasehosting.googleapis.com/upload/sites/end-of-time-94cd3/versions/fc38030fd57eaae6/files/3febb0b0160c7225df68f93f3b489fba4623b8ba15c10d8be17b30d56dea1b75 [stream]
[debug] [2025-10-01T21:50:12.127Z] <<< [apiv2][status] POST https://upload-firebasehosting.googleapis.com/upload/sites/end-of-time-94cd3/versions/fc38030fd57eaae6/files/cac154bfc8a08b858464db49156db529710f052db4216a6cfc9aae4069843774 200
[debug] [2025-10-01T21:50:12.127Z] <<< [apiv2][body] POST https://upload-firebasehosting.googleapis.com/upload/sites/end-of-time-94cd3/versions/fc38030fd57eaae6/files/cac154bfc8a08b858464db49156db529710f052db4216a6cfc9aae4069843774 [stream]
[debug] [2025-10-01T21:50:12.127Z] [hosting][upload queue][FINAL] {"max":1591,"min":1584,"avg":1587.5,"active":0,"complete":2,"success":2,"errored":0,"retried":0,"total":2,"elapsed":1591}
[info] i  hosting: upload complete 
[info] +  hosting[end-of-time-94cd3]: file upload complete 
[debug] [2025-10-01T21:50:12.128Z] [hosting] deploy completed after 2102ms
[debug] [2025-10-01T21:50:12.128Z] [
  {
    "config": {
      "public": ".",
      "ignore": [
        "firebase.json",
        "**/.*",
        "**/node_modules/**"
      ],
      "site": "end-of-time-94cd3"
    },
    "version": "projects/628602476853/sites/end-of-time-94cd3/versions/fc38030fd57eaae6"
  }
]
[info] i  hosting[end-of-time-94cd3]: finalizing version... 
[debug] [2025-10-01T21:50:12.129Z] Checked if tokens are valid: true, expires at: 1759356586532
[debug] [2025-10-01T21:50:12.129Z] Checked if tokens are valid: true, expires at: 1759356586532
[debug] [2025-10-01T21:50:12.129Z] >>> [apiv2][query] PATCH https://firebasehosting.googleapis.com/v1beta1/projects/-/sites/end-of-time-94cd3/versions/fc38030fd57eaae6 updateMask=status%2Cconfig
[debug] [2025-10-01T21:50:12.129Z] >>> [apiv2][body] PATCH https://firebasehosting.googleapis.com/v1beta1/projects/-/sites/end-of-time-94cd3/versions/fc38030fd57eaae6 {"status":"FINALIZED","config":{}}
[debug] [2025-10-01T21:50:12.475Z] <<< [apiv2][status] PATCH https://firebasehosting.googleapis.com/v1beta1/projects/-/sites/end-of-time-94cd3/versions/fc38030fd57eaae6 200
[debug] [2025-10-01T21:50:12.476Z] <<< [apiv2][body] PATCH https://firebasehosting.googleapis.com/v1beta1/projects/-/sites/end-of-time-94cd3/versions/fc38030fd57eaae6 {"name":"projects/628602476853/sites/end-of-time-94cd3/versions/fc38030fd57eaae6","status":"FINALIZED","config":{},"labels":{"deployment-tool":"cli-firebase"},"createTime":"2025-10-01T21:50:07.230117Z","createUser":{"email":"fanelesibonge50@gmail.com"},"finalizeTime":"2025-10-01T21:50:09.907678Z","finalizeUser":{"email":"fanelesibonge50@gmail.com"}}
[debug] [2025-10-01T21:50:12.476Z] [hosting] finalized version for end-of-time-94cd3:[object Object]
[info] +  hosting[end-of-time-94cd3]: version finalized 
[info] i  hosting[end-of-time-94cd3]: releasing new version... 
[debug] [2025-10-01T21:50:12.476Z] Checked if tokens are valid: true, expires at: 1759356586532
[debug] [2025-10-01T21:50:12.476Z] Checked if tokens are valid: true, expires at: 1759356586532
[debug] [2025-10-01T21:50:12.476Z] >>> [apiv2][query] POST https://firebasehosting.googleapis.com/v1beta1/projects/-/sites/end-of-time-94cd3/channels/live/releases versionName=projects%2F628602476853%2Fsites%2Fend-of-time-94cd3%2Fversions%2Ffc38030fd57eaae6
[debug] [2025-10-01T21:50:12.476Z] >>> [apiv2][body] POST https://firebasehosting.googleapis.com/v1beta1/projects/-/sites/end-of-time-94cd3/channels/live/releases {}
[debug] [2025-10-01T21:50:12.939Z] <<< [apiv2][status] POST https://firebasehosting.googleapis.com/v1beta1/projects/-/sites/end-of-time-94cd3/channels/live/releases 200
[debug] [2025-10-01T21:50:12.939Z] <<< [apiv2][body] POST https://firebasehosting.googleapis.com/v1beta1/projects/-/sites/end-of-time-94cd3/channels/live/releases {"name":"projects/628602476853/sites/end-of-time-94cd3/channels/live/releases/1759355409820000","version":{"name":"projects/628602476853/sites/end-of-time-94cd3/versions/fc38030fd57eaae6","status":"FINALIZED","config":{},"labels":{"deployment-tool":"cli-firebase"},"createTime":"2025-10-01T21:50:07.230117Z","createUser":{"email":"fanelesibonge50@gmail.com","imageUrl":"https://lh3.googleusercontent.com/a/ACg8ocJW-mK0VOwsXUK4algPgmQsNIbBvPkc0DVjlz7FcEHPCn_XboI=mo"},"finalizeTime":"2025-10-01T21:50:09.907678Z","finalizeUser":{"email":"fanelesibonge50@gmail.com","imageUrl":"https://lh3.googleusercontent.com/a/ACg8ocJW-mK0VOwsXUK4algPgmQsNIbBvPkc0DVjlz7FcEHPCn_XboI=mo"}},"type":"DEPLOY","releaseTime":"2025-10-01T21:50:09.820Z","releaseUser":{"email":"fanelesibonge50@gmail.com","imageUrl":"https://lh3.googleusercontent.com/a/ACg8ocJW-mK0VOwsXUK4algPgmQsNIbBvPkc0DVjlz7FcEHPCn_XboI=mo"}}
[debug] [2025-10-01T21:50:12.939Z] [hosting] release: {"name":"projects/628602476853/sites/end-of-time-94cd3/channels/live/releases/1759355409820000","version":{"name":"projects/628602476853/sites/end-of-time-94cd3/versions/fc38030fd57eaae6","status":"FINALIZED","config":{},"labels":{"deployment-tool":"cli-firebase"},"createTime":"2025-10-01T21:50:07.230117Z","createUser":{"email":"fanelesibonge50@gmail.com","imageUrl":"https://lh3.googleusercontent.com/a/ACg8ocJW-mK0VOwsXUK4algPgmQsNIbBvPkc0DVjlz7FcEHPCn_XboI=mo"},"finalizeTime":"2025-10-01T21:50:09.907678Z","finalizeUser":{"email":"fanelesibonge50@gmail.com","imageUrl":"https://lh3.googleusercontent.com/a/ACg8ocJW-mK0VOwsXUK4algPgmQsNIbBvPkc0DVjlz7FcEHPCn_XboI=mo"}},"type":"DEPLOY","releaseTime":"2025-10-01T21:50:09.820Z","releaseUser":{"email":"fanelesibonge50@gmail.com","imageUrl":"https://lh3.googleusercontent.com/a/ACg8ocJW-mK0VOwsXUK4algPgmQsNIbBvPkc0DVjlz7FcEHPCn_XboI=mo"}}
[info] +  hosting[end-of-time-94cd3]: release complete 
[info] 
[info] +  Deploy complete! 
[info] 
[info] Project Console: https://console.firebase.google.com/project/end-of-time-94cd3/overview
[info] Hosting URL: https://end-of-time-94cd3.web.app
